date,region,product_id,product_name,channel,units_sold,unit_price,returns_units,returns_value,unit_cost
2026-04-01,North,SKU-101,Aurora Desk Lamp,web,58,42.0,2,84.0,24.0
2026-04-01,North,SKU-101,Aurora Desk Lamp,marketplace,29,42.0,0,0.0,24.0
2026-04-01,North,SKU-101,Aurora Desk Lamp,retail,14,42.0,0,0.0,24.0
2026-04-01,North,SKU-102,Nimbus Bottle,web,95,28.0,3,84.0,11.0
2026-04-01,North,SKU-102,Nimbus Bottle,marketplace,50,28.0,2,56.0,11.0
2026-04-01,North,SKU-102,Nimbus Bottle,retail,26,28.0,1,28.0,11.0
2026-04-01,North,SKU-103,Halo Phone Stand,web,116,19.0,6,114.0,7.5
2026-04-01,North,SKU-103,Halo Phone Stand,marketplace,64,19.0,3,57.0,7.5
2026-04-01,North,SKU-103,Halo Phone Stand,retail,31,19.0,1,19.0,7.5
2026-04-01,North,SKU-104,Drift Yoga Mat,web,27,55.0,2,110.0,26.0
2026-04-01,North,SKU-104,Drift Yoga Mat,marketplace,13,55.0,1,55.0,26.0
2026-04-01,North,SKU-104,Drift Yoga Mat,retail,6,55.0,0,0.0,26.0
2026-04-01,South,SKU-101,Aurora Desk Lamp,web,63,42.0,2,84.0,24.0
2026-04-01,South,SKU-101,Aurora Desk Lamp,marketplace,32,42.0,1,42.0,24.0
2026-04-01,South,SKU-101,Aurora Desk Lamp,retail,16,42.0,0,0.0,24.0
2026-04-01,South,SKU-102,Nimbus Bottle,web,111,28.0,3,84.0,11.0
2026-04-01,South,SKU-102,Nimbus Bottle,marketplace,57,28.0,2,56.0,11.0
2026-04-01,South,SKU-102,Nimbus Bottle,retail,28,28.0,1,28.0,11.0
2026-04-01,South,SKU-103,Halo Phone Stand,web,133,19.0,5,95.0,7.5
2026-04-01,South,SKU-103,Halo Phone Stand,marketplace,80,19.0,3,57.0,7.5
2026-04-01,South,SKU-103,Halo Phone Stand,retail,39,19.0,2,38.0,7.5
2026-04-01,South,SKU-104,Drift Yoga Mat,web,31,55.0,2,110.0,26.0
2026-04-01,South,SKU-104,Drift Yoga Mat,marketplace,16,55.0,1,55.0,26.0
2026-04-01,South,SKU-104,Drift Yoga Mat,retail,7,55.0,0,0.0,26.0
2026-04-01,West,SKU-101,Aurora Desk Lamp,web,40,42.0,1,42.0,24.0
2026-04-01,West,SKU-101,Aurora Desk Lamp,marketplace,21,42.0,0,0.0,24.0
2026-04-01,West,SKU-101,Aurora Desk Lamp,retail,10,42.0,0,0.0,24.0
2026-04-01,West,SKU-102,Nimbus Bottle,web,71,28.0,2,56.0,11.0
2026-04-01,West,SKU-102,Nimbus Bottle,marketplace,37,28.0,1,28.0,11.0
2026-04-01,West,SKU-102,Nimbus Bottle,retail,20,28.0,0,0.0,11.0
2026-04-01,West,SKU-103,Halo Phone Stand,web,90,19.0,2,38.0,7.5
2026-04-01,West,SKU-103,Halo Phone Stand,marketplace,43,19.0,2,38.0,7.5
2026-04-01,West,SKU-103,Halo Phone Stand,retail,21,19.0,0,0.0,7.5
2026-04-01,West,SKU-104,Drift Yoga Mat,web,20,55.0,1,55.0,26.0
2026-04-01,West,SKU-104,Drift Yoga Mat,marketplace,9,55.0,0,0.0,26.0
2026-04-01,West,SKU-104,Drift Yoga Mat,retail,4,55.0,0,0.0,26.0
2026-04-02,North,SKU-101,Aurora Desk Lamp,web,63,42.0,2,84.0,24.0
2026-04-02,North,SKU-101,Aurora Desk Lamp,marketplace,33,42.0,1,42.0,24.0
2026-04-02,North,SKU-101,Aurora Desk Lamp,retail,17,42.0,0,0.0,24.0
2026-04-02,North,SKU-102,Nimbus Bottle,web,108,28.0,4,112.0,11.0
2026-04-02,North,SKU-102,Nimbus Bottle,marketplace,60,28.0,3,84.0,11.0
2026-04-02,North,SKU-102,Nimbus Bottle,retail,30,28.0,0,0.0,11.0
2026-04-02,North,SKU-103,Halo Phone Stand,web,136,19.0,5,95.0,7.5
2026-04-02,North,SKU-103,Halo Phone Stand,marketplace,77,19.0,4,76.0,7.5
2026-04-02,North,SKU-103,Halo Phone Stand,retail,36,19.0,1,19.0,7.5
2026-04-02,North,SKU-104,Drift Yoga Mat,web,30,55.0,1,55.0,26.0
2026-04-02,North,SKU-104,Drift Yoga Mat,marketplace,16,55.0,2,110.0,26.0
2026-04-02,North,SKU-104,Drift Yoga Mat,retail,7,55.0,0,0.0,26.0
2026-04-02,South,SKU-101,Aurora Desk Lamp,web,72,42.0,2,84.0,24.0
2026-04-02,South,SKU-101,Aurora Desk Lamp,marketplace,37,42.0,1,42.0,24.0
2026-04-02,South,SKU-101,Aurora Desk Lamp,retail,18,42.0,0,0.0,24.0
2026-04-02,South,SKU-102,Nimbus Bottle,web,124,28.0,5,140.0,11.0
2026-04-02,South,SKU-102,Nimbus Bottle,marketplace,65,28.0,2,56.0,11.0
2026-04-02,South,SKU-102,Nimbus Bottle,retail,32,28.0,0,0.0,11.0
2026-04-02,South,SKU-103,Halo Phone Stand,web,160,19.0,3,57.0,7.5
2026-04-02,South,SKU-103,Halo Phone Stand,marketplace,74,19.0,4,76.0,7.5
2026-04-02,South,SKU-103,Halo Phone Stand,retail,41,19.0,1,19.0,7.5
2026-04-02,South,SKU-104,Drift Yoga Mat,web,32,55.0,1,55.0,26.0
2026-04-02,South,SKU-104,Drift Yoga Mat,marketplace,17,55.0,1,55.0,26.0
2026-04-02,South,SKU-104,Drift Yoga Mat,retail,8,55.0,0,0.0,26.0
2026-04-02,West,SKU-101,Aurora Desk Lamp,web,45,42.0,1,42.0,24.0
2026-04-02,West,SKU-101,Aurora Desk Lamp,marketplace,25,42.0,0,0.0,24.0
2026-04-02,West,SKU-101,Aurora Desk Lamp,retail,12,42.0,0,0.0,24.0
2026-04-02,West,SKU-102,Nimbus Bottle,web,82,28.0,3,84.0,11.0
2026-04-02,West,SKU-102,Nimbus Bottle,marketplace,38,28.0,1,28.0,11.0
2026-04-02,West,SKU-102,Nimbus Bottle,retail,20,28.0,0,0.0,11.0
2026-04-02,West,SKU-103,Halo Phone Stand,web,102,19.0,7,133.0,7.5
2026-04-02,West,SKU-103,Halo Phone Stand,marketplace,55,19.0,3,57.0,7.5
2026-04-02,West,SKU-103,Halo Phone Stand,retail,26,19.0,1,19.0,7.5
2026-04-02,West,SKU-104,Drift Yoga Mat,web,20,55.0,1,55.0,26.0
2026-04-02,West,SKU-104,Drift Yoga Mat,marketplace,11,55.0,1,55.0,26.0
2026-04-02,West,SKU-104,Drift Yoga Mat,retail,5,55.0,0,0.0,26.0
2026-04-03,North,SKU-101,Aurora Desk Lamp,web,68,42.0,1,42.0,24.0
2026-04-03,North,SKU-101,Aurora Desk Lamp,marketplace,40,42.0,1,42.0,24.0
2026-04-03,North,SKU-101,Aurora Desk Lamp,retail,21,42.0,0,0.0,24.0
2026-04-03,North,SKU-102,Nimbus Bottle,web,126,28.0,3,84.0,11.0
2026-04-03,North,SKU-102,Nimbus Bottle,marketplace,64,28.0,2,56.0,11.0
2026-04-03,North,SKU-102,Nimbus Bottle,retail,31,28.0,0,0.0,11.0
2026-04-03,North,SKU-103,Halo Phone Stand,web,154,19.0,8,152.0,7.5
2026-04-03,North,SKU-103,Halo Phone Stand,marketplace,85,19.0,5,95.0,7.5
2026-04-03,North,SKU-103,Halo Phone Stand,retail,43,19.0,1,19.0,7.5
2026-04-03,North,SKU-104,Drift Yoga Mat,web,34,55.0,2,110.0,26.0
2026-04-03,North,SKU-104,Drift Yoga Mat,marketplace,18,55.0,1,55.0,26.0
2026-04-03,North,SKU-104,Drift Yoga Mat,retail,8,55.0,0,0.0,26.0
2026-04-03,South,SKU-101,Aurora Desk Lamp,web,78,42.0,2,84.0,24.0
2026-04-03,South,SKU-101,Aurora Desk Lamp,marketplace,46,42.0,1,42.0,24.0
2026-04-03,South,SKU-101,Aurora Desk Lamp,retail,23,42.0,0,0.0,24.0
2026-04-03,South,SKU-102,Nimbus Bottle,web,136,28.0,4,112.0,11.0
2026-04-03,South,SKU-102,Nimbus Bottle,marketplace,72,28.0,3,84.0,11.0
2026-04-03,South,SKU-102,Nimbus Bottle,retail,35,28.0,1,28.0,11.0
2026-04-03,South,SKU-103,Halo Phone Stand,web,176,19.0,12,228.0,7.5
2026-04-03,South,SKU-103,Halo Phone Stand,marketplace,102,19.0,5,95.0,7.5
2026-04-03,South,SKU-103,Halo Phone Stand,retail,44,19.0,3,57.0,7.5
2026-04-03,South,SKU-104,Drift Yoga Mat,web,40,55.0,4,220.0,26.0
2026-04-03,South,SKU-104,Drift Yoga Mat,marketplace,20,55.0,1,55.0,26.0
2026-04-03,South,SKU-104,Drift Yoga Mat,retail,10,55.0,0,0.0,26.0
2026-04-03,West,SKU-101,Aurora Desk Lamp,web,50,42.0,2,84.0,24.0
2026-04-03,West,SKU-101,Aurora Desk Lamp,marketplace,28,42.0,0,0.0,24.0
2026-04-03,West,SKU-101,Aurora Desk Lamp,retail,13,42.0,0,0.0,24.0
2026-04-03,West,SKU-102,Nimbus Bottle,web,90,28.0,4,112.0,11.0
2026-04-03,West,SKU-102,Nimbus Bottle,marketplace,47,28.0,1,28.0,11.0
2026-04-03,West,SKU-102,Nimbus Bottle,retail,24,28.0,0,0.0,11.0
2026-04-03,West,SKU-103,Halo Phone Stand,web,110,19.0,5,95.0,7.5
2026-04-03,West,SKU-103,Halo Phone Stand,marketplace,61,19.0,2,38.0,7.5
2026-04-03,West,SKU-103,Halo Phone Stand,retail,32,19.0,1,19.0,7.5
2026-04-03,West,SKU-104,Drift Yoga Mat,web,25,55.0,1,55.0,26.0
2026-04-03,West,SKU-104,Drift Yoga Mat,marketplace,12,55.0,0,0.0,26.0
2026-04-03,West,SKU-104,Drift Yoga Mat,retail,6,55.0,0,0.0,26.0
2026-04-04,North,SKU-101,Aurora Desk Lamp,web,87,42.0,1,42.0,24.0
2026-04-04,North,SKU-101,Aurora Desk Lamp,marketplace,48,42.0,2,84.0,24.0
2026-04-04,North,SKU-101,Aurora Desk Lamp,retail,22,42.0,0,0.0,24.0
2026-04-04,North,SKU-102,Nimbus Bottle,web,148,28.0,8,224.0,11.0
2026-04-04,North,SKU-102,Nimbus Bottle,marketplace,71,28.0,2,56.0,11.0
2026-04-04,North,SKU-102,Nimbus Bottle,retail,42,28.0,2,56.0,11.0
2026-04-04,North,SKU-103,Halo Phone Stand,web,176,19.0,10,190.0,7.5
2026-04-04,North,SKU-103,Halo Phone Stand,marketplace,101,19.0,6,114.0,7.5
2026-04-04,North,SKU-103,Halo Phone Stand,retail,53,19.0,2,38.0,7.5
2026-04-04,North,SKU-104,Drift Yoga Mat,web,40,55.0,2,110.0,26.0
2026-04-04,North,SKU-104,Drift Yoga Mat,marketplace,21,55.0,1,55.0,26.0
2026-04-04,North,SKU-104,Drift Yoga Mat,retail,10,55.0,0,0.0,26.0
2026-04-04,South,SKU-101,Aurora Desk Lamp,web,95,42.0,3,126.0,24.0
2026-04-04,South,SKU-101,Aurora Desk Lamp,marketplace,50,42.0,1,42.0,24.0
2026-04-04,South,SKU-101,Aurora Desk Lamp,retail,26,42.0,0,0.0,24.0
2026-04-04,South,SKU-102,Nimbus Bottle,web,162,28.0,8,224.0,11.0
2026-04-04,South,SKU-102,Nimbus Bottle,marketplace,87,28.0,2,56.0,11.0
2026-04-04,South,SKU-102,Nimbus Bottle,retail,47,28.0,2,56.0,11.0
2026-04-04,South,SKU-103,Halo Phone Stand,web,207,19.0,12,228.0,7.5
2026-04-04,South,SKU-103,Halo Phone Stand,marketplace,108,19.0,6,114.0,7.5
2026-04-04,South,SKU-103,Halo Phone Stand,retail,49,19.0,2,38.0,7.5
2026-04-04,South,SKU-104,Drift Yoga Mat,web,46,55.0,5,275.0,26.0
2026-04-04,South,SKU-104,Drift Yoga Mat,marketplace,24,55.0,3,165.0,26.0
2026-04-04,South,SKU-104,Drift Yoga Mat,retail,12,55.0,1,55.0,26.0
2026-04-04,West,SKU-101,Aurora Desk Lamp,web,62,42.0,1,42.0,24.0
2026-04-04,West,SKU-101,Aurora Desk Lamp,marketplace,31,42.0,1,42.0,24.0
2026-04-04,West,SKU-101,Aurora Desk Lamp,retail,17,42.0,0,0.0,24.0
2026-04-04,West,SKU-102,Nimbus Bottle,web,106,28.0,3,84.0,11.0
2026-04-04,West,SKU-102,Nimbus Bottle,marketplace,57,28.0,1,28.0,11.0
2026-04-04,West,SKU-102,Nimbus Bottle,retail,26,28.0,1,28.0,11.0
2026-04-04,West,SKU-103,Halo Phone Stand,web,134,19.0,5,95.0,7.5
2026-04-04,West,SKU-103,Halo Phone Stand,marketplace,70,19.0,3,57.0,7.5
2026-04-04,West,SKU-103,Halo Phone Stand,retail,36,19.0,3,57.0,7.5
2026-04-04,West,SKU-104,Drift Yoga Mat,web,28,55.0,3,165.0,26.0
2026-04-04,West,SKU-104,Drift Yoga Mat,marketplace,15,55.0,1,55.0,26.0
2026-04-04,West,SKU-104,Drift Yoga Mat,retail,7,55.0,0,0.0,26.0
2026-04-05,North,SKU-101,Aurora Desk Lamp,web,79,42.0,1,42.0,24.0
2026-04-05,North,SKU-101,Aurora Desk Lamp,marketplace,44,42.0,1,42.0,24.0
2026-04-05,North,SKU-101,Aurora Desk Lamp,retail,22,42.0,0,0.0,24.0
2026-04-05,North,SKU-102,Nimbus Bottle,web,140,28.0,4,112.0,11.0
2026-04-05,North,SKU-102,Nimbus Bottle,marketplace,76,28.0,2,56.0,11.0
2026-04-05,North,SKU-102,Nimbus Bottle,retail,35,28.0,1,28.0,11.0
2026-04-05,North,SKU-103,Halo Phone Stand,web,171,19.0,9,171.0,7.5
2026-04-05,North,SKU-103,Halo Phone Stand,marketplace,89,19.0,3,57.0,7.5
2026-04-05,North,SKU-103,Halo Phone Stand,retail,48,19.0,2,38.0,7.5
2026-04-05,North,SKU-104,Drift Yoga Mat,web,39,55.0,3,165.0,26.0
2026-04-05,North,SKU-104,Drift Yoga Mat,marketplace,20,55.0,1,55.0,26.0
2026-04-05,North,SKU-104,Drift Yoga Mat,retail,9,55.0,0,0.0,26.0
2026-04-05,South,SKU-101,Aurora Desk Lamp,web,91,42.0,2,84.0,24.0
2026-04-05,South,SKU-101,Aurora Desk Lamp,marketplace,45,42.0,1,42.0,24.0
2026-04-05,South,SKU-101,Aurora Desk Lamp,retail,23,42.0,0,0.0,24.0
2026-04-05,South,SKU-102,Nimbus Bottle,web,153,28.0,5,140.0,11.0
2026-04-05,South,SKU-102,Nimbus Bottle,marketplace,88,28.0,2,56.0,11.0
2026-04-05,South,SKU-102,Nimbus Bottle,retail,41,28.0,1,28.0,11.0
2026-04-05,South,SKU-103,Halo Phone Stand,web,209,19.0,12,228.0,7.5
2026-04-05,South,SKU-103,Halo Phone Stand,marketplace,96,19.0,4,76.0,7.5
2026-04-05,South,SKU-103,Halo Phone Stand,retail,55,19.0,2,38.0,7.5
2026-04-05,South,SKU-104,Drift Yoga Mat,web,44,55.0,4,220.0,26.0
2026-04-05,South,SKU-104,Drift Yoga Mat,marketplace,23,55.0,1,55.0,26.0
2026-04-05,South,SKU-104,Drift Yoga Mat,retail,11,55.0,1,55.0,26.0
2026-04-05,West,SKU-101,Aurora Desk Lamp,web,61,42.0,1,42.0,24.0
2026-04-05,West,SKU-101,Aurora Desk Lamp,marketplace,27,42.0,0,0.0,24.0
2026-04-05,West,SKU-101,Aurora Desk Lamp,retail,15,42.0,0,0.0,24.0
2026-04-05,West,SKU-102,Nimbus Bottle,web,100,28.0,3,84.0,11.0
2026-04-05,West,SKU-102,Nimbus Bottle,marketplace,50,28.0,2,56.0,11.0
2026-04-05,West,SKU-102,Nimbus Bottle,retail,27,28.0,1,28.0,11.0
2026-04-05,West,SKU-103,Halo Phone Stand,web,126,19.0,6,114.0,7.5
2026-04-05,West,SKU-103,Halo Phone Stand,marketplace,72,19.0,3,57.0,7.5
2026-04-05,West,SKU-103,Halo Phone Stand,retail,31,19.0,1,19.0,7.5
2026-04-05,West,SKU-104,Drift Yoga Mat,web,27,55.0,2,110.0,26.0
2026-04-05,West,SKU-104,Drift Yoga Mat,marketplace,15,55.0,1,55.0,26.0
2026-04-05,West,SKU-104,Drift Yoga Mat,retail,7,55.0,0,0.0,26.0
2026-04-06,North,SKU-101,Aurora Desk Lamp,web,60,42.0,2,84.0,24.0
2026-04-06,North,SKU-101,Aurora Desk Lamp,marketplace,29,42.0,1,42.0,24.0
2026-04-06,North,SKU-101,Aurora Desk Lamp,retail,15,42.0,0,0.0,24.0
2026-04-06,North,SKU-102,Nimbus Bottle,web,102,28.0,3,84.0,11.0
2026-04-06,North,SKU-102,Nimbus Bottle,marketplace,56,28.0,2,56.0,11.0
2026-04-06,North,SKU-102,Nimbus Bottle,retail,28,28.0,1,28.0,11.0
2026-04-06,North,SKU-103,Halo Phone Stand,web,124,19.0,7,133.0,7.5
2026-04-06,North,SKU-103,Halo Phone Stand,marketplace,74,19.0,5,95.0,7.5
2026-04-06,North,SKU-103,Halo Phone Stand,retail,34,19.0,1,19.0,7.5
2026-04-06,North,SKU-104,Drift Yoga Mat,web,29,55.0,1,55.0,26.0
2026-04-06,North,SKU-104,Drift Yoga Mat,marketplace,14,55.0,1,55.0,26.0
2026-04-06,North,SKU-104,Drift Yoga Mat,retail,7,55.0,0,0.0,26.0
2026-04-06,South,SKU-101,Aurora Desk Lamp,web,67,42.0,2,84.0,24.0
2026-04-06,South,SKU-101,Aurora Desk Lamp,marketplace,37,42.0,1,42.0,24.0
2026-04-06,South,SKU-101,Aurora Desk Lamp,retail,18,42.0,0,0.0,24.0
2026-04-06,South,SKU-102,Nimbus Bottle,web,117,28.0,4,112.0,11.0
2026-04-06,South,SKU-102,Nimbus Bottle,marketplace,66,28.0,2,56.0,11.0
2026-04-06,South,SKU-102,Nimbus Bottle,retail,33,28.0,1,28.0,11.0
2026-04-06,South,SKU-103,Halo Phone Stand,web,146,19.0,8,152.0,7.5
2026-04-06,South,SKU-103,Halo Phone Stand,marketplace,78,19.0,2,38.0,7.5
2026-04-06,South,SKU-103,Halo Phone Stand,retail,38,19.0,2,38.0,7.5
2026-04-06,South,SKU-104,Drift Yoga Mat,web,32,55.0,2,110.0,26.0
2026-04-06,South,SKU-104,Drift Yoga Mat,marketplace,15,55.0,1,55.0,26.0
2026-04-06,South,SKU-104,Drift Yoga Mat,retail,8,55.0,0,0.0,26.0
2026-04-06,West,SKU-101,Aurora Desk Lamp,web,43,42.0,0,0.0,24.0
2026-04-06,West,SKU-101,Aurora Desk Lamp,marketplace,22,42.0,0,0.0,24.0
2026-04-06,West,SKU-101,Aurora Desk Lamp,retail,12,42.0,0,0.0,24.0
2026-04-06,West,SKU-102,Nimbus Bottle,web,75,28.0,2,56.0,11.0
2026-04-06,West,SKU-102,Nimbus Bottle,marketplace,40,28.0,1,28.0,11.0
2026-04-06,West,SKU-102,Nimbus Bottle,retail,19,28.0,0,0.0,11.0
2026-04-06,West,SKU-103,Halo Phone Stand,web,92,19.0,2,38.0,7.5
2026-04-06,West,SKU-103,Halo Phone Stand,marketplace,51,19.0,3,57.0,7.5
2026-04-06,West,SKU-103,Halo Phone Stand,retail,25,19.0,1,19.0,7.5
2026-04-06,West,SKU-104,Drift Yoga Mat,web,21,55.0,1,55.0,26.0
2026-04-06,West,SKU-104,Drift Yoga Mat,marketplace,10,55.0,1,55.0,26.0
2026-04-06,West,SKU-104,Drift Yoga Mat,retail,5,55.0,0,0.0,26.0
2026-04-07,North,SKU-101,Aurora Desk Lamp,web,58,42.0,0,0.0,24.0
2026-04-07,North,SKU-101,Aurora Desk Lamp,marketplace,31,42.0,1,42.0,24.0
2026-04-07,North,SKU-101,Aurora Desk Lamp,retail,15,42.0,0,0.0,24.0
2026-04-07,North,SKU-102,Nimbus Bottle,web,102,28.0,5,140.0,11.0
2026-04-07,North,SKU-102,Nimbus Bottle,marketplace,49,28.0,2,56.0,11.0
2026-04-07,North,SKU-102,Nimbus Bottle,retail,25,28.0,1,28.0,11.0
2026-04-07,North,SKU-103,Halo Phone Stand,web,126,19.0,5,95.0,7.5
2026-04-07,North,SKU-103,Halo Phone Stand,marketplace,67,19.0,3,57.0,7.5
2026-04-07,North,SKU-103,Halo Phone Stand,retail,35,19.0,2,38.0,7.5
2026-04-07,North,SKU-104,Drift Yoga Mat,web,29,55.0,3,165.0,26.0
2026-04-07,North,SKU-104,Drift Yoga Mat,marketplace,14,55.0,1,55.0,26.0
2026-04-07,North,SKU-104,Drift Yoga Mat,retail,7,55.0,0,0.0,26.0
2026-04-07,South,SKU-101,Aurora Desk Lamp,web,67,42.0,2,84.0,24.0
2026-04-07,South,SKU-101,Aurora Desk Lamp,marketplace,36,42.0,1,42.0,24.0
2026-04-07,South,SKU-101,Aurora Desk Lamp,retail,18,42.0,0,0.0,24.0
2026-04-07,South,SKU-102,Nimbus Bottle,web,114,28.0,4,112.0,11.0
2026-04-07,South,SKU-102,Nimbus Bottle,marketplace,63,28.0,2,56.0,11.0
2026-04-07,South,SKU-102,Nimbus Bottle,retail,31,28.0,0,0.0,11.0
2026-04-07,South,SKU-103,Halo Phone Stand,web,145,19.0,7,133.0,7.5
2026-04-07,South,SKU-103,Halo Phone Stand,marketplace,77,19.0,1,19.0,7.5
2026-04-07,South,SKU-103,Halo Phone Stand,retail,40,19.0,2,38.0,7.5
2026-04-07,South,SKU-104,Drift Yoga Mat,web,32,55.0,3,165.0,26.0
2026-04-07,South,SKU-104,Drift Yoga Mat,marketplace,17,55.0,1,55.0,26.0
2026-04-07,South,SKU-104,Drift Yoga Mat,retail,8,55.0,0,0.0,26.0
2026-04-07,West,SKU-101,Aurora Desk Lamp,web,41,42.0,1,42.0,24.0
2026-04-07,West,SKU-101,Aurora Desk Lamp,marketplace,22,42.0,0,0.0,24.0
2026-04-07,West,SKU-101,Aurora Desk Lamp,retail,10,42.0,0,0.0,24.0
2026-04-07,West,SKU-102,Nimbus Bottle,web,71,28.0,2,56.0,11.0
2026-04-07,West,SKU-102,Nimbus Bottle,marketplace,40,28.0,0,0.0,11.0
2026-04-07,West,SKU-102,Nimbus Bottle,retail,20,28.0,0,0.0,11.0
2026-04-07,West,SKU-103,Halo Phone Stand,web,87,19.0,4,76.0,7.5
2026-04-07,West,SKU-103,Halo Phone Stand,marketplace,50,19.0,2,38.0,7.5
2026-04-07,West,SKU-103,Halo Phone Stand,retail,23,19.0,0,0.0,7.5
2026-04-07,West,SKU-104,Drift Yoga Mat,web,21,55.0,1,55.0,26.0
2026-04-07,West,SKU-104,Drift Yoga Mat,marketplace,10,55.0,1,55.0,26.0
2026-04-07,West,SKU-104,Drift Yoga Mat,retail,5,55.0,0,0.0,26.0
2026-04-08,North,SKU-101,Aurora Desk Lamp,web,57,42.0,1,42.0,24.0
2026-04-08,North,SKU-101,Aurora Desk Lamp,marketplace,30,42.0,0,0.0,24.0
2026-04-08,North,SKU-101,Aurora Desk Lamp,retail,14,42.0,0,0.0,24.0
2026-04-08,North,SKU-102,Nimbus Bottle,web,97,28.0,3,84.0,11.0
2026-04-08,North,SKU-102,Nimbus Bottle,marketplace,49,28.0,2,56.0,11.0
2026-04-08,North,SKU-102,Nimbus Bottle,retail,24,28.0,1,28.0,11.0
2026-04-08,North,SKU-103,Halo Phone Stand,web,125,19.0,5,95.0,7.5
2026-04-08,North,SKU-103,Halo Phone Stand,marketplace,63,19.0,2,38.0,7.5
2026-04-08,North,SKU-103,Halo Phone Stand,retail,33,19.0,1,19.0,7.5
2026-04-08,North,SKU-104,Drift Yoga Mat,web,28,55.0,3,165.0,26.0
2026-04-08,North,SKU-104,Drift Yoga Mat,marketplace,14,55.0,1,55.0,26.0
2026-04-08,North,SKU-104,Drift Yoga Mat,retail,7,55.0,0,0.0,26.0
2026-04-08,South,SKU-101,Aurora Desk Lamp,web,63,42.0,1,42.0,24.0
2026-04-08,South,SKU-101,Aurora Desk Lamp,marketplace,32,42.0,1,42.0,24.0
2026-04-08,South,SKU-101,Aurora Desk Lamp,retail,17,42.0,0,0.0,24.0
2026-04-08,South,SKU-102,Nimbus Bottle,web,111,28.0,5,140.0,11.0
2026-04-08,South,SKU-102,Nimbus Bottle,marketplace,60,28.0,1,28.0,11.0
2026-04-08,South,SKU-102,Nimbus Bottle,retail,31,28.0,1,28.0,11.0
2026-04-08,South,SKU-103,Halo Phone Stand,web,139,19.0,9,171.0,7.5
2026-04-08,South,SKU-103,Halo Phone Stand,marketplace,77,19.0,2,38.0,7.5
2026-04-08,South,SKU-103,Halo Phone Stand,retail,39,19.0,1,19.0,7.5
2026-04-08,South,SKU-104,Drift Yoga Mat,web,31,55.0,1,55.0,26.0
2026-04-08,South,SKU-104,Drift Yoga Mat,marketplace,15,55.0,1,55.0,26.0
2026-04-08,South,SKU-104,Drift Yoga Mat,retail,7,55.0,0,0.0,26.0
2026-04-08,West,SKU-101,Aurora Desk Lamp,web,42,42.0,1,42.0,24.0
2026-04-08,West,SKU-101,Aurora Desk Lamp,marketplace,23,42.0,0,0.0,24.0
2026-04-08,West,SKU-101,Aurora Desk Lamp,retail,11,42.0,0,0.0,24.0
2026-04-08,West,SKU-102,Nimbus Bottle,web,71,28.0,2,56.0,11.0
2026-04-08,West,SKU-102,Nimbus Bottle,marketplace,39,28.0,2,56.0,11.0
2026-04-08,West,SKU-102,Nimbus Bottle,retail,18,28.0,0,0.0,11.0
2026-04-08,West,SKU-103,Halo Phone Stand,web,85,19.0,4,76.0,7.5
2026-04-08,West,SKU-103,Halo Phone Stand,marketplace,47,19.0,3,57.0,7.5
2026-04-08,West,SKU-103,Halo Phone Stand,retail,23,19.0,1,19.0,7.5
2026-04-08,West,SKU-104,Drift Yoga Mat,web,20,55.0,1,55.0,26.0
2026-04-08,West,SKU-104,Drift Yoga Mat,marketplace,9,55.0,0,0.0,26.0
2026-04-08,West,SKU-104,Drift Yoga Mat,retail,4,55.0,0,0.0,26.0
2026-04-09,North,SKU-101,Aurora Desk Lamp,web,60,42.0,0,0.0,24.0
2026-04-09,North,SKU-101,Aurora Desk Lamp,marketplace,32,42.0,0,0.0,24.0
2026-04-09,North,SKU-101,Aurora Desk Lamp,retail,16,42.0,0,0.0,24.0
2026-04-09,North,SKU-102,Nimbus Bottle,web,112,28.0,2,56.0,11.0
2026-04-09,North,SKU-102,Nimbus Bottle,marketplace,58,28.0,2,56.0,11.0
2026-04-09,North,SKU-102,Nimbus Bottle,retail,29,28.0,1,28.0,11.0
2026-04-09,North,SKU-103,Halo Phone Stand,web,132,19.0,9,171.0,7.5
2026-04-09,North,SKU-103,Halo Phone Stand,marketplace,73,19.0,4,76.0,7.5
2026-04-09,North,SKU-103,Halo Phone Stand,retail,35,19.0,1,19.0,7.5
2026-04-09,North,SKU-104,Drift Yoga Mat,web,29,55.0,1,55.0,26.0
2026-04-09,North,SKU-104,Drift Yoga Mat,marketplace,17,55.0,2,110.0,26.0
2026-04-09,North,SKU-104,Drift Yoga Mat,retail,8,55.0,0,0.0,26.0
2026-04-09,South,SKU-101,Aurora Desk Lamp,web,76,42.0,2,84.0,24.0
2026-04-09,South,SKU-101,Aurora Desk Lamp,marketplace,39,42.0,0,0.0,24.0
2026-04-09,South,SKU-101,Aurora Desk Lamp,retail,18,42.0,0,0.0,24.0
2026-04-09,South,SKU-102,Nimbus Bottle,web,120,28.0,5,140.0,11.0
2026-04-09,South,SKU-102,Nimbus Bottle,marketplace,63,28.0,1,28.0,11.0
2026-04-09,South,SKU-102,Nimbus Bottle,retail,30,28.0,1,28.0,11.0
2026-04-09,South,SKU-103,Halo Phone Stand,web,158,19.0,8,152.0,7.5
2026-04-09,South,SKU-103,Halo Phone Stand,marketplace,81,19.0,3,57.0,7.5
2026-04-09,South,SKU-103,Halo Phone Stand,retail,43,19.0,2,38.0,7.5
2026-04-09,South,SKU-104,Drift Yoga Mat,web,33,55.0,4,220.0,26.0
2026-04-09,South,SKU-104,Drift Yoga Mat,marketplace,18,55.0,0,0.0,26.0
2026-04-09,South,SKU-104,Drift Yoga Mat,retail,8,55.0,0,0.0,26.0
2026-04-09,West,SKU-101,Aurora Desk Lamp,web,46,42.0,1,42.0,24.0
2026-04-09,West,SKU-101,Aurora Desk Lamp,marketplace,24,42.0,0,0.0,24.0
2026-04-09,West,SKU-101,Aurora Desk Lamp,retail,11,42.0,0,0.0,24.0
2026-04-09,West,SKU-102,Nimbus Bottle,web,82,28.0,4,112.0,11.0
2026-04-09,West,SKU-102,Nimbus Bottle,marketplace,42,28.0,1,28.0,11.0
2026-04-09,West,SKU-102,Nimbus Bottle,retail,20,28.0,0,0.0,11.0
2026-04-09,West,SKU-103,Halo Phone Stand,web,99,19.0,3,57.0,7.5
2026-04-09,West,SKU-103,Halo Phone Stand,marketplace,52,19.0,2,38.0,7.5
2026-04-09,West,SKU-103,Halo Phone Stand,retail,29,19.0,1,19.0,7.5
2026-04-09,West,SKU-104,Drift Yoga Mat,web,22,55.0,2,110.0,26.0
2026-04-09,West,SKU-104,Drift Yoga Mat,marketplace,10,55.0,0,0.0,26.0
2026-04-09,West,SKU-104,Drift Yoga Mat,retail,5,55.0,0,0.0,26.0
2026-04-10,North,SKU-101,Aurora Desk Lamp,web,73,42.0,1,42.0,24.0
2026-04-10,North,SKU-101,Aurora Desk Lamp,marketplace,39,42.0,0,0.0,24.0
2026-04-10,North,SKU-101,Aurora Desk Lamp,retail,18,42.0,0,0.0,24.0
2026-04-10,North,SKU-102,Nimbus Bottle,web,123,28.0,5,140.0,11.0
2026-04-10,North,SKU-102,Nimbus Bottle,marketplace,63,28.0,2,56.0,11.0
2026-04-10,North,SKU-102,Nimbus Bottle,retail,30,28.0,1,28.0,11.0
2026-04-10,North,SKU-103,Halo Phone Stand,web,154,19.0,8,152.0,7.5
2026-04-10,North,SKU-103,Halo Phone Stand,marketplace,85,19.0,5,95.0,7.5
2026-04-10,North,SKU-103,Halo Phone Stand,retail,45,19.0,2,38.0,7.5
2026-04-10,North,SKU-104,Drift Yoga Mat,web,34,55.0,1,55.0,26.0
2026-04-10,North,SKU-104,Drift Yoga Mat,marketplace,18,55.0,2,110.0,26.0
2026-04-10,North,SKU-104,Drift Yoga Mat,retail,9,55.0,0,0.0,26.0
2026-04-10,South,SKU-101,Aurora Desk Lamp,web,86,42.0,1,42.0,24.0
2026-04-10,South,SKU-101,Aurora Desk Lamp,marketplace,41,42.0,0,0.0,24.0
2026-04-10,South,SKU-101,Aurora Desk Lamp,retail,20,42.0,0,0.0,24.0
2026-04-10,South,SKU-102,Nimbus Bottle,web,140,28.0,4,112.0,11.0
2026-04-10,South,SKU-102,Nimbus Bottle,marketplace,70,28.0,3,84.0,11.0
2026-04-10,South,SKU-102,Nimbus Bottle,retail,40,28.0,2,56.0,11.0
2026-04-10,South,SKU-103,Halo Phone Stand,web,171,19.0,9,171.0,7.5
2026-04-10,South,SKU-103,Halo Phone Stand,marketplace,101,19.0,4,76.0,7.5
2026-04-10,South,SKU-103,Halo Phone Stand,retail,45,19.0,2,38.0,7.5
2026-04-10,South,SKU-104,Drift Yoga Mat,web,38,55.0,2,110.0,26.0
2026-04-10,South,SKU-104,Drift Yoga Mat,marketplace,20,55.0,1,55.0,26.0
2026-04-10,South,SKU-104,Drift Yoga Mat,retail,11,55.0,0,0.0,26.0
2026-04-10,West,SKU-101,Aurora Desk Lamp,web,51,42.0,1,42.0,24.0
2026-04-10,West,SKU-101,Aurora Desk Lamp,marketplace,28,42.0,0,0.0,24.0
2026-04-10,West,SKU-101,Aurora Desk Lamp,retail,13,42.0,0,0.0,24.0
2026-04-10,West,SKU-102,Nimbus Bottle,web,88,28.0,3,84.0,11.0
2026-04-10,West,SKU-102,Nimbus Bottle,marketplace,49,28.0,3,84.0,11.0
2026-04-10,West,SKU-102,Nimbus Bottle,retail,22,28.0,0,0.0,11.0
2026-04-10,West,SKU-103,Halo Phone Stand,web,114,19.0,3,57.0,7.5
2026-04-10,West,SKU-103,Halo Phone Stand,marketplace,64,19.0,2,38.0,7.5
2026-04-10,West,SKU-103,Halo Phone Stand,retail,31,19.0,1,19.0,7.5
2026-04-10,West,SKU-104,Drift Yoga Mat,web,25,55.0,2,110.0,26.0
2026-04-10,West,SKU-104,Drift Yoga Mat,marketplace,13,55.0,1,55.0,26.0
2026-04-10,West,SKU-104,Drift Yoga Mat,retail,7,55.0,0,0.0,26.0
2026-04-11,North,SKU-101,Aurora Desk Lamp,web,86,42.0,3,126.0,24.0
2026-04-11,North,SKU-101,Aurora Desk Lamp,marketplace,46,42.0,1,42.0,24.0
2026-04-11,North,SKU-101,Aurora Desk Lamp,retail,21,42.0,0,0.0,24.0
2026-04-11,North,SKU-102,Nimbus Bottle,web,150,28.0,6,168.0,11.0
2026-04-11,North,SKU-102,Nimbus Bottle,marketplace,76,28.0,3,84.0,11.0
2026-04-11,North,SKU-102,Nimbus Bottle,retail,39,28.0,2,56.0,11.0
2026-04-11,North,SKU-103,Halo Phone Stand,web,192,19.0,12,228.0,7.5
2026-04-11,North,SKU-103,Halo Phone Stand,marketplace,96,19.0,6,114.0,7.5
2026-04-11,North,SKU-103,Halo Phone Stand,retail,49,19.0,3,57.0,7.5
2026-04-11,North,SKU-104,Drift Yoga Mat,web,40,55.0,4,220.0,26.0
2026-04-11,North,SKU-104,Drift Yoga Mat,marketplace,19,55.0,2,110.0,26.0
2026-04-11,North,SKU-104,Drift Yoga Mat,retail,10,55.0,1,55.0,26.0
2026-04-11,South,SKU-101,Aurora Desk Lamp,web,97,42.0,3,126.0,24.0
2026-04-11,South,SKU-101,Aurora Desk Lamp,marketplace,50,42.0,1,42.0,24.0
2026-04-11,South,SKU-101,Aurora Desk Lamp,retail,25,42.0,0,0.0,24.0
2026-04-11,South,SKU-102,Nimbus Bottle,web,163,28.0,3,84.0,11.0
2026-04-11,South,SKU-102,Nimbus Bottle,marketplace,88,28.0,2,56.0,11.0
2026-04-11,South,SKU-102,Nimbus Bottle,retail,46,28.0,1,28.0,11.0
2026-04-11,South,SKU-103,Halo Phone Stand,web,213,19.0,9,171.0,7.5
2026-04-11,South,SKU-103,Halo Phone Stand,marketplace,117,19.0,4,76.0,7.5
2026-04-11,South,SKU-103,Halo Phone Stand,retail,55,19.0,2,38.0,7.5
2026-04-11,South,SKU-104,Drift Yoga Mat,web,46,55.0,5,275.0,26.0
2026-04-11,South,SKU-104,Drift Yoga Mat,marketplace,23,55.0,1,55.0,26.0
2026-04-11,South,SKU-104,Drift Yoga Mat,retail,12,55.0,1,55.0,26.0
2026-04-11,West,SKU-101,Aurora Desk Lamp,web,59,42.0,1,42.0,24.0
2026-04-11,West,SKU-101,Aurora Desk Lamp,marketplace,33,42.0,0,0.0,24.0
2026-04-11,West,SKU-101,Aurora Desk Lamp,retail,17,42.0,0,0.0,24.0
2026-04-11,West,SKU-102,Nimbus Bottle,web,104,28.0,4,112.0,11.0
2026-04-11,West,SKU-102,Nimbus Bottle,marketplace,58,28.0,1,28.0,11.0
2026-04-11,West,SKU-102,Nimbus Bottle,retail,27,28.0,0,0.0,11.0
2026-04-11,West,SKU-103,Halo Phone Stand,web,132,19.0,5,95.0,7.5
2026-04-11,West,SKU-103,Halo Phone Stand,marketplace,72,19.0,3,57.0,7.5
2026-04-11,West,SKU-103,Halo Phone Stand,retail,36,19.0,1,19.0,7.5
2026-04-11,West,SKU-104,Drift Yoga Mat,web,29,55.0,2,110.0,26.0
2026-04-11,West,SKU-104,Drift Yoga Mat,marketplace,15,55.0,1,55.0,26.0
2026-04-11,West,SKU-104,Drift Yoga Mat,retail,7,55.0,0,0.0,26.0
2026-04-12,North,SKU-101,Aurora Desk Lamp,web,81,42.0,2,84.0,24.0
2026-04-12,North,SKU-101,Aurora Desk Lamp,marketplace,42,42.0,1,42.0,24.0
2026-04-12,North,SKU-101,Aurora Desk Lamp,retail,22,42.0,0,0.0,24.0
2026-04-12,North,SKU-102,Nimbus Bottle,web,140,28.0,6,168.0,11.0
2026-04-12,North,SKU-102,Nimbus Bottle,marketplace,66,28.0,2,56.0,11.0
2026-04-12,North,SKU-102,Nimbus Bottle,retail,37,28.0,1,28.0,11.0
2026-04-12,North,SKU-103,Halo Phone Stand,web,177,19.0,10,190.0,7.5
2026-04-12,North,SKU-103,Halo Phone Stand,marketplace,90,19.0,6,114.0,7.5
2026-04-12,North,SKU-103,Halo Phone Stand,retail,53,19.0,0,0.0,7.5
2026-04-12,North,SKU-104,Drift Yoga Mat,web,37,55.0,3,165.0,26.0
2026-04-12,North,SKU-104,Drift Yoga Mat,marketplace,19,55.0,1,55.0,26.0
2026-04-12,North,SKU-104,Drift Yoga Mat,retail,9,55.0,0,0.0,26.0
2026-04-12,South,SKU-101,Aurora Desk Lamp,web,90,42.0,2,84.0,24.0
2026-04-12,South,SKU-101,Aurora Desk Lamp,marketplace,53,42.0,1,42.0,24.0
2026-04-12,South,SKU-101,Aurora Desk Lamp,retail,23,42.0,0,0.0,24.0
2026-04-12,South,SKU-102,Nimbus Bottle,web,152,28.0,8,224.0,11.0
2026-04-12,South,SKU-102,Nimbus Bottle,marketplace,88,28.0,2,56.0,11.0
2026-04-12,South,SKU-102,Nimbus Bottle,retail,44,28.0,1,28.0,11.0
2026-04-12,South,SKU-103,Halo Phone Stand,web,200,19.0,11,209.0,7.5
2026-04-12,South,SKU-103,Halo Phone Stand,marketplace,106,19.0,5,95.0,7.5
2026-04-12,South,SKU-103,Halo Phone Stand,retail,58,19.0,3,57.0,7.5
2026-04-12,South,SKU-104,Drift Yoga Mat,web,44,55.0,3,165.0,26.0
2026-04-12,South,SKU-104,Drift Yoga Mat,marketplace,24,55.0,2,110.0,26.0
2026-04-12,South,SKU-104,Drift Yoga Mat,retail,11,55.0,1,55.0,26.0
2026-04-12,West,SKU-101,Aurora Desk Lamp,web,57,42.0,2,84.0,24.0
2026-04-12,West,SKU-101,Aurora Desk Lamp,marketplace,32,42.0,1,42.0,24.0
2026-04-12,West,SKU-101,Aurora Desk Lamp,retail,15,42.0,0,0.0,24.0
2026-04-12,West,SKU-102,Nimbus Bottle,web,99,28.0,3,84.0,11.0
2026-04-12,West,SKU-102,Nimbus Bottle,marketplace,53,28.0,2,56.0,11.0
2026-04-12,West,SKU-102,Nimbus Bottle,retail,26,28.0,1,28.0,11.0
2026-04-12,West,SKU-103,Halo Phone Stand,web,124,19.0,6,114.0,7.5
2026-04-12,West,SKU-103,Halo Phone Stand,marketplace,65,19.0,2,38.0,7.5
2026-04-12,West,SKU-103,Halo Phone Stand,retail,35,19.0,2,38.0,7.5
2026-04-12,West,SKU-104,Drift Yoga Mat,web,27,55.0,2,110.0,26.0
2026-04-12,West,SKU-104,Drift Yoga Mat,marketplace,14,55.0,1,55.0,26.0
2026-04-12,West,SKU-104,Drift Yoga Mat,retail,7,55.0,0,0.0,26.0
2026-04-13,North,SKU-101,Aurora Desk Lamp,web,60,42.0,2,84.0,24.0
2026-04-13,North,SKU-101,Aurora Desk Lamp,marketplace,31,42.0,0,0.0,24.0
2026-04-13,North,SKU-101,Aurora Desk Lamp,retail,15,42.0,0,0.0,24.0
2026-04-13,North,SKU-102,Nimbus Bottle,web,101,28.0,5,140.0,11.0
2026-04-13,North,SKU-102,Nimbus Bottle,marketplace,55,28.0,2,56.0,11.0
2026-04-13,North,SKU-102,Nimbus Bottle,retail,28,28.0,1,28.0,11.0
2026-04-13,North,SKU-103,Halo Phone Stand,web,128,19.0,7,133.0,7.5
2026-04-13,North,SKU-103,Halo Phone Stand,marketplace,71,19.0,2,38.0,7.5
2026-04-13,North,SKU-103,Halo Phone Stand,retail,33,19.0,1,19.0,7.5
2026-04-13,North,SKU-104,Drift Yoga Mat,web,29,55.0,2,110.0,26.0
2026-04-13,North,SKU-104,Drift Yoga Mat,marketplace,14,55.0,1,55.0,26.0
2026-04-13,North,SKU-104,Drift Yoga Mat,retail,7,55.0,0,0.0,26.0
2026-04-13,South,SKU-101,Aurora Desk Lamp,web,65,42.0,2,84.0,24.0
2026-04-13,South,SKU-101,Aurora Desk Lamp,marketplace,34,42.0,0,0.0,24.0
2026-04-13,South,SKU-101,Aurora Desk Lamp,retail,17,42.0,0,0.0,24.0
2026-04-13,South,SKU-102,Nimbus Bottle,web,121,28.0,6,168.0,11.0
2026-04-13,South,SKU-102,Nimbus Bottle,marketplace,61,28.0,1,28.0,11.0
2026-04-13,South,SKU-102,Nimbus Bottle,retail,31,28.0,1,28.0,11.0
2026-04-13,South,SKU-103,Halo Phone Stand,web,147,19.0,4,76.0,7.5
2026-04-13,South,SKU-103,Halo Phone Stand,marketplace,84,19.0,2,38.0,7.5
2026-04-13,South,SKU-103,Halo Phone Stand,retail,41,19.0,1,19.0,7.5
2026-04-13,South,SKU-104,Drift Yoga Mat,web,34,55.0,2,110.0,26.0
2026-04-13,South,SKU-104,Drift Yoga Mat,marketplace,16,55.0,1,55.0,26.0
2026-04-13,South,SKU-104,Drift Yoga Mat,retail,8,55.0,0,0.0,26.0
2026-04-13,West,SKU-101,Aurora Desk Lamp,web,44,42.0,1,42.0,24.0
2026-04-13,West,SKU-101,Aurora Desk Lamp,marketplace,21,42.0,0,0.0,24.0
2026-04-13,West,SKU-101,Aurora Desk Lamp,retail,11,42.0,0,0.0,24.0
2026-04-13,West,SKU-102,Nimbus Bottle,web,74,28.0,3,84.0,11.0
2026-04-13,West,SKU-102,Nimbus Bottle,marketplace,41,28.0,1,28.0,11.0
2026-04-13,West,SKU-102,Nimbus Bottle,retail,19,28.0,1,28.0,11.0
2026-04-13,West,SKU-103,Halo Phone Stand,web,95,19.0,5,95.0,7.5
2026-04-13,West,SKU-103,Halo Phone Stand,marketplace,46,19.0,2,38.0,7.5
2026-04-13,West,SKU-103,Halo Phone Stand,retail,23,19.0,0,0.0,7.5
2026-04-13,West,SKU-104,Drift Yoga Mat,web,20,55.0,1,55.0,26.0
2026-04-13,West,SKU-104,Drift Yoga Mat,marketplace,11,55.0,1,55.0,26.0
2026-04-13,West,SKU-104,Drift Yoga Mat,retail,5,55.0,0,0.0,26.0
2026-04-14,North,SKU-101,Aurora Desk Lamp,web,57,42.0,0,0.0,24.0
2026-04-14,North,SKU-101,Aurora Desk Lamp,marketplace,31,42.0,1,42.0,24.0
2026-04-14,North,SKU-101,Aurora Desk Lamp,retail,15,42.0,0,0.0,24.0
2026-04-14,North,SKU-102,Nimbus Bottle,web,100,28.0,3,84.0,11.0
2026-04-14,North,SKU-102,Nimbus Bottle,marketplace,52,28.0,1,28.0,11.0
2026-04-14,North,SKU-102,Nimbus Bottle,retail,28,28.0,0,0.0,11.0
2026-04-14,North,SKU-103,Halo Phone Stand,web,118,19.0,4,76.0,7.5
2026-04-14,North,SKU-103,Halo Phone Stand,marketplace,66,19.0,3,57.0,7.5
2026-04-14,North,SKU-103,Halo Phone Stand,retail,32,19.0,1,19.0,7.5
2026-04-14,North,SKU-104,Drift Yoga Mat,web,28,55.0,2,110.0,26.0
2026-04-14,North,SKU-104,Drift Yoga Mat,marketplace,13,55.0,1,55.0,26.0
2026-04-14,North,SKU-104,Drift Yoga Mat,retail,8,55.0,0,0.0,26.0
2026-04-14,South,SKU-101,Aurora Desk Lamp,web,66,42.0,2,84.0,24.0
2026-04-14,South,SKU-101,Aurora Desk Lamp,marketplace,34,42.0,1,42.0,24.0
2026-04-14,South,SKU-101,Aurora Desk Lamp,retail,18,42.0,0,0.0,24.0
2026-04-14,South,SKU-102,Nimbus Bottle,web,115,28.0,4,112.0,11.0
2026-04-14,South,SKU-102,Nimbus Bottle,marketplace,61,28.0,2,56.0,11.0
2026-04-14,South,SKU-102,Nimbus Bottle,retail,25,28.0,0,0.0,11.0
2026-04-14,South,SKU-103,Halo Phone Stand,web,144,19.0,4,76.0,7.5
2026-04-14,South,SKU-103,Halo Phone Stand,marketplace,86,19.0,3,57.0,7.5
2026-04-14,South,SKU-103,Halo Phone Stand,retail,40,19.0,2,38.0,7.5
2026-04-14,South,SKU-104,Drift Yoga Mat,web,33,55.0,3,165.0,26.0
2026-04-14,South,SKU-104,Drift Yoga Mat,marketplace,17,55.0,1,55.0,26.0
2026-04-14,South,SKU-104,Drift Yoga Mat,retail,8,55.0,0,0.0,26.0
2026-04-14,West,SKU-101,Aurora Desk Lamp,web,42,42.0,0,0.0,24.0
2026-04-14,West,SKU-101,Aurora Desk Lamp,marketplace,23,42.0,0,0.0,24.0
2026-04-14,West,SKU-101,Aurora Desk Lamp,retail,10,42.0,0,0.0,24.0
2026-04-14,West,SKU-102,Nimbus Bottle,web,71,28.0,3,84.0,11.0
2026-04-14,West,SKU-102,Nimbus Bottle,marketplace,40,28.0,0,0.0,11.0
2026-04-14,West,SKU-102,Nimbus Bottle,retail,19,28.0,0,0.0,11.0
2026-04-14,West,SKU-103,Halo Phone Stand,web,87,19.0,5,95.0,7.5
2026-04-14,West,SKU-103,Halo Phone Stand,marketplace,48,19.0,2,38.0,7.5
2026-04-14,West,SKU-103,Halo Phone Stand,retail,23,19.0,1,19.0,7.5
2026-04-14,West,SKU-104,Drift Yoga Mat,web,21,55.0,2,110.0,26.0
2026-04-14,West,SKU-104,Drift Yoga Mat,marketplace,10,55.0,0,0.0,26.0
2026-04-14,West,SKU-104,Drift Yoga Mat,retail,4,55.0,0,0.0,26.0
2026-04-15,North,SKU-101,Aurora Desk Lamp,web,57,42.0,1,42.0,24.0
2026-04-15,North,SKU-101,Aurora Desk Lamp,marketplace,29,42.0,0,0.0,24.0
2026-04-15,North,SKU-101,Aurora Desk Lamp,retail,15,42.0,0,0.0,24.0
2026-04-15,North,SKU-102,Nimbus Bottle,web,96,28.0,4,112.0,11.0
2026-04-15,North,SKU-102,Nimbus Bottle,marketplace,53,28.0,1,28.0,11.0
2026-04-15,North,SKU-102,Nimbus Bottle,retail,25,28.0,1,28.0,11.0
2026-04-15,North,SKU-103,Halo Phone Stand,web,117,19.0,5,95.0,7.5
2026-04-15,North,SKU-103,Halo Phone Stand,marketplace,67,19.0,3,57.0,7.5
2026-04-15,North,SKU-103,Halo Phone Stand,retail,31,19.0,1,19.0,7.5
2026-04-15,North,SKU-104,Drift Yoga Mat,web,28,55.0,2,110.0,26.0
2026-04-15,North,SKU-104,Drift Yoga Mat,marketplace,13,55.0,1,55.0,26.0
2026-04-15,North,SKU-104,Drift Yoga Mat,retail,7,55.0,0,0.0,26.0
2026-04-15,South,SKU-101,Aurora Desk Lamp,web,70,42.0,2,84.0,24.0
2026-04-15,South,SKU-101,Aurora Desk Lamp,marketplace,35,42.0,1,42.0,24.0
2026-04-15,South,SKU-101,Aurora Desk Lamp,retail,16,42.0,0,0.0,24.0
2026-04-15,South,SKU-102,Nimbus Bottle,web,107,28.0,2,56.0,11.0
2026-04-15,South,SKU-102,Nimbus Bottle,marketplace,58,28.0,1,28.0,11.0
2026-04-15,South,SKU-102,Nimbus Bottle,retail,29,28.0,1,28.0,11.0
2026-04-15,South,SKU-103,Halo Phone Stand,web,151,19.0,9,171.0,7.5
2026-04-15,South,SKU-103,Halo Phone Stand,marketplace,73,19.0,3,57.0,7.5
2026-04-15,South,SKU-103,Halo Phone Stand,retail,38,19.0,1,19.0,7.5
2026-04-15,South,SKU-104,Drift Yoga Mat,web,31,55.0,3,165.0,26.0
2026-04-15,South,SKU-104,Drift Yoga Mat,marketplace,16,55.0,1,55.0,26.0
2026-04-15,South,SKU-104,Drift Yoga Mat,retail,8,55.0,0,0.0,26.0
2026-04-15,West,SKU-101,Aurora Desk Lamp,web,41,42.0,1,42.0,24.0
2026-04-15,West,SKU-101,Aurora Desk Lamp,marketplace,22,42.0,0,0.0,24.0
2026-04-15,West,SKU-101,Aurora Desk Lamp,retail,11,42.0,0,0.0,24.0
2026-04-15,West,SKU-102,Nimbus Bottle,web,68,28.0,2,56.0,11.0
2026-04-15,West,SKU-102,Nimbus Bottle,marketplace,36,28.0,1,28.0,11.0
2026-04-15,West,SKU-102,Nimbus Bottle,retail,19,28.0,0,0.0,11.0
2026-04-15,West,SKU-103,Halo Phone Stand,web,89,19.0,3,57.0,7.5
2026-04-15,West,SKU-103,Halo Phone Stand,marketplace,50,19.0,3,57.0,7.5
2026-04-15,West,SKU-103,Halo Phone Stand,retail,26,19.0,1,19.0,7.5
2026-04-15,West,SKU-104,Drift Yoga Mat,web,19,55.0,1,55.0,26.0
2026-04-15,West,SKU-104,Drift Yoga Mat,marketplace,10,55.0,0,0.0,26.0
2026-04-15,West,SKU-104,Drift Yoga Mat,retail,4,55.0,0,0.0,26.0
2026-04-16,North,SKU-101,Aurora Desk Lamp,web,63,42.0,2,84.0,24.0
2026-04-16,North,SKU-101,Aurora Desk Lamp,marketplace,33,42.0,0,0.0,24.0
2026-04-16,North,SKU-101,Aurora Desk Lamp,retail,19,42.0,0,0.0,24.0
2026-04-16,North,SKU-102,Nimbus Bottle,web,113,28.0,5,140.0,11.0
2026-04-16,North,SKU-102,Nimbus Bottle,marketplace,56,28.0,3,84.0,11.0
2026-04-16,North,SKU-102,Nimbus Bottle,retail,30,28.0,1,28.0,11.0
2026-04-16,North,SKU-103,Halo Phone Stand,web,137,19.0,6,114.0,7.5
2026-04-16,North,SKU-103,Halo Phone Stand,marketplace,74,19.0,4,76.0,7.5
2026-04-16,North,SKU-103,Halo Phone Stand,retail,38,19.0,1,19.0,7.5
2026-04-16,North,SKU-104,Drift Yoga Mat,web,32,55.0,2,110.0,26.0
2026-04-16,North,SKU-104,Drift Yoga Mat,marketplace,14,55.0,1,55.0,26.0
2026-04-16,North,SKU-104,Drift Yoga Mat,retail,7,55.0,0,0.0,26.0
2026-04-16,South,SKU-101,Aurora Desk Lamp,web,75,42.0,2,84.0,24.0
2026-04-16,South,SKU-101,Aurora Desk Lamp,marketplace,36,42.0,1,42.0,24.0
2026-04-16,South,SKU-101,Aurora Desk Lamp,retail,18,42.0,0,0.0,24.0
2026-04-16,South,SKU-102,Nimbus Bottle,web,124,28.0,5,140.0,11.0
2026-04-16,South,SKU-102,Nimbus Bottle,marketplace,66,28.0,3,84.0,11.0
2026-04-16,South,SKU-102,Nimbus Bottle,retail,35,28.0,0,0.0,11.0
2026-04-16,South,SKU-103,Halo Phone Stand,web,166,19.0,7,133.0,7.5
2026-04-16,South,SKU-103,Halo Phone Stand,marketplace,87,19.0,3,57.0,7.5
2026-04-16,South,SKU-103,Halo Phone Stand,retail,43,19.0,2,38.0,7.5
2026-04-16,South,SKU-104,Drift Yoga Mat,web,35,55.0,2,110.0,26.0
2026-04-16,South,SKU-104,Drift Yoga Mat,marketplace,17,55.0,0,0.0,26.0
2026-04-16,South,SKU-104,Drift Yoga Mat,retail,8,55.0,0,0.0,26.0
2026-04-16,West,SKU-101,Aurora Desk Lamp,web,46,42.0,0,0.0,24.0
2026-04-16,West,SKU-101,Aurora Desk Lamp,marketplace,25,42.0,1,42.0,24.0
2026-04-16,West,SKU-101,Aurora Desk Lamp,retail,12,42.0,0,0.0,24.0
2026-04-16,West,SKU-102,Nimbus Bottle,web,74,28.0,3,84.0,11.0
2026-04-16,West,SKU-102,Nimbus Bottle,marketplace,43,28.0,2,56.0,11.0
2026-04-16,West,SKU-102,Nimbus Bottle,retail,20,28.0,1,28.0,11.0
2026-04-16,West,SKU-103,Halo Phone Stand,web,97,19.0,5,95.0,7.5
2026-04-16,West,SKU-103,Halo Phone Stand,marketplace,53,19.0,3,57.0,7.5
2026-04-16,West,SKU-103,Halo Phone Stand,retail,28,19.0,0,0.0,7.5
2026-04-16,West,SKU-104,Drift Yoga Mat,web,21,55.0,1,55.0,26.0
2026-04-16,West,SKU-104,Drift Yoga Mat,marketplace,12,55.0,1,55.0,26.0
2026-04-16,West,SKU-104,Drift Yoga Mat,retail,5,55.0,0,0.0,26.0
2026-04-17,North,SKU-101,Aurora Desk Lamp,web,74,42.0,2,84.0,24.0
2026-04-17,North,SKU-101,Aurora Desk Lamp,marketplace,40,42.0,1,42.0,24.0
2026-04-17,North,SKU-101,Aurora Desk Lamp,retail,19,42.0,0,0.0,24.0
2026-04-17,North,SKU-102,Nimbus Bottle,web,130,28.0,4,112.0,11.0
2026-04-17,North,SKU-102,Nimbus Bottle,marketplace,70,28.0,2,56.0,11.0
2026-04-17,North,SKU-102,Nimbus Bottle,retail,34,28.0,1,28.0,11.0
2026-04-17,North,SKU-103,Halo Phone Stand,web,159,19.0,4,76.0,7.5
2026-04-17,North,SKU-103,Halo Phone Stand,marketplace,80,19.0,4,76.0,7.5
2026-04-17,North,SKU-103,Halo Phone Stand,retail,43,19.0,2,38.0,7.5
2026-04-17,North,SKU-104,Drift Yoga Mat,web,36,55.0,3,165.0,26.0
2026-04-17,North,SKU-104,Drift Yoga Mat,marketplace,18,55.0,0,0.0,26.0
2026-04-17,North,SKU-104,Drift Yoga Mat,retail,8,55.0,0,0.0,26.0
2026-04-17,South,SKU-101,Aurora Desk Lamp,web,85,42.0,2,84.0,24.0
2026-04-17,South,SKU-101,Aurora Desk Lamp,marketplace,43,42.0,1,42.0,24.0
2026-04-17,South,SKU-101,Aurora Desk Lamp,retail,22,42.0,0,0.0,24.0
2026-04-17,South,SKU-102,Nimbus Bottle,web,145,28.0,9,252.0,11.0
2026-04-17,South,SKU-102,Nimbus Bottle,marketplace,81,28.0,3,84.0,11.0
2026-04-17,South,SKU-102,Nimbus Bottle,retail,37,28.0,1,28.0,11.0
2026-04-17,South,SKU-103,Halo Phone Stand,web,184,19.0,6,114.0,7.5
2026-04-17,South,SKU-103,Halo Phone Stand,marketplace,100,19.0,5,95.0,7.5
2026-04-17,South,SKU-103,Halo Phone Stand,retail,48,19.0,2,38.0,7.5
2026-04-17,South,SKU-104,Drift Yoga Mat,web,38,55.0,5,275.0,26.0
2026-04-17,South,SKU-104,Drift Yoga Mat,marketplace,19,55.0,1,55.0,26.0
2026-04-17,South,SKU-104,Drift Yoga Mat,retail,10,55.0,0,0.0,26.0
2026-04-17,West,SKU-101,Aurora Desk Lamp,web,53,42.0,1,42.0,24.0
2026-04-17,West,SKU-101,Aurora Desk Lamp,marketplace,29,42.0,0,0.0,24.0
2026-04-17,West,SKU-101,Aurora Desk Lamp,retail,14,42.0,0,0.0,24.0
2026-04-17,West,SKU-102,Nimbus Bottle,web,89,28.0,4,112.0,11.0
2026-04-17,West,SKU-102,Nimbus Bottle,marketplace,46,28.0,1,28.0,11.0
2026-04-17,West,SKU-102,Nimbus Bottle,retail,24,28.0,1,28.0,11.0
2026-04-17,West,SKU-103,Halo Phone Stand,web,110,19.0,6,114.0,7.5
2026-04-17,West,SKU-103,Halo Phone Stand,marketplace,61,19.0,3,57.0,7.5
2026-04-17,West,SKU-103,Halo Phone Stand,retail,29,19.0,1,19.0,7.5
2026-04-17,West,SKU-104,Drift Yoga Mat,web,24,55.0,1,55.0,26.0
2026-04-17,West,SKU-104,Drift Yoga Mat,marketplace,13,55.0,1,55.0,26.0
2026-04-17,West,SKU-104,Drift Yoga Mat,retail,6,55.0,0,0.0,26.0
2026-04-18,North,SKU-101,Aurora Desk Lamp,web,87,42.0,3,126.0,24.0
2026-04-18,North,SKU-101,Aurora Desk Lamp,marketplace,46,42.0,1,42.0,24.0
2026-04-18,North,SKU-101,Aurora Desk Lamp,retail,23,42.0,0,0.0,24.0
2026-04-18,North,SKU-102,Nimbus Bottle,web,150,28.0,4,112.0,11.0
2026-04-18,North,SKU-102,Nimbus Bottle,marketplace,79,28.0,2,56.0,11.0
2026-04-18,North,SKU-102,Nimbus Bottle,retail,39,28.0,1,28.0,11.0
2026-04-18,North,SKU-103,Halo Phone Stand,web,190,19.0,7,133.0,7.5
2026-04-18,North,SKU-103,Halo Phone Stand,marketplace,100,19.0,4,76.0,7.5
2026-04-18,North,SKU-103,Halo Phone Stand,retail,53,19.0,2,38.0,7.5
2026-04-18,North,SKU-104,Drift Yoga Mat,web,41,55.0,4,220.0,26.0
2026-04-18,North,SKU-104,Drift Yoga Mat,marketplace,19,55.0,1,55.0,26.0
2026-04-18,North,SKU-104,Drift Yoga Mat,retail,9,55.0,0,0.0,26.0
2026-04-18,South,SKU-101,Aurora Desk Lamp,web,96,42.0,3,126.0,24.0
2026-04-18,South,SKU-101,Aurora Desk Lamp,marketplace,56,42.0,1,42.0,24.0
2026-04-18,South,SKU-101,Aurora Desk Lamp,retail,25,42.0,0,0.0,24.0
2026-04-18,South,SKU-102,Nimbus Bottle,web,170,28.0,4,112.0,11.0
2026-04-18,South,SKU-102,Nimbus Bottle,marketplace,88,28.0,4,112.0,11.0
2026-04-18,South,SKU-102,Nimbus Bottle,retail,43,28.0,2,56.0,11.0
2026-04-18,South,SKU-103,Halo Phone Stand,web,209,19.0,11,209.0,7.5
2026-04-18,South,SKU-103,Halo Phone Stand,marketplace,117,19.0,5,95.0,7.5
2026-04-18,South,SKU-103,Halo Phone Stand,retail,60,19.0,3,57.0,7.5
2026-04-18,South,SKU-104,Drift Yoga Mat,web,47,55.0,5,275.0,26.0
2026-04-18,South,SKU-104,Drift Yoga Mat,marketplace,23,55.0,2,110.0,26.0
2026-04-18,South,SKU-104,Drift Yoga Mat,retail,12,55.0,1,55.0,26.0
2026-04-18,West,SKU-101,Aurora Desk Lamp,web,63,42.0,2,84.0,24.0
2026-04-18,West,SKU-101,Aurora Desk Lamp,marketplace,30,42.0,1,42.0,24.0
2026-04-18,West,SKU-101,Aurora Desk Lamp,retail,16,42.0,0,0.0,24.0
2026-04-18,West,SKU-102,Nimbus Bottle,web,107,28.0,4,112.0,11.0
2026-04-18,West,SKU-102,Nimbus Bottle,marketplace,58,28.0,2,56.0,11.0
2026-04-18,West,SKU-102,Nimbus Bottle,retail,26,28.0,1,28.0,11.0
2026-04-18,West,SKU-103,Halo Phone Stand,web,130,19.0,4,76.0,7.5
2026-04-18,West,SKU-103,Halo Phone Stand,marketplace,67,19.0,2,38.0,7.5
2026-04-18,West,SKU-103,Halo Phone Stand,retail,34,19.0,1,19.0,7.5
2026-04-18,West,SKU-104,Drift Yoga Mat,web,30,55.0,2,110.0,26.0
2026-04-18,West,SKU-104,Drift Yoga Mat,marketplace,14,55.0,1,55.0,26.0
2026-04-18,West,SKU-104,Drift Yoga Mat,retail,7,55.0,0,0.0,26.0
2026-04-19,North,SKU-101,Aurora Desk Lamp,web,78,42.0,1,42.0,24.0
2026-04-19,North,SKU-101,Aurora Desk Lamp,marketplace,43,42.0,1,42.0,24.0
2026-04-19,North,SKU-101,Aurora Desk Lamp,retail,20,42.0,0,0.0,24.0
2026-04-19,North,SKU-102,Nimbus Bottle,web,141,28.0,7,196.0,11.0
2026-04-19,North,SKU-102,Nimbus Bottle,marketplace,79,28.0,4,112.0,11.0
2026-04-19,North,SKU-102,Nimbus Bottle,retail,35,28.0,2,56.0,11.0
2026-04-19,North,SKU-103,Halo Phone Stand,web,174,19.0,8,152.0,7.5
2026-04-19,North,SKU-103,Halo Phone Stand,marketplace,91,19.0,6,114.0,7.5
2026-04-19,North,SKU-103,Halo Phone Stand,retail,43,19.0,2,38.0,7.5
2026-04-19,North,SKU-104,Drift Yoga Mat,web,37,55.0,2,110.0,26.0
2026-04-19,North,SKU-104,Drift Yoga Mat,marketplace,21,55.0,2,110.0,26.0
2026-04-19,North,SKU-104,Drift Yoga Mat,retail,10,55.0,0,0.0,26.0
2026-04-19,South,SKU-101,Aurora Desk Lamp,web,97,42.0,2,84.0,24.0
2026-04-19,South,SKU-101,Aurora Desk Lamp,marketplace,50,42.0,2,84.0,24.0
2026-04-19,South,SKU-101,Aurora Desk Lamp,retail,25,42.0,0,0.0,24.0
2026-04-19,South,SKU-102,Nimbus Bottle,web,155,28.0,8,224.0,11.0
2026-04-19,South,SKU-102,Nimbus Bottle,marketplace,86,28.0,5,140.0,11.0
2026-04-19,South,SKU-102,Nimbus Bottle,retail,41,28.0,1,28.0,11.0
2026-04-19,South,SKU-103,Halo Phone Stand,web,203,19.0,14,266.0,7.5
2026-04-19,South,SKU-103,Halo Phone Stand,marketplace,111,19.0,3,57.0,7.5
2026-04-19,South,SKU-103,Halo Phone Stand,retail,54,19.0,3,57.0,7.5
2026-04-19,South,SKU-104,Drift Yoga Mat,web,43,55.0,4,220.0,26.0
2026-04-19,South,SKU-104,Drift Yoga Mat,marketplace,24,55.0,2,110.0,26.0
2026-04-19,South,SKU-104,Drift Yoga Mat,retail,11,55.0,1,55.0,26.0
2026-04-19,West,SKU-101,Aurora Desk Lamp,web,63,42.0,2,84.0,24.0
2026-04-19,West,SKU-101,Aurora Desk Lamp,marketplace,29,42.0,0,0.0,24.0
2026-04-19,West,SKU-101,Aurora Desk Lamp,retail,15,42.0,0,0.0,24.0
2026-04-19,West,SKU-102,Nimbus Bottle,web,98,28.0,2,56.0,11.0
2026-04-19,West,SKU-102,Nimbus Bottle,marketplace,56,28.0,0,0.0,11.0
2026-04-19,West,SKU-102,Nimbus Bottle,retail,28,28.0,1,28.0,11.0
2026-04-19,West,SKU-103,Halo Phone Stand,web,119,19.0,6,114.0,7.5
2026-04-19,West,SKU-103,Halo Phone Stand,marketplace,70,19.0,4,76.0,7.5
2026-04-19,West,SKU-103,Halo Phone Stand,retail,37,19.0,2,38.0,7.5
2026-04-19,West,SKU-104,Drift Yoga Mat,web,27,55.0,2,110.0,26.0
2026-04-19,West,SKU-104,Drift Yoga Mat,marketplace,14,55.0,1,55.0,26.0
2026-04-19,West,SKU-104,Drift Yoga Mat,retail,7,55.0,0,0.0,26.0
2026-04-20,North,SKU-101,Aurora Desk Lamp,web,59,42.0,0,0.0,24.0
2026-04-20,North,SKU-101,Aurora Desk Lamp,marketplace,33,42.0,1,42.0,24.0
2026-04-20,North,SKU-101,Aurora Desk Lamp,retail,15,42.0,0,0.0,24.0
2026-04-20,North,SKU-102,Nimbus Bottle,web,107,28.0,5,140.0,11.0
2026-04-20,North,SKU-102,Nimbus Bottle,marketplace,56,28.0,1,28.0,11.0
2026-04-20,North,SKU-102,Nimbus Bottle,retail,31,28.0,1,28.0,11.0
2026-04-20,North,SKU-103,Halo Phone Stand,web,127,19.0,8,152.0,7.5
2026-04-20,North,SKU-103,Halo Phone Stand,marketplace,69,19.0,4,76.0,7.5
2026-04-20,North,SKU-103,Halo Phone Stand,retail,37,19.0,2,38.0,7.5
2026-04-20,North,SKU-104,Drift Yoga Mat,web,29,55.0,2,110.0,26.0
2026-04-20,North,SKU-104,Drift Yoga Mat,marketplace,15,55.0,1,55.0,26.0
2026-04-20,North,SKU-104,Drift Yoga Mat,retail,7,55.0,0,0.0,26.0
2026-04-20,South,SKU-101,Aurora Desk Lamp,web,71,42.0,2,84.0,24.0
2026-04-20,South,SKU-101,Aurora Desk Lamp,marketplace,36,42.0,0,0.0,24.0
2026-04-20,South,SKU-101,Aurora Desk Lamp,retail,17,42.0,0,0.0,24.0
2026-04-20,South,SKU-102,Nimbus Bottle,web,114,28.0,4,112.0,11.0
2026-04-20,South,SKU-102,Nimbus Bottle,marketplace,65,28.0,2,56.0,11.0
2026-04-20,South,SKU-102,Nimbus Bottle,retail,32,28.0,0,0.0,11.0
2026-04-20,South,SKU-103,Halo Phone Stand,web,149,19.0,4,76.0,7.5
2026-04-20,South,SKU-103,Halo Phone Stand,marketplace,82,19.0,4,76.0,7.5
2026-04-20,South,SKU-103,Halo Phone Stand,retail,40,19.0,2,38.0,7.5
2026-04-20,South,SKU-104,Drift Yoga Mat,web,33,55.0,2,110.0,26.0
2026-04-20,South,SKU-104,Drift Yoga Mat,marketplace,16,55.0,1,55.0,26.0
2026-04-20,South,SKU-104,Drift Yoga Mat,retail,8,55.0,0,0.0,26.0
2026-04-20,West,SKU-101,Aurora Desk Lamp,web,44,42.0,1,42.0,24.0
2026-04-20,West,SKU-101,Aurora Desk Lamp,marketplace,23,42.0,0,0.0,24.0
2026-04-20,West,SKU-101,Aurora Desk Lamp,retail,10,42.0,0,0.0,24.0
2026-04-20,West,SKU-102,Nimbus Bottle,web,72,28.0,3,84.0,11.0
2026-04-20,West,SKU-102,Nimbus Bottle,marketplace,39,28.0,0,0.0,11.0
2026-04-20,West,SKU-102,Nimbus Bottle,retail,17,28.0,0,0.0,11.0
2026-04-20,West,SKU-103,Halo Phone Stand,web,92,19.0,3,57.0,7.5
2026-04-20,West,SKU-103,Halo Phone Stand,marketplace,50,19.0,3,57.0,7.5
2026-04-20,West,SKU-103,Halo Phone Stand,retail,25,19.0,1,19.0,7.5
2026-04-20,West,SKU-104,Drift Yoga Mat,web,20,55.0,1,55.0,26.0
2026-04-20,West,SKU-104,Drift Yoga Mat,marketplace,10,55.0,1,55.0,26.0
2026-04-20,West,SKU-104,Drift Yoga Mat,retail,5,55.0,0,0.0,26.0
2026-04-21,North,SKU-101,Aurora Desk Lamp,web,59,42.0,1,42.0,24.0
2026-04-21,North,SKU-101,Aurora Desk Lamp,marketplace,33,42.0,1,42.0,24.0
2026-04-21,North,SKU-101,Aurora Desk Lamp,retail,17,42.0,0,0.0,24.0
2026-04-21,North,SKU-102,Nimbus Bottle,web,98,28.0,4,112.0,11.0
2026-04-21,North,SKU-102,Nimbus Bottle,marketplace,49,28.0,1,28.0,11.0
2026-04-21,North,SKU-102,Nimbus Bottle,retail,28,28.0,1,28.0,11.0
2026-04-21,North,SKU-103,Halo Phone Stand,web,125,19.0,7,133.0,7.5
2026-04-21,North,SKU-103,Halo Phone Stand,marketplace,67,19.0,2,38.0,7.5
2026-04-21,North,SKU-103,Halo Phone Stand,retail,34,19.0,1,19.0,7.5
2026-04-21,North,SKU-104,Drift Yoga Mat,web,27,55.0,1,55.0,26.0
2026-04-21,North,SKU-104,Drift Yoga Mat,marketplace,15,55.0,1,55.0,26.0
2026-04-21,North,SKU-104,Drift Yoga Mat,retail,7,55.0,0,0.0,26.0
2026-04-21,South,SKU-101,Aurora Desk Lamp,web,64,42.0,2,84.0,24.0
2026-04-21,South,SKU-101,Aurora Desk Lamp,marketplace,35,42.0,1,42.0,24.0
2026-04-21,South,SKU-101,Aurora Desk Lamp,retail,17,42.0,0,0.0,24.0
2026-04-21,South,SKU-102,Nimbus Bottle,web,114,28.0,4,112.0,11.0
2026-04-21,South,SKU-102,Nimbus Bottle,marketplace,61,28.0,0,0.0,11.0
2026-04-21,South,SKU-102,Nimbus Bottle,retail,30,28.0,0,0.0,11.0
2026-04-21,South,SKU-103,Halo Phone Stand,web,145,19.0,9,171.0,7.5
2026-04-21,South,SKU-103,Halo Phone Stand,marketplace,78,19.0,2,38.0,7.5
2026-04-21,South,SKU-103,Halo Phone Stand,retail,40,19.0,1,19.0,7.5
2026-04-21,South,SKU-104,Drift Yoga Mat,web,33,55.0,1,55.0,26.0
2026-04-21,South,SKU-104,Drift Yoga Mat,marketplace,16,55.0,1,55.0,26.0
2026-04-21,South,SKU-104,Drift Yoga Mat,retail,8,55.0,0,0.0,26.0
2026-04-21,West,SKU-101,Aurora Desk Lamp,web,43,42.0,0,0.0,24.0
2026-04-21,West,SKU-101,Aurora Desk Lamp,marketplace,22,42.0,0,0.0,24.0
2026-04-21,West,SKU-101,Aurora Desk Lamp,retail,10,42.0,0,0.0,24.0
2026-04-21,West,SKU-102,Nimbus Bottle,web,73,28.0,2,56.0,11.0
2026-04-21,West,SKU-102,Nimbus Bottle,marketplace,37,28.0,1,28.0,11.0
2026-04-21,West,SKU-102,Nimbus Bottle,retail,17,28.0,0,0.0,11.0
2026-04-21,West,SKU-103,Halo Phone Stand,web,91,19.0,5,95.0,7.5
2026-04-21,West,SKU-103,Halo Phone Stand,marketplace,49,19.0,2,38.0,7.5
2026-04-21,West,SKU-103,Halo Phone Stand,retail,25,19.0,1,19.0,7.5
2026-04-21,West,SKU-104,Drift Yoga Mat,web,19,55.0,1,55.0,26.0
2026-04-21,West,SKU-104,Drift Yoga Mat,marketplace,10,55.0,0,0.0,26.0
2026-04-21,West,SKU-104,Drift Yoga Mat,retail,5,55.0,0,0.0,26.0
2026-04-22,North,SKU-101,Aurora Desk Lamp,web,56,42.0,1,42.0,24.0
2026-04-22,North,SKU-101,Aurora Desk Lamp,marketplace,31,42.0,0,0.0,24.0
2026-04-22,North,SKU-101,Aurora Desk Lamp,retail,15,42.0,0,0.0,24.0
2026-04-22,North,SKU-102,Nimbus Bottle,web,95,28.0,2,56.0,11.0
2026-04-22,North,SKU-102,Nimbus Bottle,marketplace,52,28.0,1,28.0,11.0
2026-04-22,North,SKU-102,Nimbus Bottle,retail,25,28.0,0,0.0,11.0
2026-04-22,North,SKU-103,Halo Phone Stand,web,125,19.0,5,95.0,7.5
2026-04-22,North,SKU-103,Halo Phone Stand,marketplace,69,19.0,3,57.0,7.5
2026-04-22,North,SKU-103,Halo Phone Stand,retail,35,19.0,1,19.0,7.5
2026-04-22,North,SKU-104,Drift Yoga Mat,web,27,55.0,2,110.0,26.0
2026-04-22,North,SKU-104,Drift Yoga Mat,marketplace,14,55.0,1,55.0,26.0
2026-04-22,North,SKU-104,Drift Yoga Mat,retail,7,55.0,0,0.0,26.0
2026-04-22,South,SKU-101,Aurora Desk Lamp,web,65,42.0,2,84.0,24.0
2026-04-22,South,SKU-101,Aurora Desk Lamp,marketplace,36,42.0,1,42.0,24.0
2026-04-22,South,SKU-101,Aurora Desk Lamp,retail,17,42.0,0,0.0,24.0
2026-04-22,South,SKU-102,Nimbus Bottle,web,109,28.0,4,112.0,11.0
2026-04-22,South,SKU-102,Nimbus Bottle,marketplace,61,28.0,3,84.0,11.0
2026-04-22,South,SKU-102,Nimbus Bottle,retail,29,28.0,1,28.0,11.0
2026-04-22,South,SKU-103,Halo Phone Stand,web,145,19.0,7,133.0,7.5
2026-04-22,South,SKU-103,Halo Phone Stand,marketplace,78,19.0,6,114.0,7.5
2026-04-22,South,SKU-103,Halo Phone Stand,retail,42,19.0,2,38.0,7.5
2026-04-22,South,SKU-104,Drift Yoga Mat,web,32,55.0,2,110.0,26.0
2026-04-22,South,SKU-104,Drift Yoga Mat,marketplace,16,55.0,2,110.0,26.0
2026-04-22,South,SKU-104,Drift Yoga Mat,retail,8,55.0,0,0.0,26.0
2026-04-22,West,SKU-101,Aurora Desk Lamp,web,43,42.0,1,42.0,24.0
2026-04-22,West,SKU-101,Aurora Desk Lamp,marketplace,21,42.0,0,0.0,24.0
2026-04-22,West,SKU-101,Aurora Desk Lamp,retail,11,42.0,0,0.0,24.0
2026-04-22,West,SKU-102,Nimbus Bottle,web,71,28.0,3,84.0,11.0
2026-04-22,West,SKU-102,Nimbus Bottle,marketplace,39,28.0,1,28.0,11.0
2026-04-22,West,SKU-102,Nimbus Bottle,retail,18,28.0,0,0.0,11.0
2026-04-22,West,SKU-103,Halo Phone Stand,web,93,19.0,6,114.0,7.5
2026-04-22,West,SKU-103,Halo Phone Stand,marketplace,49,19.0,3,57.0,7.5
2026-04-22,West,SKU-103,Halo Phone Stand,retail,23,19.0,0,0.0,7.5
2026-04-22,West,SKU-104,Drift Yoga Mat,web,20,55.0,1,55.0,26.0
2026-04-22,West,SKU-104,Drift Yoga Mat,marketplace,9,55.0,0,0.0,26.0
2026-04-22,West,SKU-104,Drift Yoga Mat,retail,5,55.0,0,0.0,26.0
2026-04-23,North,SKU-101,Aurora Desk Lamp,web,62,42.0,1,42.0,24.0
2026-04-23,North,SKU-101,Aurora Desk Lamp,marketplace,34,42.0,1,42.0,24.0
2026-04-23,North,SKU-101,Aurora Desk Lamp,retail,17,42.0,0,0.0,24.0
2026-04-23,North,SKU-102,Nimbus Bottle,web,111,28.0,4,112.0,11.0
2026-04-23,North,SKU-102,Nimbus Bottle,marketplace,61,28.0,2,56.0,11.0
2026-04-23,North,SKU-102,Nimbus Bottle,retail,28,28.0,0,0.0,11.0
2026-04-23,North,SKU-103,Halo Phone Stand,web,139,19.0,4,76.0,7.5
2026-04-23,North,SKU-103,Halo Phone Stand,marketplace,74,19.0,4,76.0,7.5
2026-04-23,North,SKU-103,Halo Phone Stand,retail,37,19.0,1,19.0,7.5
2026-04-23,North,SKU-104,Drift Yoga Mat,web,31,55.0,2,110.0,26.0
2026-04-23,North,SKU-104,Drift Yoga Mat,marketplace,15,55.0,1,55.0,26.0
2026-04-23,North,SKU-104,Drift Yoga Mat,retail,7,55.0,0,0.0,26.0
2026-04-23,South,SKU-101,Aurora Desk Lamp,web,74,42.0,3,126.0,24.0
2026-04-23,South,SKU-101,Aurora Desk Lamp,marketplace,37,42.0,1,42.0,24.0
2026-04-23,South,SKU-101,Aurora Desk Lamp,retail,19,42.0,0,0.0,24.0
2026-04-23,South,SKU-102,Nimbus Bottle,web,127,28.0,4,112.0,11.0
2026-04-23,South,SKU-102,Nimbus Bottle,marketplace,68,28.0,2,56.0,11.0
2026-04-23,South,SKU-102,Nimbus Bottle,retail,34,28.0,1,28.0,11.0
2026-04-23,South,SKU-103,Halo Phone Stand,web,160,19.0,11,209.0,7.5
2026-04-23,South,SKU-103,Halo Phone Stand,marketplace,85,19.0,5,95.0,7.5
2026-04-23,South,SKU-103,Halo Phone Stand,retail,46,19.0,2,38.0,7.5
2026-04-23,South,SKU-104,Drift Yoga Mat,web,35,55.0,4,220.0,26.0
2026-04-23,South,SKU-104,Drift Yoga Mat,marketplace,20,55.0,1,55.0,26.0
2026-04-23,South,SKU-104,Drift Yoga Mat,retail,9,55.0,0,0.0,26.0
2026-04-23,West,SKU-101,Aurora Desk Lamp,web,43,42.0,1,42.0,24.0
2026-04-23,West,SKU-101,Aurora Desk Lamp,marketplace,24,42.0,0,0.0,24.0
2026-04-23,West,SKU-101,Aurora Desk Lamp,retail,12,42.0,0,0.0,24.0
2026-04-23,West,SKU-102,Nimbus Bottle,web,79,28.0,2,56.0,11.0
2026-04-23,West,SKU-102,Nimbus Bottle,marketplace,44,28.0,2,56.0,11.0
2026-04-23,West,SKU-102,Nimbus Bottle,retail,22,28.0,0,0.0,11.0
2026-04-23,West,SKU-103,Halo Phone Stand,web,102,19.0,8,152.0,7.5
2026-04-23,West,SKU-103,Halo Phone Stand,marketplace,54,19.0,2,38.0,7.5
2026-04-23,West,SKU-103,Halo Phone Stand,retail,24,19.0,1,19.0,7.5
2026-04-23,West,SKU-104,Drift Yoga Mat,web,21,55.0,1,55.0,26.0
2026-04-23,West,SKU-104,Drift Yoga Mat,marketplace,12,55.0,1,55.0,26.0
2026-04-23,West,SKU-104,Drift Yoga Mat,retail,5,55.0,0,0.0,26.0
2026-04-24,North,SKU-101,Aurora Desk Lamp,web,79,42.0,1,42.0,24.0
2026-04-24,North,SKU-101,Aurora Desk Lamp,marketplace,38,42.0,1,42.0,24.0
2026-04-24,North,SKU-101,Aurora Desk Lamp,retail,19,42.0,0,0.0,24.0
2026-04-24,North,SKU-102,Nimbus Bottle,web,130,28.0,4,112.0,11.0
2026-04-24,North,SKU-102,Nimbus Bottle,marketplace,62,28.0,2,56.0,11.0
2026-04-24,North,SKU-102,Nimbus Bottle,retail,33,28.0,0,0.0,11.0
2026-04-24,North,SKU-103,Halo Phone Stand,web,159,19.0,8,152.0,7.5
2026-04-24,North,SKU-103,Halo Phone Stand,marketplace,80,19.0,1,19.0,7.5
2026-04-24,North,SKU-103,Halo Phone Stand,retail,46,19.0,2,38.0,7.5
2026-04-24,North,SKU-104,Drift Yoga Mat,web,35,55.0,3,165.0,26.0
2026-04-24,North,SKU-104,Drift Yoga Mat,marketplace,18,55.0,1,55.0,26.0
2026-04-24,North,SKU-104,Drift Yoga Mat,retail,8,55.0,0,0.0,26.0
2026-04-24,South,SKU-101,Aurora Desk Lamp,web,78,42.0,2,84.0,24.0
2026-04-24,South,SKU-101,Aurora Desk Lamp,marketplace,45,42.0,1,42.0,24.0
2026-04-24,South,SKU-101,Aurora Desk Lamp,retail,23,42.0,0,0.0,24.0
2026-04-24,South,SKU-102,Nimbus Bottle,web,141,28.0,6,168.0,11.0
2026-04-24,South,SKU-102,Nimbus Bottle,marketplace,75,28.0,3,84.0,11.0
2026-04-24,South,SKU-102,Nimbus Bottle,retail,38,28.0,1,28.0,11.0
2026-04-24,South,SKU-103,Halo Phone Stand,web,173,19.0,11,209.0,7.5
2026-04-24,South,SKU-103,Halo Phone Stand,marketplace,101,19.0,4,76.0,7.5
2026-04-24,South,SKU-103,Halo Phone Stand,retail,48,19.0,1,19.0,7.5
2026-04-24,South,SKU-104,Drift Yoga Mat,web,39,55.0,4,220.0,26.0
2026-04-24,South,SKU-104,Drift Yoga Mat,marketplace,20,55.0,1,55.0,26.0
2026-04-24,South,SKU-104,Drift Yoga Mat,retail,10,55.0,0,0.0,26.0
2026-04-24,West,SKU-101,Aurora Desk Lamp,web,53,42.0,1,42.0,24.0
2026-04-24,West,SKU-101,Aurora Desk Lamp,marketplace,27,42.0,0,0.0,24.0
2026-04-24,West,SKU-101,Aurora Desk Lamp,retail,13,42.0,0,0.0,24.0
2026-04-24,West,SKU-102,Nimbus Bottle,web,92,28.0,4,112.0,11.0
2026-04-24,West,SKU-102,Nimbus Bottle,marketplace,47,28.0,1,28.0,11.0
2026-04-24,West,SKU-102,Nimbus Bottle,retail,24,28.0,1,28.0,11.0
2026-04-24,West,SKU-103,Halo Phone Stand,web,117,19.0,5,95.0,7.5
2026-04-24,West,SKU-103,Halo Phone Stand,marketplace,59,19.0,2,38.0,7.5
2026-04-24,West,SKU-103,Halo Phone Stand,retail,27,19.0,1,19.0,7.5
2026-04-24,West,SKU-104,Drift Yoga Mat,web,25,55.0,1,55.0,26.0
2026-04-24,West,SKU-104,Drift Yoga Mat,marketplace,13,55.0,0,0.0,26.0
2026-04-24,West,SKU-104,Drift Yoga Mat,retail,6,55.0,0,0.0,26.0
2026-04-25,North,SKU-101,Aurora Desk Lamp,web,83,42.0,2,84.0,24.0
2026-04-25,North,SKU-101,Aurora Desk Lamp,marketplace,44,42.0,1,42.0,24.0
2026-04-25,North,SKU-101,Aurora Desk Lamp,retail,22,42.0,0,0.0,24.0
2026-04-25,North,SKU-102,Nimbus Bottle,web,144,28.0,4,112.0,11.0
2026-04-25,North,SKU-102,Nimbus Bottle,marketplace,81,28.0,3,84.0,11.0
2026-04-25,North,SKU-102,Nimbus Bottle,retail,43,28.0,1,28.0,11.0
2026-04-25,North,SKU-103,Halo Phone Stand,web,176,19.0,12,228.0,7.5
2026-04-25,North,SKU-103,Halo Phone Stand,marketplace,103,19.0,5,95.0,7.5
2026-04-25,North,SKU-103,Halo Phone Stand,retail,51,19.0,3,57.0,7.5
2026-04-25,North,SKU-104,Drift Yoga Mat,web,41,55.0,4,220.0,26.0
2026-04-25,North,SKU-104,Drift Yoga Mat,marketplace,21,55.0,2,110.0,26.0
2026-04-25,North,SKU-104,Drift Yoga Mat,retail,10,55.0,1,55.0,26.0
2026-04-25,South,SKU-101,Aurora Desk Lamp,web,98,42.0,2,84.0,24.0
2026-04-25,South,SKU-101,Aurora Desk Lamp,marketplace,52,42.0,0,0.0,24.0
2026-04-25,South,SKU-101,Aurora Desk Lamp,retail,26,42.0,0,0.0,24.0
2026-04-25,South,SKU-102,Nimbus Bottle,web,167,28.0,5,140.0,11.0
2026-04-25,South,SKU-102,Nimbus Bottle,marketplace,86,28.0,4,112.0,11.0
2026-04-25,South,SKU-102,Nimbus Bottle,retail,44,28.0,1,28.0,11.0
2026-04-25,South,SKU-103,Halo Phone Stand,web,219,19.0,16,304.0,7.5
2026-04-25,South,SKU-103,Halo Phone Stand,marketplace,111,19.0,3,57.0,7.5
2026-04-25,South,SKU-103,Halo Phone Stand,retail,60,19.0,2,38.0,7.5
2026-04-25,South,SKU-104,Drift Yoga Mat,web,45,55.0,3,165.0,26.0
2026-04-25,South,SKU-104,Drift Yoga Mat,marketplace,25,55.0,1,55.0,26.0
2026-04-25,South,SKU-104,Drift Yoga Mat,retail,12,55.0,0,0.0,26.0
2026-04-25,West,SKU-101,Aurora Desk Lamp,web,61,42.0,1,42.0,24.0
2026-04-25,West,SKU-101,Aurora Desk Lamp,marketplace,34,42.0,1,42.0,24.0
2026-04-25,West,SKU-101,Aurora Desk Lamp,retail,16,42.0,0,0.0,24.0
2026-04-25,West,SKU-102,Nimbus Bottle,web,103,28.0,4,112.0,11.0
2026-04-25,West,SKU-102,Nimbus Bottle,marketplace,55,28.0,2,56.0,11.0
2026-04-25,West,SKU-102,Nimbus Bottle,retail,25,28.0,0,0.0,11.0
2026-04-25,West,SKU-103,Halo Phone Stand,web,138,19.0,8,152.0,7.5
2026-04-25,West,SKU-103,Halo Phone Stand,marketplace,73,19.0,3,57.0,7.5
2026-04-25,West,SKU-103,Halo Phone Stand,retail,37,19.0,2,38.0,7.5
2026-04-25,West,SKU-104,Drift Yoga Mat,web,29,55.0,2,110.0,26.0
2026-04-25,West,SKU-104,Drift Yoga Mat,marketplace,16,55.0,1,55.0,26.0
2026-04-25,West,SKU-104,Drift Yoga Mat,retail,7,55.0,0,0.0,26.0
2026-04-26,North,SKU-101,Aurora Desk Lamp,web,78,42.0,1,42.0,24.0
2026-04-26,North,SKU-101,Aurora Desk Lamp,marketplace,45,42.0,0,0.0,24.0
2026-04-26,North,SKU-101,Aurora Desk Lamp,retail,20,42.0,0,0.0,24.0
2026-04-26,North,SKU-102,Nimbus Bottle,web,140,28.0,5,140.0,11.0
2026-04-26,North,SKU-102,Nimbus Bottle,marketplace,79,28.0,2,56.0,11.0
2026-04-26,North,SKU-102,Nimbus Bottle,retail,38,28.0,1,28.0,11.0
2026-04-26,North,SKU-103,Halo Phone Stand,web,180,19.0,11,209.0,7.5
2026-04-26,North,SKU-103,Halo Phone Stand,marketplace,101,19.0,4,76.0,7.5
2026-04-26,North,SKU-103,Halo Phone Stand,retail,46,19.0,2,38.0,7.5
2026-04-26,North,SKU-104,Drift Yoga Mat,web,40,55.0,3,165.0,26.0
2026-04-26,North,SKU-104,Drift Yoga Mat,marketplace,21,55.0,2,110.0,26.0
2026-04-26,North,SKU-104,Drift Yoga Mat,retail,9,55.0,0,0.0,26.0
2026-04-26,South,SKU-101,Aurora Desk Lamp,web,93,42.0,3,126.0,24.0
2026-04-26,South,SKU-101,Aurora Desk Lamp,marketplace,52,42.0,1,42.0,24.0
2026-04-26,South,SKU-101,Aurora Desk Lamp,retail,26,42.0,0,0.0,24.0
2026-04-26,South,SKU-102,Nimbus Bottle,web,156,28.0,4,112.0,11.0
2026-04-26,South,SKU-102,Nimbus Bottle,marketplace,88,28.0,3,84.0,11.0
2026-04-26,South,SKU-102,Nimbus Bottle,retail,43,28.0,1,28.0,11.0
2026-04-26,South,SKU-103,Halo Phone Stand,web,202,19.0,10,190.0,7.5
2026-04-26,South,SKU-103,Halo Phone Stand,marketplace,104,19.0,5,95.0,7.5
2026-04-26,South,SKU-103,Halo Phone Stand,retail,58,19.0,2,38.0,7.5
2026-04-26,South,SKU-104,Drift Yoga Mat,web,43,55.0,2,110.0,26.0
2026-04-26,South,SKU-104,Drift Yoga Mat,marketplace,22,55.0,1,55.0,26.0
2026-04-26,South,SKU-104,Drift Yoga Mat,retail,11,55.0,1,55.0,26.0
2026-04-26,West,SKU-101,Aurora Desk Lamp,web,57,42.0,1,42.0,24.0
2026-04-26,West,SKU-101,Aurora Desk Lamp,marketplace,32,42.0,1,42.0,24.0
2026-04-26,West,SKU-101,Aurora Desk Lamp,retail,15,42.0,0,0.0,24.0
2026-04-26,West,SKU-102,Nimbus Bottle,web,97,28.0,3,84.0,11.0
2026-04-26,West,SKU-102,Nimbus Bottle,marketplace,52,28.0,2,56.0,11.0
2026-04-26,West,SKU-102,Nimbus Bottle,retail,26,28.0,1,28.0,11.0
2026-04-26,West,SKU-103,Halo Phone Stand,web,120,19.0,6,114.0,7.5
2026-04-26,West,SKU-103,Halo Phone Stand,marketplace,69,19.0,3,57.0,7.5
2026-04-26,West,SKU-103,Halo Phone Stand,retail,35,19.0,2,38.0,7.5
2026-04-26,West,SKU-104,Drift Yoga Mat,web,29,55.0,2,110.0,26.0
2026-04-26,West,SKU-104,Drift Yoga Mat,marketplace,15,55.0,1,55.0,26.0
2026-04-26,West,SKU-104,Drift Yoga Mat,retail,7,55.0,0,0.0,26.0
2026-04-27,North,SKU-101,Aurora Desk Lamp,web,62,42.0,2,84.0,24.0
2026-04-27,North,SKU-101,Aurora Desk Lamp,marketplace,33,42.0,1,42.0,24.0
2026-04-27,North,SKU-101,Aurora Desk Lamp,retail,16,42.0,0,0.0,24.0
2026-04-27,North,SKU-102,Nimbus Bottle,web,102,28.0,3,84.0,11.0
2026-04-27,North,SKU-102,Nimbus Bottle,marketplace,60,28.0,2,56.0,11.0
2026-04-27,North,SKU-102,Nimbus Bottle,retail,26,28.0,1,28.0,11.0
2026-04-27,North,SKU-103,Halo Phone Stand,web,127,19.0,6,114.0,7.5
2026-04-27,North,SKU-103,Halo Phone Stand,marketplace,70,19.0,4,76.0,7.5
2026-04-27,North,SKU-103,Halo Phone Stand,retail,35,19.0,1,19.0,7.5
2026-04-27,North,SKU-104,Drift Yoga Mat,web,31,55.0,2,110.0,26.0
2026-04-27,North,SKU-104,Drift Yoga Mat,marketplace,13,55.0,1,55.0,26.0
2026-04-27,North,SKU-104,Drift Yoga Mat,retail,7,55.0,0,0.0,26.0
2026-04-27,South,SKU-101,Aurora Desk Lamp,web,68,42.0,1,42.0,24.0
2026-04-27,South,SKU-101,Aurora Desk Lamp,marketplace,37,42.0,1,42.0,24.0
2026-04-27,South,SKU-101,Aurora Desk Lamp,retail,17,42.0,0,0.0,24.0
2026-04-27,South,SKU-102,Nimbus Bottle,web,120,28.0,5,140.0,11.0
2026-04-27,South,SKU-102,Nimbus Bottle,marketplace,61,28.0,2,56.0,11.0
2026-04-27,South,SKU-102,Nimbus Bottle,retail,30,28.0,1,28.0,11.0
2026-04-27,South,SKU-103,Halo Phone Stand,web,153,19.0,8,152.0,7.5
2026-04-27,South,SKU-103,Halo Phone Stand,marketplace,79,19.0,5,95.0,7.5
2026-04-27,South,SKU-103,Halo Phone Stand,retail,40,19.0,1,19.0,7.5
2026-04-27,South,SKU-104,Drift Yoga Mat,web,32,55.0,2,110.0,26.0
2026-04-27,South,SKU-104,Drift Yoga Mat,marketplace,16,55.0,1,55.0,26.0
2026-04-27,South,SKU-104,Drift Yoga Mat,retail,8,55.0,0,0.0,26.0
2026-04-27,West,SKU-101,Aurora Desk Lamp,web,45,42.0,1,42.0,24.0
2026-04-27,West,SKU-101,Aurora Desk Lamp,marketplace,23,42.0,0,0.0,24.0
2026-04-27,West,SKU-101,Aurora Desk Lamp,retail,11,42.0,0,0.0,24.0
2026-04-27,West,SKU-102,Nimbus Bottle,web,75,28.0,3,84.0,11.0
2026-04-27,West,SKU-102,Nimbus Bottle,marketplace,37,28.0,1,28.0,11.0
2026-04-27,West,SKU-102,Nimbus Bottle,retail,19,28.0,0,0.0,11.0
2026-04-27,West,SKU-103,Halo Phone Stand,web,95,19.0,4,76.0,7.5
2026-04-27,West,SKU-103,Halo Phone Stand,marketplace,49,19.0,1,19.0,7.5
2026-04-27,West,SKU-103,Halo Phone Stand,retail,23,19.0,1,19.0,7.5
2026-04-27,West,SKU-104,Drift Yoga Mat,web,21,55.0,1,55.0,26.0
2026-04-27,West,SKU-104,Drift Yoga Mat,marketplace,11,55.0,1,55.0,26.0
2026-04-27,West,SKU-104,Drift Yoga Mat,retail,5,55.0,0,0.0,26.0
2026-04-28,North,SKU-101,Aurora Desk Lamp,web,59,42.0,1,42.0,24.0
2026-04-28,North,SKU-101,Aurora Desk Lamp,marketplace,31,42.0,0,0.0,24.0
2026-04-28,North,SKU-101,Aurora Desk Lamp,retail,15,42.0,0,0.0,24.0
2026-04-28,North,SKU-102,Nimbus Bottle,web,104,28.0,4,112.0,11.0
2026-04-28,North,SKU-102,Nimbus Bottle,marketplace,54,28.0,1,28.0,11.0
2026-04-28,North,SKU-102,Nimbus Bottle,retail,25,28.0,1,28.0,11.0
2026-04-28,North,SKU-103,Halo Phone Stand,web,125,19.0,4,76.0,7.5
2026-04-28,North,SKU-103,Halo Phone Stand,marketplace,68,19.0,2,38.0,7.5
2026-04-28,North,SKU-103,Halo Phone Stand,retail,32,19.0,1,19.0,7.5
2026-04-28,North,SKU-104,Drift Yoga Mat,web,27,55.0,1,55.0,26.0
2026-04-28,North,SKU-104,Drift Yoga Mat,marketplace,15,55.0,1,55.0,26.0
2026-04-28,North,SKU-104,Drift Yoga Mat,retail,7,55.0,0,0.0,26.0
2026-04-28,South,SKU-101,Aurora Desk Lamp,web,68,42.0,1,42.0,24.0
2026-04-28,South,SKU-101,Aurora Desk Lamp,marketplace,37,42.0,1,42.0,24.0
2026-04-28,South,SKU-101,Aurora Desk Lamp,retail,19,42.0,0,0.0,24.0
2026-04-28,South,SKU-102,Nimbus Bottle,web,111,28.0,4,112.0,11.0
2026-04-28,South,SKU-102,Nimbus Bottle,marketplace,63,28.0,1,28.0,11.0
2026-04-28,South,SKU-102,Nimbus Bottle,retail,31,28.0,1,28.0,11.0
2026-04-28,South,SKU-103,Halo Phone Stand,web,143,19.0,5,95.0,7.5
2026-04-28,South,SKU-103,Halo Phone Stand,marketplace,81,19.0,5,95.0,7.5
2026-04-28,South,SKU-103,Halo Phone Stand,retail,39,19.0,1,19.0,7.5
2026-04-28,South,SKU-104,Drift Yoga Mat,web,32,55.0,3,165.0,26.0
2026-04-28,South,SKU-104,Drift Yoga Mat,marketplace,15,55.0,2,110.0,26.0
2026-04-28,South,SKU-104,Drift Yoga Mat,retail,7,55.0,0,0.0,26.0
2026-04-28,West,SKU-101,Aurora Desk Lamp,web,39,42.0,1,42.0,24.0
2026-04-28,West,SKU-101,Aurora Desk Lamp,marketplace,22,42.0,0,0.0,24.0
2026-04-28,West,SKU-101,Aurora Desk Lamp,retail,11,42.0,0,0.0,24.0
2026-04-28,West,SKU-102,Nimbus Bottle,web,70,28.0,2,56.0,11.0
2026-04-28,West,SKU-102,Nimbus Bottle,marketplace,40,28.0,1,28.0,11.0
2026-04-28,West,SKU-102,Nimbus Bottle,retail,18,28.0,0,0.0,11.0
2026-04-28,West,SKU-103,Halo Phone Stand,web,88,19.0,6,114.0,7.5
2026-04-28,West,SKU-103,Halo Phone Stand,marketplace,49,19.0,2,38.0,7.5
2026-04-28,West,SKU-103,Halo Phone Stand,retail,25,19.0,1,19.0,7.5
2026-04-28,West,SKU-104,Drift Yoga Mat,web,20,55.0,0,0.0,26.0
2026-04-28,West,SKU-104,Drift Yoga Mat,marketplace,10,55.0,0,0.0,26.0
2026-04-28,West,SKU-104,Drift Yoga Mat,retail,5,55.0,0,0.0,26.0
2026-04-29,North,SKU-101,Aurora Desk Lamp,web,59,42.0,1,42.0,24.0
2026-04-29,North,SKU-101,Aurora Desk Lamp,marketplace,29,42.0,0,0.0,24.0
2026-04-29,North,SKU-101,Aurora Desk Lamp,retail,16,42.0,0,0.0,24.0
2026-04-29,North,SKU-102,Nimbus Bottle,web,101,28.0,4,112.0,11.0
2026-04-29,North,SKU-102,Nimbus Bottle,marketplace,51,28.0,1,28.0,11.0
2026-04-29,North,SKU-102,Nimbus Bottle,retail,28,28.0,1,28.0,11.0
2026-04-29,North,SKU-103,Halo Phone Stand,web,118,19.0,6,114.0,7.5
2026-04-29,North,SKU-103,Halo Phone Stand,marketplace,70,19.0,3,57.0,7.5
2026-04-29,North,SKU-103,Halo Phone Stand,retail,34,19.0,1,19.0,7.5
2026-04-29,North,SKU-104,Drift Yoga Mat,web,28,55.0,2,110.0,26.0
2026-04-29,North,SKU-104,Drift Yoga Mat,marketplace,14,55.0,1,55.0,26.0
2026-04-29,North,SKU-104,Drift Yoga Mat,retail,7,55.0,0,0.0,26.0
2026-04-29,South,SKU-101,Aurora Desk Lamp,web,63,42.0,1,42.0,24.0
2026-04-29,South,SKU-101,Aurora Desk Lamp,marketplace,35,42.0,1,42.0,24.0
2026-04-29,South,SKU-101,Aurora Desk Lamp,retail,17,42.0,0,0.0,24.0
2026-04-29,South,SKU-102,Nimbus Bottle,web,113,28.0,2,56.0,11.0
2026-04-29,South,SKU-102,Nimbus Bottle,marketplace,59,28.0,2,56.0,11.0
2026-04-29,South,SKU-102,Nimbus Bottle,retail,27,28.0,1,28.0,11.0
2026-04-29,South,SKU-103,Halo Phone Stand,web,140,19.0,6,114.0,7.5
2026-04-29,South,SKU-103,Halo Phone Stand,marketplace,78,19.0,3,57.0,7.5
2026-04-29,South,SKU-103,Halo Phone Stand,retail,39,19.0,2,38.0,7.5
2026-04-29,South,SKU-104,Drift Yoga Mat,web,31,55.0,3,165.0,26.0
2026-04-29,South,SKU-104,Drift Yoga Mat,marketplace,16,55.0,2,110.0,26.0
2026-04-29,South,SKU-104,Drift Yoga Mat,retail,8,55.0,0,0.0,26.0
2026-04-29,West,SKU-101,Aurora Desk Lamp,web,43,42.0,1,42.0,24.0
2026-04-29,West,SKU-101,Aurora Desk Lamp,marketplace,21,42.0,0,0.0,24.0
2026-04-29,West,SKU-101,Aurora Desk Lamp,retail,10,42.0,0,0.0,24.0
2026-04-29,West,SKU-102,Nimbus Bottle,web,70,28.0,1,28.0,11.0
2026-04-29,West,SKU-102,Nimbus Bottle,marketplace,38,28.0,1,28.0,11.0
2026-04-29,West,SKU-102,Nimbus Bottle,retail,17,28.0,0,0.0,11.0
2026-04-29,West,SKU-103,Halo Phone Stand,web,86,19.0,5,95.0,7.5
2026-04-29,West,SKU-103,Halo Phone Stand,marketplace,52,19.0,3,57.0,7.5
2026-04-29,West,SKU-103,Halo Phone Stand,retail,25,19.0,1,19.0,7.5
2026-04-29,West,SKU-104,Drift Yoga Mat,web,19,55.0,1,55.0,26.0
2026-04-29,West,SKU-104,Drift Yoga Mat,marketplace,10,55.0,0,0.0,26.0
2026-04-29,West,SKU-104,Drift Yoga Mat,retail,5,55.0,0,0.0,26.0
2026-04-30,North,SKU-101,Aurora Desk Lamp,web,66,42.0,2,84.0,24.0
2026-04-30,North,SKU-101,Aurora Desk Lamp,marketplace,33,42.0,0,0.0,24.0
2026-04-30,North,SKU-101,Aurora Desk Lamp,retail,15,42.0,0,0.0,24.0
2026-04-30,North,SKU-102,Nimbus Bottle,web,107,28.0,4,112.0,11.0
2026-04-30,North,SKU-102,Nimbus Bottle,marketplace,61,28.0,2,56.0,11.0
2026-04-30,North,SKU-102,Nimbus Bottle,retail,29,28.0,0,0.0,11.0
2026-04-30,North,SKU-103,Halo Phone Stand,web,141,19.0,8,152.0,7.5
2026-04-30,North,SKU-103,Halo Phone Stand,marketplace,74,19.0,3,57.0,7.5
2026-04-30,North,SKU-103,Halo Phone Stand,retail,36,19.0,1,19.0,7.5
2026-04-30,North,SKU-104,Drift Yoga Mat,web,31,55.0,2,110.0,26.0
2026-04-30,North,SKU-104,Drift Yoga Mat,marketplace,15,55.0,1,55.0,26.0
2026-04-30,North,SKU-104,Drift Yoga Mat,retail,7,55.0,0,0.0,26.0
2026-04-30,South,SKU-101,Aurora Desk Lamp,web,71,42.0,2,84.0,24.0
2026-04-30,South,SKU-101,Aurora Desk Lamp,marketplace,39,42.0,1,42.0,24.0
2026-04-30,South,SKU-101,Aurora Desk Lamp,retail,18,42.0,0,0.0,24.0
2026-04-30,South,SKU-102,Nimbus Bottle,web,133,28.0,4,112.0,11.0
2026-04-30,South,SKU-102,Nimbus Bottle,marketplace,68,28.0,1,28.0,11.0
2026-04-30,South,SKU-102,Nimbus Bottle,retail,32,28.0,1,28.0,11.0
2026-04-30,South,SKU-103,Halo Phone Stand,web,160,19.0,8,152.0,7.5
2026-04-30,South,SKU-103,Halo Phone Stand,marketplace,85,19.0,3,57.0,7.5
2026-04-30,South,SKU-103,Halo Phone Stand,retail,41,19.0,1,19.0,7.5
2026-04-30,South,SKU-104,Drift Yoga Mat,web,35,55.0,3,165.0,26.0
2026-04-30,South,SKU-104,Drift Yoga Mat,marketplace,17,55.0,1,55.0,26.0
2026-04-30,South,SKU-104,Drift Yoga Mat,retail,9,55.0,0,0.0,26.0
2026-04-30,West,SKU-101,Aurora Desk Lamp,web,46,42.0,1,42.0,24.0
2026-04-30,West,SKU-101,Aurora Desk Lamp,marketplace,22,42.0,0,0.0,24.0
2026-04-30,West,SKU-101,Aurora Desk Lamp,retail,12,42.0,0,0.0,24.0
2026-04-30,West,SKU-102,Nimbus Bottle,web,78,28.0,2,56.0,11.0
2026-04-30,West,SKU-102,Nimbus Bottle,marketplace,41,28.0,1,28.0,11.0
2026-04-30,West,SKU-102,Nimbus Bottle,retail,19,28.0,0,0.0,11.0
2026-04-30,West,SKU-103,Halo Phone Stand,web,98,19.0,4,76.0,7.5
2026-04-30,West,SKU-103,Halo Phone Stand,marketplace,55,19.0,3,57.0,7.5
2026-04-30,West,SKU-103,Halo Phone Stand,retail,27,19.0,1,19.0,7.5
2026-04-30,West,SKU-104,Drift Yoga Mat,web,23,55.0,2,110.0,26.0
2026-04-30,West,SKU-104,Drift Yoga Mat,marketplace,11,55.0,1,55.0,26.0
2026-04-30,West,SKU-104,Drift Yoga Mat,retail,5,55.0,0,0.0,26.0
2026-05-01,North,SKU-101,Aurora Desk Lamp,web,71,42.0,1,42.0,24.0
2026-05-01,North,SKU-101,Aurora Desk Lamp,marketplace,38,42.0,0,0.0,24.0
2026-05-01,North,SKU-101,Aurora Desk Lamp,retail,18,42.0,0,0.0,24.0
2026-05-01,North,SKU-102,Nimbus Bottle,web,133,28.0,5,140.0,11.0
2026-05-01,North,SKU-102,Nimbus Bottle,marketplace,69,28.0,3,84.0,11.0
2026-05-01,North,SKU-102,Nimbus Bottle,retail,32,28.0,1,28.0,11.0
2026-05-01,North,SKU-103,Halo Phone Stand,web,154,19.0,7,133.0,7.5
2026-05-01,North,SKU-103,Halo Phone Stand,marketplace,85,19.0,4,76.0,7.5
2026-05-01,North,SKU-103,Halo Phone Stand,retail,44,19.0,2,38.0,7.5
2026-05-01,North,SKU-104,Drift Yoga Mat,web,34,55.0,2,110.0,26.0
2026-05-01,North,SKU-104,Drift Yoga Mat,marketplace,17,55.0,1,55.0,26.0
2026-05-01,North,SKU-104,Drift Yoga Mat,retail,8,55.0,0,0.0,26.0
2026-05-01,South,SKU-101,Aurora Desk Lamp,web,85,42.0,1,42.0,24.0
2026-05-01,South,SKU-101,Aurora Desk Lamp,marketplace,46,42.0,1,42.0,24.0
2026-05-01,South,SKU-101,Aurora Desk Lamp,retail,23,42.0,0,0.0,24.0
2026-05-01,South,SKU-102,Nimbus Bottle,web,146,28.0,3,84.0,11.0
2026-05-01,South,SKU-102,Nimbus Bottle,marketplace,79,28.0,3,84.0,11.0
2026-05-01,South,SKU-102,Nimbus Bottle,retail,37,28.0,1,28.0,11.0
2026-05-01,South,SKU-103,Halo Phone Stand,web,197,19.0,14,266.0,7.5
2026-05-01,South,SKU-103,Halo Phone Stand,marketplace,104,19.0,4,76.0,7.5
2026-05-01,South,SKU-103,Halo Phone Stand,retail,51,19.0,2,38.0,7.5
2026-05-01,South,SKU-104,Drift Yoga Mat,web,41,55.0,5,275.0,26.0
2026-05-01,South,SKU-104,Drift Yoga Mat,marketplace,21,55.0,2,110.0,26.0
2026-05-01,South,SKU-104,Drift Yoga Mat,retail,10,55.0,0,0.0,26.0
2026-05-01,West,SKU-101,Aurora Desk Lamp,web,51,42.0,1,42.0,24.0
2026-05-01,West,SKU-101,Aurora Desk Lamp,marketplace,28,42.0,1,42.0,24.0
2026-05-01,West,SKU-101,Aurora Desk Lamp,retail,14,42.0,0,0.0,24.0
2026-05-01,West,SKU-102,Nimbus Bottle,web,88,28.0,2,56.0,11.0
2026-05-01,West,SKU-102,Nimbus Bottle,marketplace,50,28.0,2,56.0,11.0
2026-05-01,West,SKU-102,Nimbus Bottle,retail,26,28.0,0,0.0,11.0
2026-05-01,West,SKU-103,Halo Phone Stand,web,109,19.0,6,114.0,7.5
2026-05-01,West,SKU-103,Halo Phone Stand,marketplace,59,19.0,2,38.0,7.5
2026-05-01,West,SKU-103,Halo Phone Stand,retail,31,19.0,1,19.0,7.5
2026-05-01,West,SKU-104,Drift Yoga Mat,web,24,55.0,2,110.0,26.0
2026-05-01,West,SKU-104,Drift Yoga Mat,marketplace,13,55.0,1,55.0,26.0
2026-05-01,West,SKU-104,Drift Yoga Mat,retail,7,55.0,0,0.0,26.0
2026-05-02,North,SKU-101,Aurora Desk Lamp,web,87,42.0,2,84.0,24.0
2026-05-02,North,SKU-101,Aurora Desk Lamp,marketplace,47,42.0,0,0.0,24.0
2026-05-02,North,SKU-101,Aurora Desk Lamp,retail,23,42.0,0,0.0,24.0
2026-05-02,North,SKU-102,Nimbus Bottle,web,146,28.0,5,140.0,11.0
2026-05-02,North,SKU-102,Nimbus Bottle,marketplace,80,28.0,3,84.0,11.0
2026-05-02,North,SKU-102,Nimbus Bottle,retail,38,28.0,1,28.0,11.0
2026-05-02,North,SKU-103,Halo Phone Stand,web,175,19.0,6,114.0,7.5
2026-05-02,North,SKU-103,Halo Phone Stand,marketplace,104,19.0,4,76.0,7.5
2026-05-02,North,SKU-103,Halo Phone Stand,retail,50,19.0,3,57.0,7.5
2026-05-02,North,SKU-104,Drift Yoga Mat,web,40,55.0,2,110.0,26.0
2026-05-02,North,SKU-104,Drift Yoga Mat,marketplace,22,55.0,1,55.0,26.0
2026-05-02,North,SKU-104,Drift Yoga Mat,retail,11,55.0,0,0.0,26.0
2026-05-02,South,SKU-101,Aurora Desk Lamp,web,100,42.0,2,84.0,24.0
2026-05-02,South,SKU-101,Aurora Desk Lamp,marketplace,52,42.0,1,42.0,24.0
2026-05-02,South,SKU-101,Aurora Desk Lamp,retail,24,42.0,0,0.0,24.0
2026-05-02,South,SKU-102,Nimbus Bottle,web,170,28.0,5,140.0,11.0
2026-05-02,South,SKU-102,Nimbus Bottle,marketplace,91,28.0,3,84.0,11.0
2026-05-02,South,SKU-102,Nimbus Bottle,retail,45,28.0,1,28.0,11.0
2026-05-02,South,SKU-103,Halo Phone Stand,web,222,19.0,14,266.0,7.5
2026-05-02,South,SKU-103,Halo Phone Stand,marketplace,120,19.0,4,76.0,7.5
2026-05-02,South,SKU-103,Halo Phone Stand,retail,60,19.0,3,57.0,7.5
2026-05-02,South,SKU-104,Drift Yoga Mat,web,45,55.0,4,220.0,26.0
2026-05-02,South,SKU-104,Drift Yoga Mat,marketplace,25,55.0,1,55.0,26.0
2026-05-02,South,SKU-104,Drift Yoga Mat,retail,11,55.0,0,0.0,26.0
2026-05-02,West,SKU-101,Aurora Desk Lamp,web,60,42.0,1,42.0,24.0
2026-05-02,West,SKU-101,Aurora Desk Lamp,marketplace,32,42.0,1,42.0,24.0
2026-05-02,West,SKU-101,Aurora Desk Lamp,retail,15,42.0,0,0.0,24.0
2026-05-02,West,SKU-102,Nimbus Bottle,web,106,28.0,3,84.0,11.0
2026-05-02,West,SKU-102,Nimbus Bottle,marketplace,58,28.0,2,56.0,11.0
2026-05-02,West,SKU-102,Nimbus Bottle,retail,31,28.0,0,0.0,11.0
2026-05-02,West,SKU-103,Halo Phone Stand,web,129,19.0,6,114.0,7.5
2026-05-02,West,SKU-103,Halo Phone Stand,marketplace,75,19.0,2,38.0,7.5
2026-05-02,West,SKU-103,Halo Phone Stand,retail,33,19.0,1,19.0,7.5
2026-05-02,West,SKU-104,Drift Yoga Mat,web,28,55.0,2,110.0,26.0
2026-05-02,West,SKU-104,Drift Yoga Mat,marketplace,16,55.0,1,55.0,26.0
2026-05-02,West,SKU-104,Drift Yoga Mat,retail,7,55.0,0,0.0,26.0
2026-05-03,North,SKU-101,Aurora Desk Lamp,web,80,42.0,2,84.0,24.0
2026-05-03,North,SKU-101,Aurora Desk Lamp,marketplace,44,42.0,1,42.0,24.0
2026-05-03,North,SKU-101,Aurora Desk Lamp,retail,22,42.0,0,0.0,24.0
2026-05-03,North,SKU-102,Nimbus Bottle,web,140,28.0,5,140.0,11.0
2026-05-03,North,SKU-102,Nimbus Bottle,marketplace,74,28.0,2,56.0,11.0
2026-05-03,North,SKU-102,Nimbus Bottle,retail,39,28.0,1,28.0,11.0
2026-05-03,North,SKU-103,Halo Phone Stand,web,182,19.0,7,133.0,7.5
2026-05-03,North,SKU-103,Halo Phone Stand,marketplace,94,19.0,3,57.0,7.5
2026-05-03,North,SKU-103,Halo Phone Stand,retail,48,19.0,1,19.0,7.5
2026-05-03,North,SKU-104,Drift Yoga Mat,web,41,55.0,4,220.0,26.0
2026-05-03,North,SKU-104,Drift Yoga Mat,marketplace,20,55.0,1,55.0,26.0
2026-05-03,North,SKU-104,Drift Yoga Mat,retail,10,55.0,0,0.0,26.0
2026-05-03,South,SKU-101,Aurora Desk Lamp,web,98,42.0,3,126.0,24.0
2026-05-03,South,SKU-101,Aurora Desk Lamp,marketplace,49,42.0,0,0.0,24.0
2026-05-03,South,SKU-101,Aurora Desk Lamp,retail,23,42.0,0,0.0,24.0
2026-05-03,South,SKU-102,Nimbus Bottle,web,161,28.0,5,140.0,11.0
2026-05-03,South,SKU-102,Nimbus Bottle,marketplace,82,28.0,3,84.0,11.0
2026-05-03,South,SKU-102,Nimbus Bottle,retail,43,28.0,1,28.0,11.0
2026-05-03,South,SKU-103,Halo Phone Stand,web,201,19.0,9,171.0,7.5
2026-05-03,South,SKU-103,Halo Phone Stand,marketplace,110,19.0,4,76.0,7.5
2026-05-03,South,SKU-103,Halo Phone Stand,retail,53,19.0,2,38.0,7.5
2026-05-03,South,SKU-104,Drift Yoga Mat,web,46,55.0,4,220.0,26.0
2026-05-03,South,SKU-104,Drift Yoga Mat,marketplace,25,55.0,2,110.0,26.0
2026-05-03,South,SKU-104,Drift Yoga Mat,retail,12,55.0,0,0.0,26.0
2026-05-03,West,SKU-101,Aurora Desk Lamp,web,60,42.0,1,42.0,24.0
2026-05-03,West,SKU-101,Aurora Desk Lamp,marketplace,30,42.0,0,0.0,24.0
2026-05-03,West,SKU-101,Aurora Desk Lamp,retail,15,42.0,0,0.0,24.0
2026-05-03,West,SKU-102,Nimbus Bottle,web,102,28.0,3,84.0,11.0
2026-05-03,West,SKU-102,Nimbus Bottle,marketplace,53,28.0,1,28.0,11.0
2026-05-03,West,SKU-102,Nimbus Bottle,retail,25,28.0,1,28.0,11.0
2026-05-03,West,SKU-103,Halo Phone Stand,web,129,19.0,7,133.0,7.5
2026-05-03,West,SKU-103,Halo Phone Stand,marketplace,64,19.0,5,95.0,7.5
2026-05-03,West,SKU-103,Halo Phone Stand,retail,32,19.0,1,19.0,7.5
2026-05-03,West,SKU-104,Drift Yoga Mat,web,28,55.0,3,165.0,26.0
2026-05-03,West,SKU-104,Drift Yoga Mat,marketplace,14,55.0,1,55.0,26.0
2026-05-03,West,SKU-104,Drift Yoga Mat,retail,7,55.0,0,0.0,26.0
2026-05-04,North,SKU-101,Aurora Desk Lamp,web,59,42.0,1,42.0,24.0
2026-05-04,North,SKU-101,Aurora Desk Lamp,marketplace,30,42.0,0,0.0,24.0
2026-05-04,North,SKU-101,Aurora Desk Lamp,retail,14,42.0,0,0.0,24.0
2026-05-04,North,SKU-102,Nimbus Bottle,web,103,28.0,4,112.0,11.0
2026-05-04,North,SKU-102,Nimbus Bottle,marketplace,55,28.0,1,28.0,11.0
2026-05-04,North,SKU-102,Nimbus Bottle,retail,28,28.0,1,28.0,11.0
2026-05-04,North,SKU-103,Halo Phone Stand,web,128,19.0,6,114.0,7.5
2026-05-04,North,SKU-103,Halo Phone Stand,marketplace,72,19.0,4,76.0,7.5
2026-05-04,North,SKU-103,Halo Phone Stand,retail,34,19.0,1,19.0,7.5
2026-05-04,North,SKU-104,Drift Yoga Mat,web,31,55.0,2,110.0,26.0
2026-05-04,North,SKU-104,Drift Yoga Mat,marketplace,15,55.0,1,55.0,26.0
2026-05-04,North,SKU-104,Drift Yoga Mat,retail,8,55.0,0,0.0,26.0
2026-05-04,South,SKU-101,Aurora Desk Lamp,web,64,42.0,1,42.0,24.0
2026-05-04,South,SKU-101,Aurora Desk Lamp,marketplace,40,42.0,1,42.0,24.0
2026-05-04,South,SKU-101,Aurora Desk Lamp,retail,18,42.0,0,0.0,24.0
2026-05-04,South,SKU-102,Nimbus Bottle,web,111,28.0,2,56.0,11.0
2026-05-04,South,SKU-102,Nimbus Bottle,marketplace,67,28.0,1,28.0,11.0
2026-05-04,South,SKU-102,Nimbus Bottle,retail,34,28.0,1,28.0,11.0
2026-05-04,South,SKU-103,Halo Phone Stand,web,146,19.0,5,95.0,7.5
2026-05-04,South,SKU-103,Halo Phone Stand,marketplace,91,19.0,4,76.0,7.5
2026-05-04,South,SKU-103,Halo Phone Stand,retail,40,19.0,2,38.0,7.5
2026-05-04,South,SKU-104,Drift Yoga Mat,web,32,55.0,2,110.0,26.0
2026-05-04,South,SKU-104,Drift Yoga Mat,marketplace,17,55.0,1,55.0,26.0
2026-05-04,South,SKU-104,Drift Yoga Mat,retail,9,55.0,0,0.0,26.0
2026-05-04,West,SKU-101,Aurora Desk Lamp,web,44,42.0,0,0.0,24.0
2026-05-04,West,SKU-101,Aurora Desk Lamp,marketplace,22,42.0,0,0.0,24.0
2026-05-04,West,SKU-101,Aurora Desk Lamp,retail,11,42.0,0,0.0,24.0
2026-05-04,West,SKU-102,Nimbus Bottle,web,74,28.0,2,56.0,11.0
2026-05-04,West,SKU-102,Nimbus Bottle,marketplace,40,28.0,1,28.0,11.0
2026-05-04,West,SKU-102,Nimbus Bottle,retail,18,28.0,0,0.0,11.0
2026-05-04,West,SKU-103,Halo Phone Stand,web,96,19.0,5,95.0,7.5
2026-05-04,West,SKU-103,Halo Phone Stand,marketplace,47,19.0,1,19.0,7.5
2026-05-04,West,SKU-103,Halo Phone Stand,retail,24,19.0,1,19.0,7.5
2026-05-04,West,SKU-104,Drift Yoga Mat,web,22,55.0,1,55.0,26.0
2026-05-04,West,SKU-104,Drift Yoga Mat,marketplace,10,55.0,0,0.0,26.0
2026-05-04,West,SKU-104,Drift Yoga Mat,retail,5,55.0,0,0.0,26.0
2026-05-05,North,SKU-101,Aurora Desk Lamp,web,59,42.0,1,42.0,24.0
2026-05-05,North,SKU-101,Aurora Desk Lamp,marketplace,33,42.0,1,42.0,24.0
2026-05-05,North,SKU-101,Aurora Desk Lamp,retail,15,42.0,0,0.0,24.0
2026-05-05,North,SKU-102,Nimbus Bottle,web,106,28.0,6,168.0,11.0
2026-05-05,North,SKU-102,Nimbus Bottle,marketplace,54,28.0,2,56.0,11.0
2026-05-05,North,SKU-102,Nimbus Bottle,retail,29,28.0,0,0.0,11.0
2026-05-05,North,SKU-103,Halo Phone Stand,web,132,19.0,3,57.0,7.5
2026-05-05,North,SKU-103,Halo Phone Stand,marketplace,67,19.0,3,57.0,7.5
2026-05-05,North,SKU-103,Halo Phone Stand,retail,33,19.0,1,19.0,7.5
2026-05-05,North,SKU-104,Drift Yoga Mat,web,29,55.0,2,110.0,26.0
2026-05-05,North,SKU-104,Drift Yoga Mat,marketplace,14,55.0,1,55.0,26.0
2026-05-05,North,SKU-104,Drift Yoga Mat,retail,7,55.0,0,0.0,26.0
2026-05-05,South,SKU-101,Aurora Desk Lamp,web,66,42.0,1,42.0,24.0
2026-05-05,South,SKU-101,Aurora Desk Lamp,marketplace,38,42.0,1,42.0,24.0
2026-05-05,South,SKU-101,Aurora Desk Lamp,retail,19,42.0,0,0.0,24.0
2026-05-05,South,SKU-102,Nimbus Bottle,web,115,28.0,4,112.0,11.0
2026-05-05,South,SKU-102,Nimbus Bottle,marketplace,61,28.0,1,28.0,11.0
2026-05-05,South,SKU-102,Nimbus Bottle,retail,29,28.0,1,28.0,11.0
2026-05-05,South,SKU-103,Halo Phone Stand,web,146,19.0,10,190.0,7.5
2026-05-05,South,SKU-103,Halo Phone Stand,marketplace,77,19.0,3,57.0,7.5
2026-05-05,South,SKU-103,Halo Phone Stand,retail,38,19.0,1,19.0,7.5
2026-05-05,South,SKU-104,Drift Yoga Mat,web,34,55.0,2,110.0,26.0
2026-05-05,South,SKU-104,Drift Yoga Mat,marketplace,17,55.0,1,55.0,26.0
2026-05-05,South,SKU-104,Drift Yoga Mat,retail,8,55.0,0,0.0,26.0
2026-05-05,West,SKU-101,Aurora Desk Lamp,web,43,42.0,1,42.0,24.0
2026-05-05,West,SKU-101,Aurora Desk Lamp,marketplace,22,42.0,0,0.0,24.0
2026-05-05,West,SKU-101,Aurora Desk Lamp,retail,11,42.0,0,0.0,24.0
2026-05-05,West,SKU-102,Nimbus Bottle,web,68,28.0,3,84.0,11.0
2026-05-05,West,SKU-102,Nimbus Bottle,marketplace,38,28.0,1,28.0,11.0
2026-05-05,West,SKU-102,Nimbus Bottle,retail,18,28.0,0,0.0,11.0
2026-05-05,West,SKU-103,Halo Phone Stand,web,93,19.0,5,95.0,7.5
2026-05-05,West,SKU-103,Halo Phone Stand,marketplace,46,19.0,2,38.0,7.5
2026-05-05,West,SKU-103,Halo Phone Stand,retail,22,19.0,1,19.0,7.5
2026-05-05,West,SKU-104,Drift Yoga Mat,web,20,55.0,2,110.0,26.0
2026-05-05,West,SKU-104,Drift Yoga Mat,marketplace,10,55.0,1,55.0,26.0
2026-05-05,West,SKU-104,Drift Yoga Mat,retail,5,55.0,0,0.0,26.0
2026-05-06,North,SKU-101,Aurora Desk Lamp,web,59,42.0,1,42.0,24.0
2026-05-06,North,SKU-101,Aurora Desk Lamp,marketplace,30,42.0,1,42.0,24.0
2026-05-06,North,SKU-101,Aurora Desk Lamp,retail,14,42.0,0,0.0,24.0
2026-05-06,North,SKU-102,Nimbus Bottle,web,95,28.0,3,84.0,11.0
2026-05-06,North,SKU-102,Nimbus Bottle,marketplace,53,28.0,2,56.0,11.0
2026-05-06,North,SKU-102,Nimbus Bottle,retail,28,28.0,1,28.0,11.0
2026-05-06,North,SKU-103,Halo Phone Stand,web,126,19.0,6,114.0,7.5
2026-05-06,North,SKU-103,Halo Phone Stand,marketplace,72,19.0,2,38.0,7.5
2026-05-06,North,SKU-103,Halo Phone Stand,retail,34,19.0,2,38.0,7.5
2026-05-06,North,SKU-104,Drift Yoga Mat,web,28,55.0,1,55.0,26.0
2026-05-06,North,SKU-104,Drift Yoga Mat,marketplace,14,55.0,0,0.0,26.0
2026-05-06,North,SKU-104,Drift Yoga Mat,retail,7,55.0,0,0.0,26.0
2026-05-06,South,SKU-101,Aurora Desk Lamp,web,68,42.0,2,84.0,24.0
2026-05-06,South,SKU-101,Aurora Desk Lamp,marketplace,35,42.0,0,0.0,24.0
2026-05-06,South,SKU-101,Aurora Desk Lamp,retail,17,42.0,0,0.0,24.0
2026-05-06,South,SKU-102,Nimbus Bottle,web,113,28.0,4,112.0,11.0
2026-05-06,South,SKU-102,Nimbus Bottle,marketplace,62,28.0,3,84.0,11.0
2026-05-06,South,SKU-102,Nimbus Bottle,retail,29,28.0,1,28.0,11.0
2026-05-06,South,SKU-103,Halo Phone Stand,web,143,19.0,9,171.0,7.5
2026-05-06,South,SKU-103,Halo Phone Stand,marketplace,77,19.0,2,38.0,7.5
2026-05-06,South,SKU-103,Halo Phone Stand,retail,35,19.0,1,19.0,7.5
2026-05-06,South,SKU-104,Drift Yoga Mat,web,30,55.0,2,110.0,26.0
2026-05-06,South,SKU-104,Drift Yoga Mat,marketplace,15,55.0,1,55.0,26.0
2026-05-06,South,SKU-104,Drift Yoga Mat,retail,8,55.0,0,0.0,26.0
2026-05-06,West,SKU-101,Aurora Desk Lamp,web,42,42.0,1,42.0,24.0
2026-05-06,West,SKU-101,Aurora Desk Lamp,marketplace,22,42.0,1,42.0,24.0
2026-05-06,West,SKU-101,Aurora Desk Lamp,retail,10,42.0,0,0.0,24.0
2026-05-06,West,SKU-102,Nimbus Bottle,web,66,28.0,2,56.0,11.0
2026-05-06,West,SKU-102,Nimbus Bottle,marketplace,38,28.0,1,28.0,11.0
2026-05-06,West,SKU-102,Nimbus Bottle,retail,18,28.0,0,0.0,11.0
2026-05-06,West,SKU-103,Halo Phone Stand,web,91,19.0,4,76.0,7.5
2026-05-06,West,SKU-103,Halo Phone Stand,marketplace,49,19.0,2,38.0,7.5
2026-05-06,West,SKU-103,Halo Phone Stand,retail,24,19.0,1,19.0,7.5
2026-05-06,West,SKU-104,Drift Yoga Mat,web,21,55.0,1,55.0,26.0
2026-05-06,West,SKU-104,Drift Yoga Mat,marketplace,10,55.0,1,55.0,26.0
2026-05-06,West,SKU-104,Drift Yoga Mat,retail,5,55.0,0,0.0,26.0
2026-05-07,North,SKU-101,Aurora Desk Lamp,web,62,42.0,2,84.0,24.0
2026-05-07,North,SKU-101,Aurora Desk Lamp,marketplace,33,42.0,1,42.0,24.0
2026-05-07,North,SKU-101,Aurora Desk Lamp,retail,16,42.0,0,0.0,24.0
2026-05-07,North,SKU-102,Nimbus Bottle,web,112,28.0,3,84.0,11.0
2026-05-07,North,SKU-102,Nimbus Bottle,marketplace,56,28.0,2,56.0,11.0
2026-05-07,North,SKU-102,Nimbus Bottle,retail,30,28.0,1,28.0,11.0
2026-05-07,North,SKU-103,Halo Phone Stand,web,138,19.0,6,114.0,7.5
2026-05-07,North,SKU-103,Halo Phone Stand,marketplace,77,19.0,3,57.0,7.5
2026-05-07,North,SKU-103,Halo Phone Stand,retail,38,19.0,1,19.0,7.5
2026-05-07,North,SKU-104,Drift Yoga Mat,web,30,55.0,2,110.0,26.0
2026-05-07,North,SKU-104,Drift Yoga Mat,marketplace,17,55.0,2,110.0,26.0
2026-05-07,North,SKU-104,Drift Yoga Mat,retail,8,55.0,1,55.0,26.0
2026-05-07,South,SKU-101,Aurora Desk Lamp,web,74,42.0,1,42.0,24.0
2026-05-07,South,SKU-101,Aurora Desk Lamp,marketplace,38,42.0,0,0.0,24.0
2026-05-07,South,SKU-101,Aurora Desk Lamp,retail,18,42.0,0,0.0,24.0
2026-05-07,South,SKU-102,Nimbus Bottle,web,126,28.0,1,28.0,11.0
2026-05-07,South,SKU-102,Nimbus Bottle,marketplace,72,28.0,3,84.0,11.0
2026-05-07,South,SKU-102,Nimbus Bottle,retail,36,28.0,1,28.0,11.0
2026-05-07,South,SKU-103,Halo Phone Stand,web,160,19.0,9,171.0,7.5
2026-05-07,South,SKU-103,Halo Phone Stand,marketplace,86,19.0,5,95.0,7.5
2026-05-07,South,SKU-103,Halo Phone Stand,retail,45,19.0,1,19.0,7.5
2026-05-07,South,SKU-104,Drift Yoga Mat,web,35,55.0,2,110.0,26.0
2026-05-07,South,SKU-104,Drift Yoga Mat,marketplace,16,55.0,1,55.0,26.0
2026-05-07,South,SKU-104,Drift Yoga Mat,retail,8,55.0,0,0.0,26.0
2026-05-07,West,SKU-101,Aurora Desk Lamp,web,48,42.0,0,0.0,24.0
2026-05-07,West,SKU-101,Aurora Desk Lamp,marketplace,24,42.0,0,0.0,24.0
2026-05-07,West,SKU-101,Aurora Desk Lamp,retail,12,42.0,0,0.0,24.0
2026-05-07,West,SKU-102,Nimbus Bottle,web,77,28.0,2,56.0,11.0
2026-05-07,West,SKU-102,Nimbus Bottle,marketplace,43,28.0,2,56.0,11.0
2026-05-07,West,SKU-102,Nimbus Bottle,retail,20,28.0,0,0.0,11.0
2026-05-07,West,SKU-103,Halo Phone Stand,web,106,19.0,7,133.0,7.5
2026-05-07,West,SKU-103,Halo Phone Stand,marketplace,56,19.0,2,38.0,7.5
2026-05-07,West,SKU-103,Halo Phone Stand,retail,26,19.0,1,19.0,7.5
2026-05-07,West,SKU-104,Drift Yoga Mat,web,22,55.0,2,110.0,26.0
2026-05-07,West,SKU-104,Drift Yoga Mat,marketplace,12,55.0,0,0.0,26.0
2026-05-07,West,SKU-104,Drift Yoga Mat,retail,5,55.0,0,0.0,26.0
2026-05-08,North,SKU-101,Aurora Desk Lamp,web,71,42.0,3,126.0,24.0
2026-05-08,North,SKU-101,Aurora Desk Lamp,marketplace,40,42.0,1,42.0,24.0
2026-05-08,North,SKU-101,Aurora Desk Lamp,retail,19,42.0,0,0.0,24.0
2026-05-08,North,SKU-102,Nimbus Bottle,web,132,28.0,7,196.0,11.0
2026-05-08,North,SKU-102,Nimbus Bottle,marketplace,67,28.0,2,56.0,11.0
2026-05-08,North,SKU-102,Nimbus Bottle,retail,33,28.0,1,28.0,11.0
2026-05-08,North,SKU-103,Halo Phone Stand,web,159,19.0,8,152.0,7.5
2026-05-08,North,SKU-103,Halo Phone Stand,marketplace,86,19.0,4,76.0,7.5
2026-05-08,North,SKU-103,Halo Phone Stand,retail,43,19.0,2,38.0,7.5
2026-05-08,North,SKU-104,Drift Yoga Mat,web,37,55.0,3,165.0,26.0
2026-05-08,North,SKU-104,Drift Yoga Mat,marketplace,17,55.0,1,55.0,26.0
2026-05-08,North,SKU-104,Drift Yoga Mat,retail,8,55.0,0,0.0,26.0
2026-05-08,South,SKU-101,Aurora Desk Lamp,web,84,42.0,2,84.0,24.0
2026-05-08,South,SKU-101,Aurora Desk Lamp,marketplace,45,42.0,1,42.0,24.0
2026-05-08,South,SKU-101,Aurora Desk Lamp,retail,22,42.0,0,0.0,24.0
2026-05-08,South,SKU-102,Nimbus Bottle,web,148,28.0,6,168.0,11.0
2026-05-08,South,SKU-102,Nimbus Bottle,marketplace,78,28.0,3,84.0,11.0
2026-05-08,South,SKU-102,Nimbus Bottle,retail,38,28.0,1,28.0,11.0
2026-05-08,South,SKU-103,Halo Phone Stand,web,185,19.0,9,171.0,7.5
2026-05-08,South,SKU-103,Halo Phone Stand,marketplace,92,19.0,6,114.0,7.5
2026-05-08,South,SKU-103,Halo Phone Stand,retail,48,19.0,2,38.0,7.5
2026-05-08,South,SKU-104,Drift Yoga Mat,web,41,55.0,3,165.0,26.0
2026-05-08,South,SKU-104,Drift Yoga Mat,marketplace,21,55.0,1,55.0,26.0
2026-05-08,South,SKU-104,Drift Yoga Mat,retail,10,55.0,0,0.0,26.0
2026-05-08,West,SKU-101,Aurora Desk Lamp,web,54,42.0,1,42.0,24.0
2026-05-08,West,SKU-101,Aurora Desk Lamp,marketplace,28,42.0,0,0.0,24.0
2026-05-08,West,SKU-101,Aurora Desk Lamp,retail,13,42.0,0,0.0,24.0
2026-05-08,West,SKU-102,Nimbus Bottle,web,90,28.0,3,84.0,11.0
2026-05-08,West,SKU-102,Nimbus Bottle,marketplace,49,28.0,0,0.0,11.0
2026-05-08,West,SKU-102,Nimbus Bottle,retail,25,28.0,1,28.0,11.0
2026-05-08,West,SKU-103,Halo Phone Stand,web,116,19.0,9,171.0,7.5
2026-05-08,West,SKU-103,Halo Phone Stand,marketplace,64,19.0,2,38.0,7.5
2026-05-08,West,SKU-103,Halo Phone Stand,retail,31,19.0,1,19.0,7.5
2026-05-08,West,SKU-104,Drift Yoga Mat,web,25,55.0,2,110.0,26.0
2026-05-08,West,SKU-104,Drift Yoga Mat,marketplace,13,55.0,0,0.0,26.0
2026-05-08,West,SKU-104,Drift Yoga Mat,retail,6,55.0,0,0.0,26.0
2026-05-09,North,SKU-101,Aurora Desk Lamp,web,86,42.0,1,42.0,24.0
2026-05-09,North,SKU-101,Aurora Desk Lamp,marketplace,45,42.0,1,42.0,24.0
2026-05-09,North,SKU-101,Aurora Desk Lamp,retail,24,42.0,0,0.0,24.0
2026-05-09,North,SKU-102,Nimbus Bottle,web,153,28.0,4,112.0,11.0
2026-05-09,North,SKU-102,Nimbus Bottle,marketplace,79,28.0,1,28.0,11.0
2026-05-09,North,SKU-102,Nimbus Bottle,retail,36,28.0,1,28.0,11.0
2026-05-09,North,SKU-103,Halo Phone Stand,web,200,19.0,8,152.0,7.5
2026-05-09,North,SKU-103,Halo Phone Stand,marketplace,96,19.0,5,95.0,7.5
2026-05-09,North,SKU-103,Halo Phone Stand,retail,51,19.0,2,38.0,7.5
2026-05-09,North,SKU-104,Drift Yoga Mat,web,39,55.0,4,220.0,26.0
2026-05-09,North,SKU-104,Drift Yoga Mat,marketplace,21,55.0,1,55.0,26.0
2026-05-09,North,SKU-104,Drift Yoga Mat,retail,12,55.0,0,0.0,26.0
2026-05-09,South,SKU-101,Aurora Desk Lamp,web,101,42.0,2,84.0,24.0
2026-05-09,South,SKU-101,Aurora Desk Lamp,marketplace,55,42.0,1,42.0,24.0
2026-05-09,South,SKU-101,Aurora Desk Lamp,retail,29,42.0,0,0.0,24.0
2026-05-09,South,SKU-102,Nimbus Bottle,web,174,28.0,7,196.0,11.0
2026-05-09,South,SKU-102,Nimbus Bottle,marketplace,87,28.0,3,84.0,11.0
2026-05-09,South,SKU-102,Nimbus Bottle,retail,41,28.0,1,28.0,11.0
2026-05-09,South,SKU-103,Halo Phone Stand,web,215,19.0,13,247.0,7.5
2026-05-09,South,SKU-103,Halo Phone Stand,marketplace,116,19.0,7,133.0,7.5
2026-05-09,South,SKU-103,Halo Phone Stand,retail,57,19.0,2,38.0,7.5
2026-05-09,South,SKU-104,Drift Yoga Mat,web,45,55.0,3,165.0,26.0
2026-05-09,South,SKU-104,Drift Yoga Mat,marketplace,24,55.0,1,55.0,26.0
2026-05-09,South,SKU-104,Drift Yoga Mat,retail,12,55.0,0,0.0,26.0
2026-05-09,West,SKU-101,Aurora Desk Lamp,web,59,42.0,1,42.0,24.0
2026-05-09,West,SKU-101,Aurora Desk Lamp,marketplace,33,42.0,0,0.0,24.0
2026-05-09,West,SKU-101,Aurora Desk Lamp,retail,16,42.0,0,0.0,24.0
2026-05-09,West,SKU-102,Nimbus Bottle,web,106,28.0,5,140.0,11.0
2026-05-09,West,SKU-102,Nimbus Bottle,marketplace,59,28.0,2,56.0,11.0
2026-05-09,West,SKU-102,Nimbus Bottle,retail,28,28.0,0,0.0,11.0
2026-05-09,West,SKU-103,Halo Phone Stand,web,135,19.0,6,114.0,7.5
2026-05-09,West,SKU-103,Halo Phone Stand,marketplace,78,19.0,3,57.0,7.5
2026-05-09,West,SKU-103,Halo Phone Stand,retail,35,19.0,2,38.0,7.5
2026-05-09,West,SKU-104,Drift Yoga Mat,web,32,55.0,3,165.0,26.0
2026-05-09,West,SKU-104,Drift Yoga Mat,marketplace,15,55.0,1,55.0,26.0
2026-05-09,West,SKU-104,Drift Yoga Mat,retail,7,55.0,0,0.0,26.0
2026-05-10,North,SKU-101,Aurora Desk Lamp,web,85,42.0,3,126.0,24.0
2026-05-10,North,SKU-101,Aurora Desk Lamp,marketplace,43,42.0,0,0.0,24.0
2026-05-10,North,SKU-101,Aurora Desk Lamp,retail,23,42.0,1,42.0,24.0
2026-05-10,North,SKU-102,Nimbus Bottle,web,145,28.0,6,168.0,11.0
2026-05-10,North,SKU-102,Nimbus Bottle,marketplace,77,28.0,4,112.0,11.0
2026-05-10,North,SKU-102,Nimbus Bottle,retail,39,28.0,1,28.0,11.0
2026-05-10,North,SKU-103,Halo Phone Stand,web,186,19.0,8,152.0,7.5
2026-05-10,North,SKU-103,Halo Phone Stand,marketplace,97,19.0,4,76.0,7.5
2026-05-10,North,SKU-103,Halo Phone Stand,retail,47,19.0,2,38.0,7.5
2026-05-10,North,SKU-104,Drift Yoga Mat,web,40,55.0,4,220.0,26.0
2026-05-10,North,SKU-104,Drift Yoga Mat,marketplace,20,55.0,2,110.0,26.0
2026-05-10,North,SKU-104,Drift Yoga Mat,retail,11,55.0,1,55.0,26.0
2026-05-10,South,SKU-101,Aurora Desk Lamp,web,93,42.0,3,126.0,24.0
2026-05-10,South,SKU-101,Aurora Desk Lamp,marketplace,49,42.0,1,42.0,24.0
2026-05-10,South,SKU-101,Aurora Desk Lamp,retail,25,42.0,0,0.0,24.0
2026-05-10,South,SKU-102,Nimbus Bottle,web,163,28.0,5,140.0,11.0
2026-05-10,South,SKU-102,Nimbus Bottle,marketplace,89,28.0,3,84.0,11.0
2026-05-10,South,SKU-102,Nimbus Bottle,retail,44,28.0,1,28.0,11.0
2026-05-10,South,SKU-103,Halo Phone Stand,web,203,19.0,11,209.0,7.5
2026-05-10,South,SKU-103,Halo Phone Stand,marketplace,113,19.0,4,76.0,7.5
2026-05-10,South,SKU-103,Halo Phone Stand,retail,53,19.0,3,57.0,7.5
2026-05-10,South,SKU-104,Drift Yoga Mat,web,44,55.0,3,165.0,26.0
2026-05-10,South,SKU-104,Drift Yoga Mat,marketplace,22,55.0,2,110.0,26.0
2026-05-10,South,SKU-104,Drift Yoga Mat,retail,11,55.0,1,55.0,26.0
2026-05-10,West,SKU-101,Aurora Desk Lamp,web,57,42.0,1,42.0,24.0
2026-05-10,West,SKU-101,Aurora Desk Lamp,marketplace,35,42.0,1,42.0,24.0
2026-05-10,West,SKU-101,Aurora Desk Lamp,retail,14,42.0,0,0.0,24.0
2026-05-10,West,SKU-102,Nimbus Bottle,web,99,28.0,2,56.0,11.0
2026-05-10,West,SKU-102,Nimbus Bottle,marketplace,53,28.0,1,28.0,11.0
2026-05-10,West,SKU-102,Nimbus Bottle,retail,26,28.0,0,0.0,11.0
2026-05-10,West,SKU-103,Halo Phone Stand,web,135,19.0,5,95.0,7.5
2026-05-10,West,SKU-103,Halo Phone Stand,marketplace,66,19.0,3,57.0,7.5
2026-05-10,West,SKU-103,Halo Phone Stand,retail,33,19.0,1,19.0,7.5
2026-05-10,West,SKU-104,Drift Yoga Mat,web,28,55.0,2,110.0,26.0
2026-05-10,West,SKU-104,Drift Yoga Mat,marketplace,14,55.0,1,55.0,26.0
2026-05-10,West,SKU-104,Drift Yoga Mat,retail,7,55.0,0,0.0,26.0
2026-05-11,North,SKU-101,Aurora Desk Lamp,web,63,42.0,1,42.0,24.0
2026-05-11,North,SKU-101,Aurora Desk Lamp,marketplace,32,42.0,0,0.0,24.0
2026-05-11,North,SKU-101,Aurora Desk Lamp,retail,15,42.0,0,0.0,24.0
2026-05-11,North,SKU-102,Nimbus Bottle,web,101,28.0,4,112.0,11.0
2026-05-11,North,SKU-102,Nimbus Bottle,marketplace,55,28.0,2,56.0,11.0
2026-05-11,North,SKU-102,Nimbus Bottle,retail,28,28.0,1,28.0,11.0
2026-05-11,North,SKU-103,Halo Phone Stand,web,131,19.0,6,114.0,7.5
2026-05-11,North,SKU-103,Halo Phone Stand,marketplace,70,19.0,2,38.0,7.5
2026-05-11,North,SKU-103,Halo Phone Stand,retail,38,19.0,1,19.0,7.5
2026-05-11,North,SKU-104,Drift Yoga Mat,web,30,55.0,1,55.0,26.0
2026-05-11,North,SKU-104,Drift Yoga Mat,marketplace,15,55.0,1,55.0,26.0
2026-05-11,North,SKU-104,Drift Yoga Mat,retail,7,55.0,0,0.0,26.0
2026-05-11,South,SKU-101,Aurora Desk Lamp,web,72,42.0,0,0.0,24.0
2026-05-11,South,SKU-101,Aurora Desk Lamp,marketplace,36,42.0,1,42.0,24.0
2026-05-11,South,SKU-101,Aurora Desk Lamp,retail,17,42.0,0,0.0,24.0
2026-05-11,South,SKU-102,Nimbus Bottle,web,118,28.0,5,140.0,11.0
2026-05-11,South,SKU-102,Nimbus Bottle,marketplace,68,28.0,2,56.0,11.0
2026-05-11,South,SKU-102,Nimbus Bottle,retail,31,28.0,1,28.0,11.0
2026-05-11,South,SKU-103,Halo Phone Stand,web,148,19.0,10,190.0,7.5
2026-05-11,South,SKU-103,Halo Phone Stand,marketplace,84,19.0,3,57.0,7.5
2026-05-11,South,SKU-103,Halo Phone Stand,retail,41,19.0,1,19.0,7.5
2026-05-11,South,SKU-104,Drift Yoga Mat,web,34,55.0,1,55.0,26.0
2026-05-11,South,SKU-104,Drift Yoga Mat,marketplace,18,55.0,1,55.0,26.0
2026-05-11,South,SKU-104,Drift Yoga Mat,retail,9,55.0,0,0.0,26.0
2026-05-11,West,SKU-101,Aurora Desk Lamp,web,45,42.0,1,42.0,24.0
2026-05-11,West,SKU-101,Aurora Desk Lamp,marketplace,23,42.0,0,0.0,24.0
2026-05-11,West,SKU-101,Aurora Desk Lamp,retail,11,42.0,0,0.0,24.0
2026-05-11,West,SKU-102,Nimbus Bottle,web,77,28.0,2,56.0,11.0
2026-05-11,West,SKU-102,Nimbus Bottle,marketplace,36,28.0,1,28.0,11.0
2026-05-11,West,SKU-102,Nimbus Bottle,retail,20,28.0,0,0.0,11.0
2026-05-11,West,SKU-103,Halo Phone Stand,web,94,19.0,5,95.0,7.5
2026-05-11,West,SKU-103,Halo Phone Stand,marketplace,52,19.0,1,19.0,7.5
2026-05-11,West,SKU-103,Halo Phone Stand,retail,28,19.0,1,19.0,7.5
2026-05-11,West,SKU-104,Drift Yoga Mat,web,21,55.0,1,55.0,26.0
2026-05-11,West,SKU-104,Drift Yoga Mat,marketplace,11,55.0,1,55.0,26.0
2026-05-11,West,SKU-104,Drift Yoga Mat,retail,5,55.0,0,0.0,26.0
2026-05-12,North,SKU-101,Aurora Desk Lamp,web,61,42.0,1,42.0,24.0
2026-05-12,North,SKU-101,Aurora Desk Lamp,marketplace,30,42.0,0,0.0,24.0
2026-05-12,North,SKU-101,Aurora Desk Lamp,retail,16,42.0,0,0.0,24.0
2026-05-12,North,SKU-102,Nimbus Bottle,web,102,28.0,4,112.0,11.0
2026-05-12,North,SKU-102,Nimbus Bottle,marketplace,52,28.0,1,28.0,11.0
2026-05-12,North,SKU-102,Nimbus Bottle,retail,27,28.0,1,28.0,11.0
2026-05-12,North,SKU-103,Halo Phone Stand,web,127,19.0,6,114.0,7.5
2026-05-12,North,SKU-103,Halo Phone Stand,marketplace,65,19.0,3,57.0,7.5
2026-05-12,North,SKU-103,Halo Phone Stand,retail,36,19.0,2,38.0,7.5
2026-05-12,North,SKU-104,Drift Yoga Mat,web,29,55.0,1,55.0,26.0
2026-05-12,North,SKU-104,Drift Yoga Mat,marketplace,15,55.0,1,55.0,26.0
2026-05-12,North,SKU-104,Drift Yoga Mat,retail,7,55.0,0,0.0,26.0
2026-05-12,South,SKU-101,Aurora Desk Lamp,web,66,42.0,1,42.0,24.0
2026-05-12,South,SKU-101,Aurora Desk Lamp,marketplace,36,42.0,0,0.0,24.0
2026-05-12,South,SKU-101,Aurora Desk Lamp,retail,19,42.0,0,0.0,24.0
2026-05-12,South,SKU-102,Nimbus Bottle,web,114,28.0,3,84.0,11.0
2026-05-12,South,SKU-102,Nimbus Bottle,marketplace,60,28.0,2,56.0,11.0
2026-05-12,South,SKU-102,Nimbus Bottle,retail,33,28.0,1,28.0,11.0
2026-05-12,South,SKU-103,Halo Phone Stand,web,146,19.0,10,190.0,7.5
2026-05-12,South,SKU-103,Halo Phone Stand,marketplace,86,19.0,3,57.0,7.5
2026-05-12,South,SKU-103,Halo Phone Stand,retail,42,19.0,3,57.0,7.5
2026-05-12,South,SKU-104,Drift Yoga Mat,web,33,55.0,2,110.0,26.0
2026-05-12,South,SKU-104,Drift Yoga Mat,marketplace,17,55.0,1,55.0,26.0
2026-05-12,South,SKU-104,Drift Yoga Mat,retail,8,55.0,0,0.0,26.0
2026-05-12,West,SKU-101,Aurora Desk Lamp,web,41,42.0,1,42.0,24.0
2026-05-12,West,SKU-101,Aurora Desk Lamp,marketplace,24,42.0,0,0.0,24.0
2026-05-12,West,SKU-101,Aurora Desk Lamp,retail,12,42.0,0,0.0,24.0
2026-05-12,West,SKU-102,Nimbus Bottle,web,71,28.0,2,56.0,11.0
2026-05-12,West,SKU-102,Nimbus Bottle,marketplace,34,28.0,1,28.0,11.0
2026-05-12,West,SKU-102,Nimbus Bottle,retail,19,28.0,1,28.0,11.0
2026-05-12,West,SKU-103,Halo Phone Stand,web,92,19.0,3,57.0,7.5
2026-05-12,West,SKU-103,Halo Phone Stand,marketplace,50,19.0,1,19.0,7.5
2026-05-12,West,SKU-103,Halo Phone Stand,retail,25,19.0,1,19.0,7.5
2026-05-12,West,SKU-104,Drift Yoga Mat,web,20,55.0,2,110.0,26.0
2026-05-12,West,SKU-104,Drift Yoga Mat,marketplace,10,55.0,0,0.0,26.0
2026-05-12,West,SKU-104,Drift Yoga Mat,retail,5,55.0,0,0.0,26.0
2026-05-13,North,SKU-101,Aurora Desk Lamp,web,59,42.0,1,42.0,24.0
2026-05-13,North,SKU-101,Aurora Desk Lamp,marketplace,29,42.0,0,0.0,24.0
2026-05-13,North,SKU-101,Aurora Desk Lamp,retail,15,42.0,0,0.0,24.0
2026-05-13,North,SKU-102,Nimbus Bottle,web,100,28.0,3,84.0,11.0
2026-05-13,North,SKU-102,Nimbus Bottle,marketplace,51,28.0,3,84.0,11.0
2026-05-13,North,SKU-102,Nimbus Bottle,retail,29,28.0,1,28.0,11.0
2026-05-13,North,SKU-103,Halo Phone Stand,web,124,19.0,6,114.0,7.5
2026-05-13,North,SKU-103,Halo Phone Stand,marketplace,65,19.0,3,57.0,7.5
2026-05-13,North,SKU-103,Halo Phone Stand,retail,30,19.0,1,19.0,7.5
2026-05-13,North,SKU-104,Drift Yoga Mat,web,28,55.0,3,165.0,26.0
2026-05-13,North,SKU-104,Drift Yoga Mat,marketplace,14,55.0,1,55.0,26.0
2026-05-13,North,SKU-104,Drift Yoga Mat,retail,6,55.0,0,0.0,26.0
2026-05-13,South,SKU-101,Aurora Desk Lamp,web,64,42.0,2,84.0,24.0
2026-05-13,South,SKU-101,Aurora Desk Lamp,marketplace,35,42.0,0,0.0,24.0
2026-05-13,South,SKU-101,Aurora Desk Lamp,retail,18,42.0,0,0.0,24.0
2026-05-13,South,SKU-102,Nimbus Bottle,web,112,28.0,3,84.0,11.0
2026-05-13,South,SKU-102,Nimbus Bottle,marketplace,61,28.0,1,28.0,11.0
2026-05-13,South,SKU-102,Nimbus Bottle,retail,30,28.0,1,28.0,11.0
2026-05-13,South,SKU-103,Halo Phone Stand,web,149,19.0,8,152.0,7.5
2026-05-13,South,SKU-103,Halo Phone Stand,marketplace,78,19.0,3,57.0,7.5
2026-05-13,South,SKU-103,Halo Phone Stand,retail,39,19.0,1,19.0,7.5
2026-05-13,South,SKU-104,Drift Yoga Mat,web,30,55.0,2,110.0,26.0
2026-05-13,South,SKU-104,Drift Yoga Mat,marketplace,17,55.0,1,55.0,26.0
2026-05-13,South,SKU-104,Drift Yoga Mat,retail,8,55.0,0,0.0,26.0
2026-05-13,West,SKU-101,Aurora Desk Lamp,web,42,42.0,1,42.0,24.0
2026-05-13,West,SKU-101,Aurora Desk Lamp,marketplace,23,42.0,0,0.0,24.0
2026-05-13,West,SKU-101,Aurora Desk Lamp,retail,10,42.0,0,0.0,24.0
2026-05-13,West,SKU-102,Nimbus Bottle,web,67,28.0,0,0.0,11.0
2026-05-13,West,SKU-102,Nimbus Bottle,marketplace,41,28.0,1,28.0,11.0
2026-05-13,West,SKU-102,Nimbus Bottle,retail,19,28.0,1,28.0,11.0
2026-05-13,West,SKU-103,Halo Phone Stand,web,86,19.0,5,95.0,7.5
2026-05-13,West,SKU-103,Halo Phone Stand,marketplace,51,19.0,2,38.0,7.5
2026-05-13,West,SKU-103,Halo Phone Stand,retail,23,19.0,1,19.0,7.5
2026-05-13,West,SKU-104,Drift Yoga Mat,web,19,55.0,1,55.0,26.0
2026-05-13,West,SKU-104,Drift Yoga Mat,marketplace,10,55.0,1,55.0,26.0
2026-05-13,West,SKU-104,Drift Yoga Mat,retail,5,55.0,0,0.0,26.0
2026-05-14,North,SKU-101,Aurora Desk Lamp,web,66,42.0,2,84.0,24.0
2026-05-14,North,SKU-101,Aurora Desk Lamp,marketplace,33,42.0,0,0.0,24.0
2026-05-14,North,SKU-101,Aurora Desk Lamp,retail,17,42.0,0,0.0,24.0
2026-05-14,North,SKU-102,Nimbus Bottle,web,105,28.0,4,112.0,11.0
2026-05-14,North,SKU-102,Nimbus Bottle,marketplace,57,28.0,2,56.0,11.0
2026-05-14,North,SKU-102,Nimbus Bottle,retail,27,28.0,0,0.0,11.0
2026-05-14,North,SKU-103,Halo Phone Stand,web,131,19.0,6,114.0,7.5
2026-05-14,North,SKU-103,Halo Phone Stand,marketplace,72,19.0,3,57.0,7.5
2026-05-14,North,SKU-103,Halo Phone Stand,retail,38,19.0,1,19.0,7.5
2026-05-14,North,SKU-104,Drift Yoga Mat,web,29,55.0,2,110.0,26.0
2026-05-14,North,SKU-104,Drift Yoga Mat,marketplace,17,55.0,2,110.0,26.0
2026-05-14,North,SKU-104,Drift Yoga Mat,retail,8,55.0,0,0.0,26.0
2026-05-14,South,SKU-101,Aurora Desk Lamp,web,72,42.0,1,42.0,24.0
2026-05-14,South,SKU-101,Aurora Desk Lamp,marketplace,39,42.0,1,42.0,24.0
2026-05-14,South,SKU-101,Aurora Desk Lamp,retail,18,42.0,0,0.0,24.0
2026-05-14,South,SKU-102,Nimbus Bottle,web,122,28.0,6,168.0,11.0
2026-05-14,South,SKU-102,Nimbus Bottle,marketplace,67,28.0,2,56.0,11.0
2026-05-14,South,SKU-102,Nimbus Bottle,retail,35,28.0,1,28.0,11.0
2026-05-14,South,SKU-103,Halo Phone Stand,web,153,19.0,7,133.0,7.5
2026-05-14,South,SKU-103,Halo Phone Stand,marketplace,79,19.0,2,38.0,7.5
2026-05-14,South,SKU-103,Halo Phone Stand,retail,41,19.0,1,19.0,7.5
2026-05-14,South,SKU-104,Drift Yoga Mat,web,35,55.0,3,165.0,26.0
2026-05-14,South,SKU-104,Drift Yoga Mat,marketplace,18,55.0,1,55.0,26.0
2026-05-14,South,SKU-104,Drift Yoga Mat,retail,10,55.0,1,55.0,26.0
2026-05-14,West,SKU-101,Aurora Desk Lamp,web,47,42.0,1,42.0,24.0
2026-05-14,West,SKU-101,Aurora Desk Lamp,marketplace,25,42.0,0,0.0,24.0
2026-05-14,West,SKU-101,Aurora Desk Lamp,retail,12,42.0,0,0.0,24.0
2026-05-14,West,SKU-102,Nimbus Bottle,web,82,28.0,2,56.0,11.0
2026-05-14,West,SKU-102,Nimbus Bottle,marketplace,42,28.0,1,28.0,11.0
2026-05-14,West,SKU-102,Nimbus Bottle,retail,21,28.0,0,0.0,11.0
2026-05-14,West,SKU-103,Halo Phone Stand,web,101,19.0,3,57.0,7.5
2026-05-14,West,SKU-103,Halo Phone Stand,marketplace,52,19.0,2,38.0,7.5
2026-05-14,West,SKU-103,Halo Phone Stand,retail,25,19.0,1,19.0,7.5
2026-05-14,West,SKU-104,Drift Yoga Mat,web,21,55.0,1,55.0,26.0
2026-05-14,West,SKU-104,Drift Yoga Mat,marketplace,11,55.0,0,0.0,26.0
2026-05-14,West,SKU-104,Drift Yoga Mat,retail,6,55.0,0,0.0,26.0
2026-05-15,North,SKU-101,Aurora Desk Lamp,web,73,42.0,2,84.0,24.0
2026-05-15,North,SKU-101,Aurora Desk Lamp,marketplace,40,42.0,1,42.0,24.0
2026-05-15,North,SKU-101,Aurora Desk Lamp,retail,20,42.0,1,42.0,24.0
2026-05-15,North,SKU-102,Nimbus Bottle,web,129,28.0,5,140.0,11.0
2026-05-15,North,SKU-102,Nimbus Bottle,marketplace,68,28.0,2,56.0,11.0
2026-05-15,North,SKU-102,Nimbus Bottle,retail,35,28.0,1,28.0,11.0
2026-05-15,North,SKU-103,Halo Phone Stand,web,172,19.0,5,95.0,7.5
2026-05-15,North,SKU-103,Halo Phone Stand,marketplace,85,19.0,3,57.0,7.5
2026-05-15,North,SKU-103,Halo Phone Stand,retail,41,19.0,1,19.0,7.5
2026-05-15,North,SKU-104,Drift Yoga Mat,web,34,55.0,2,110.0,26.0
2026-05-15,North,SKU-104,Drift Yoga Mat,marketplace,19,55.0,2,110.0,26.0
2026-05-15,North,SKU-104,Drift Yoga Mat,retail,9,55.0,0,0.0,26.0
2026-05-15,South,SKU-101,Aurora Desk Lamp,web,83,42.0,2,84.0,24.0
2026-05-15,South,SKU-101,Aurora Desk Lamp,marketplace,47,42.0,1,42.0,24.0
2026-05-15,South,SKU-101,Aurora Desk Lamp,retail,20,42.0,0,0.0,24.0
2026-05-15,South,SKU-102,Nimbus Bottle,web,144,28.0,5,140.0,11.0
2026-05-15,South,SKU-102,Nimbus Bottle,marketplace,75,28.0,2,56.0,11.0
2026-05-15,South,SKU-102,Nimbus Bottle,retail,40,28.0,1,28.0,11.0
2026-05-15,South,SKU-103,Halo Phone Stand,web,172,19.0,11,209.0,7.5
2026-05-15,South,SKU-103,Halo Phone Stand,marketplace,100,19.0,5,95.0,7.5
2026-05-15,South,SKU-103,Halo Phone Stand,retail,51,19.0,1,19.0,7.5
2026-05-15,South,SKU-104,Drift Yoga Mat,web,42,55.0,5,275.0,26.0
2026-05-15,South,SKU-104,Drift Yoga Mat,marketplace,20,55.0,1,55.0,26.0
2026-05-15,South,SKU-104,Drift Yoga Mat,retail,11,55.0,0,0.0,26.0
2026-05-15,West,SKU-101,Aurora Desk Lamp,web,50,42.0,1,42.0,24.0
2026-05-15,West,SKU-101,Aurora Desk Lamp,marketplace,31,42.0,0,0.0,24.0
2026-05-15,West,SKU-101,Aurora Desk Lamp,retail,15,42.0,0,0.0,24.0
2026-05-15,West,SKU-102,Nimbus Bottle,web,97,28.0,3,84.0,11.0
2026-05-15,West,SKU-102,Nimbus Bottle,marketplace,51,28.0,1,28.0,11.0
2026-05-15,West,SKU-102,Nimbus Bottle,retail,23,28.0,0,0.0,11.0
2026-05-15,West,SKU-103,Halo Phone Stand,web,120,19.0,5,95.0,7.5
2026-05-15,West,SKU-103,Halo Phone Stand,marketplace,60,19.0,3,57.0,7.5
2026-05-15,West,SKU-103,Halo Phone Stand,retail,30,19.0,1,19.0,7.5
2026-05-15,West,SKU-104,Drift Yoga Mat,web,25,55.0,2,110.0,26.0
2026-05-15,West,SKU-104,Drift Yoga Mat,marketplace,13,55.0,1,55.0,26.0
2026-05-15,West,SKU-104,Drift Yoga Mat,retail,6,55.0,0,0.0,26.0
2026-05-16,North,SKU-101,Aurora Desk Lamp,web,87,42.0,2,84.0,24.0
2026-05-16,North,SKU-101,Aurora Desk Lamp,marketplace,47,42.0,1,42.0,24.0
2026-05-16,North,SKU-101,Aurora Desk Lamp,retail,24,42.0,1,42.0,24.0
2026-05-16,North,SKU-102,Nimbus Bottle,web,150,28.0,5,140.0,11.0
2026-05-16,North,SKU-102,Nimbus Bottle,marketplace,81,28.0,2,56.0,11.0
2026-05-16,North,SKU-102,Nimbus Bottle,retail,40,28.0,1,28.0,11.0
2026-05-16,North,SKU-103,Halo Phone Stand,web,183,19.0,9,171.0,7.5
2026-05-16,North,SKU-103,Halo Phone Stand,marketplace,108,19.0,5,95.0,7.5
2026-05-16,North,SKU-103,Halo Phone Stand,retail,52,19.0,3,57.0,7.5
2026-05-16,North,SKU-104,Drift Yoga Mat,web,44,55.0,3,165.0,26.0
2026-05-16,North,SKU-104,Drift Yoga Mat,marketplace,21,55.0,2,110.0,26.0
2026-05-16,North,SKU-104,Drift Yoga Mat,retail,10,55.0,0,0.0,26.0
2026-05-16,South,SKU-101,Aurora Desk Lamp,web,98,42.0,3,126.0,24.0
2026-05-16,South,SKU-101,Aurora Desk Lamp,marketplace,53,42.0,1,42.0,24.0
2026-05-16,South,SKU-101,Aurora Desk Lamp,retail,27,42.0,0,0.0,24.0
2026-05-16,South,SKU-102,Nimbus Bottle,web,165,28.0,6,168.0,11.0
2026-05-16,South,SKU-102,Nimbus Bottle,marketplace,97,28.0,2,56.0,11.0
2026-05-16,South,SKU-102,Nimbus Bottle,retail,48,28.0,1,28.0,11.0
2026-05-16,South,SKU-103,Halo Phone Stand,web,218,19.0,14,266.0,7.5
2026-05-16,South,SKU-103,Halo Phone Stand,marketplace,115,19.0,4,76.0,7.5
2026-05-16,South,SKU-103,Halo Phone Stand,retail,56,19.0,3,57.0,7.5
2026-05-16,South,SKU-104,Drift Yoga Mat,web,46,55.0,3,165.0,26.0
2026-05-16,South,SKU-104,Drift Yoga Mat,marketplace,27,55.0,2,110.0,26.0
2026-05-16,South,SKU-104,Drift Yoga Mat,retail,13,55.0,0,0.0,26.0
2026-05-16,West,SKU-101,Aurora Desk Lamp,web,62,42.0,1,42.0,24.0
2026-05-16,West,SKU-101,Aurora Desk Lamp,marketplace,34,42.0,0,0.0,24.0
2026-05-16,West,SKU-101,Aurora Desk Lamp,retail,16,42.0,0,0.0,24.0
2026-05-16,West,SKU-102,Nimbus Bottle,web,104,28.0,4,112.0,11.0
2026-05-16,West,SKU-102,Nimbus Bottle,marketplace,57,28.0,1,28.0,11.0
2026-05-16,West,SKU-102,Nimbus Bottle,retail,28,28.0,1,28.0,11.0
2026-05-16,West,SKU-103,Halo Phone Stand,web,138,19.0,7,133.0,7.5
2026-05-16,West,SKU-103,Halo Phone Stand,marketplace,72,19.0,2,38.0,7.5
2026-05-16,West,SKU-103,Halo Phone Stand,retail,35,19.0,1,19.0,7.5
2026-05-16,West,SKU-104,Drift Yoga Mat,web,30,55.0,2,110.0,26.0
2026-05-16,West,SKU-104,Drift Yoga Mat,marketplace,16,55.0,1,55.0,26.0
2026-05-16,West,SKU-104,Drift Yoga Mat,retail,7,55.0,0,0.0,26.0
2026-05-17,North,SKU-101,Aurora Desk Lamp,web,83,42.0,2,84.0,24.0
2026-05-17,North,SKU-101,Aurora Desk Lamp,marketplace,44,42.0,1,42.0,24.0
2026-05-17,North,SKU-101,Aurora Desk Lamp,retail,21,42.0,0,0.0,24.0
2026-05-17,North,SKU-102,Nimbus Bottle,web,136,28.0,4,112.0,11.0
2026-05-17,North,SKU-102,Nimbus Bottle,marketplace,79,28.0,2,56.0,11.0
2026-05-17,North,SKU-102,Nimbus Bottle,retail,40,28.0,1,28.0,11.0
2026-05-17,North,SKU-103,Halo Phone Stand,web,176,19.0,7,133.0,7.5
2026-05-17,North,SKU-103,Halo Phone Stand,marketplace,93,19.0,4,76.0,7.5
2026-05-17,North,SKU-103,Halo Phone Stand,retail,43,19.0,2,38.0,7.5
2026-05-17,North,SKU-104,Drift Yoga Mat,web,38,55.0,3,165.0,26.0
2026-05-17,North,SKU-104,Drift Yoga Mat,marketplace,22,55.0,2,110.0,26.0
2026-05-17,North,SKU-104,Drift Yoga Mat,retail,10,55.0,0,0.0,26.0
2026-05-17,South,SKU-101,Aurora Desk Lamp,web,90,42.0,3,126.0,24.0
2026-05-17,South,SKU-101,Aurora Desk Lamp,marketplace,53,42.0,1,42.0,24.0
2026-05-17,South,SKU-101,Aurora Desk Lamp,retail,25,42.0,0,0.0,24.0
2026-05-17,South,SKU-102,Nimbus Bottle,web,159,28.0,9,252.0,11.0
2026-05-17,South,SKU-102,Nimbus Bottle,marketplace,88,28.0,2,56.0,11.0
2026-05-17,South,SKU-102,Nimbus Bottle,retail,46,28.0,1,28.0,11.0
2026-05-17,South,SKU-103,Halo Phone Stand,web,209,19.0,9,171.0,7.5
2026-05-17,South,SKU-103,Halo Phone Stand,marketplace,110,19.0,5,95.0,7.5
2026-05-17,South,SKU-103,Halo Phone Stand,retail,56,19.0,4,76.0,7.5
2026-05-17,South,SKU-104,Drift Yoga Mat,web,45,55.0,2,110.0,26.0
2026-05-17,South,SKU-104,Drift Yoga Mat,marketplace,23,55.0,2,110.0,26.0
2026-05-17,South,SKU-104,Drift Yoga Mat,retail,11,55.0,1,55.0,26.0
2026-05-17,West,SKU-101,Aurora Desk Lamp,web,58,42.0,1,42.0,24.0
2026-05-17,West,SKU-101,Aurora Desk Lamp,marketplace,31,42.0,0,0.0,24.0
2026-05-17,West,SKU-101,Aurora Desk Lamp,retail,16,42.0,0,0.0,24.0
2026-05-17,West,SKU-102,Nimbus Bottle,web,106,28.0,3,84.0,11.0
2026-05-17,West,SKU-102,Nimbus Bottle,marketplace,57,28.0,2,56.0,11.0
2026-05-17,West,SKU-102,Nimbus Bottle,retail,27,28.0,1,28.0,11.0
2026-05-17,West,SKU-103,Halo Phone Stand,web,128,19.0,4,76.0,7.5
2026-05-17,West,SKU-103,Halo Phone Stand,marketplace,74,19.0,3,57.0,7.5
2026-05-17,West,SKU-103,Halo Phone Stand,retail,35,19.0,1,19.0,7.5
2026-05-17,West,SKU-104,Drift Yoga Mat,web,29,55.0,1,55.0,26.0
2026-05-17,West,SKU-104,Drift Yoga Mat,marketplace,14,55.0,0,0.0,26.0
2026-05-17,West,SKU-104,Drift Yoga Mat,retail,7,55.0,0,0.0,26.0
2026-05-18,North,SKU-101,Aurora Desk Lamp,web,60,42.0,1,42.0,24.0
2026-05-18,North,SKU-101,Aurora Desk Lamp,marketplace,34,42.0,1,42.0,24.0
2026-05-18,North,SKU-101,Aurora Desk Lamp,retail,16,42.0,0,0.0,24.0
2026-05-18,North,SKU-102,Nimbus Bottle,web,107,28.0,5,140.0,11.0
2026-05-18,North,SKU-102,Nimbus Bottle,marketplace,57,28.0,2,56.0,11.0
2026-05-18,North,SKU-102,Nimbus Bottle,retail,29,28.0,1,28.0,11.0
2026-05-18,North,SKU-103,Halo Phone Stand,web,137,19.0,9,171.0,7.5
2026-05-18,North,SKU-103,Halo Phone Stand,marketplace,72,19.0,3,57.0,7.5
2026-05-18,North,SKU-103,Halo Phone Stand,retail,34,19.0,2,38.0,7.5
2026-05-18,North,SKU-104,Drift Yoga Mat,web,30,55.0,2,110.0,26.0
2026-05-18,North,SKU-104,Drift Yoga Mat,marketplace,14,55.0,1,55.0,26.0
2026-05-18,North,SKU-104,Drift Yoga Mat,retail,7,55.0,0,0.0,26.0
2026-05-18,South,SKU-101,Aurora Desk Lamp,web,72,42.0,1,42.0,24.0
2026-05-18,South,SKU-101,Aurora Desk Lamp,marketplace,37,42.0,1,42.0,24.0
2026-05-18,South,SKU-101,Aurora Desk Lamp,retail,18,42.0,0,0.0,24.0
2026-05-18,South,SKU-102,Nimbus Bottle,web,124,28.0,5,140.0,11.0
2026-05-18,South,SKU-102,Nimbus Bottle,marketplace,67,28.0,2,56.0,11.0
2026-05-18,South,SKU-102,Nimbus Bottle,retail,33,28.0,1,28.0,11.0
2026-05-18,South,SKU-103,Halo Phone Stand,web,156,19.0,9,171.0,7.5
2026-05-18,South,SKU-103,Halo Phone Stand,marketplace,88,19.0,5,95.0,7.5
2026-05-18,South,SKU-103,Halo Phone Stand,retail,40,19.0,3,57.0,7.5
2026-05-18,South,SKU-104,Drift Yoga Mat,web,34,55.0,3,165.0,26.0
2026-05-18,South,SKU-104,Drift Yoga Mat,marketplace,19,55.0,1,55.0,26.0
2026-05-18,South,SKU-104,Drift Yoga Mat,retail,9,55.0,1,55.0,26.0
2026-05-18,West,SKU-101,Aurora Desk Lamp,web,45,42.0,1,42.0,24.0
2026-05-18,West,SKU-101,Aurora Desk Lamp,marketplace,24,42.0,0,0.0,24.0
2026-05-18,West,SKU-101,Aurora Desk Lamp,retail,13,42.0,0,0.0,24.0
2026-05-18,West,SKU-102,Nimbus Bottle,web,74,28.0,2,56.0,11.0
2026-05-18,West,SKU-102,Nimbus Bottle,marketplace,38,28.0,2,56.0,11.0
2026-05-18,West,SKU-102,Nimbus Bottle,retail,18,28.0,0,0.0,11.0
2026-05-18,West,SKU-103,Halo Phone Stand,web,96,19.0,8,152.0,7.5
2026-05-18,West,SKU-103,Halo Phone Stand,marketplace,46,19.0,2,38.0,7.5
2026-05-18,West,SKU-103,Halo Phone Stand,retail,24,19.0,1,19.0,7.5
2026-05-18,West,SKU-104,Drift Yoga Mat,web,22,55.0,1,55.0,26.0
2026-05-18,West,SKU-104,Drift Yoga Mat,marketplace,10,55.0,0,0.0,26.0
2026-05-18,West,SKU-104,Drift Yoga Mat,retail,5,55.0,0,0.0,26.0
2026-05-19,North,SKU-101,Aurora Desk Lamp,web,61,42.0,1,42.0,24.0
2026-05-19,North,SKU-101,Aurora Desk Lamp,marketplace,33,42.0,0,0.0,24.0
2026-05-19,North,SKU-101,Aurora Desk Lamp,retail,15,42.0,0,0.0,24.0
2026-05-19,North,SKU-102,Nimbus Bottle,web,104,28.0,4,112.0,11.0
2026-05-19,North,SKU-102,Nimbus Bottle,marketplace,53,28.0,1,28.0,11.0
2026-05-19,North,SKU-102,Nimbus Bottle,retail,28,28.0,1,28.0,11.0
2026-05-19,North,SKU-103,Halo Phone Stand,web,124,19.0,2,38.0,7.5
2026-05-19,North,SKU-103,Halo Phone Stand,marketplace,78,19.0,4,76.0,7.5
2026-05-19,North,SKU-103,Halo Phone Stand,retail,35,19.0,1,19.0,7.5
2026-05-19,North,SKU-104,Drift Yoga Mat,web,29,55.0,3,165.0,26.0
2026-05-19,North,SKU-104,Drift Yoga Mat,marketplace,14,55.0,0,0.0,26.0
2026-05-19,North,SKU-104,Drift Yoga Mat,retail,7,55.0,0,0.0,26.0
2026-05-19,South,SKU-101,Aurora Desk Lamp,web,70,42.0,2,84.0,24.0
2026-05-19,South,SKU-101,Aurora Desk Lamp,marketplace,36,42.0,0,0.0,24.0
2026-05-19,South,SKU-101,Aurora Desk Lamp,retail,18,42.0,0,0.0,24.0
2026-05-19,South,SKU-102,Nimbus Bottle,web,116,28.0,4,112.0,11.0
2026-05-19,South,SKU-102,Nimbus Bottle,marketplace,65,28.0,1,28.0,11.0
2026-05-19,South,SKU-102,Nimbus Bottle,retail,34,28.0,1,28.0,11.0
2026-05-19,South,SKU-103,Halo Phone Stand,web,152,19.0,6,114.0,7.5
2026-05-19,South,SKU-103,Halo Phone Stand,marketplace,81,19.0,3,57.0,7.5
2026-05-19,South,SKU-103,Halo Phone Stand,retail,38,19.0,2,38.0,7.5
2026-05-19,South,SKU-104,Drift Yoga Mat,web,32,55.0,1,55.0,26.0
2026-05-19,South,SKU-104,Drift Yoga Mat,marketplace,18,55.0,1,55.0,26.0
2026-05-19,South,SKU-104,Drift Yoga Mat,retail,9,55.0,0,0.0,26.0
2026-05-19,West,SKU-101,Aurora Desk Lamp,web,43,42.0,1,42.0,24.0
2026-05-19,West,SKU-101,Aurora Desk Lamp,marketplace,20,42.0,0,0.0,24.0
2026-05-19,West,SKU-101,Aurora Desk Lamp,retail,10,42.0,0,0.0,24.0
2026-05-19,West,SKU-102,Nimbus Bottle,web,69,28.0,2,56.0,11.0
2026-05-19,West,SKU-102,Nimbus Bottle,marketplace,41,28.0,1,28.0,11.0
2026-05-19,West,SKU-102,Nimbus Bottle,retail,20,28.0,0,0.0,11.0
2026-05-19,West,SKU-103,Halo Phone Stand,web,91,19.0,3,57.0,7.5
2026-05-19,West,SKU-103,Halo Phone Stand,marketplace,49,19.0,2,38.0,7.5
2026-05-19,West,SKU-103,Halo Phone Stand,retail,23,19.0,1,19.0,7.5
2026-05-19,West,SKU-104,Drift Yoga Mat,web,20,55.0,2,110.0,26.0
2026-05-19,West,SKU-104,Drift Yoga Mat,marketplace,11,55.0,0,0.0,26.0
2026-05-19,West,SKU-104,Drift Yoga Mat,retail,5,55.0,0,0.0,26.0
2026-05-20,North,SKU-101,Aurora Desk Lamp,web,60,42.0,2,84.0,24.0
2026-05-20,North,SKU-101,Aurora Desk Lamp,marketplace,30,42.0,1,42.0,24.0
2026-05-20,North,SKU-101,Aurora Desk Lamp,retail,14,42.0,0,0.0,24.0
2026-05-20,North,SKU-102,Nimbus Bottle,web,95,28.0,5,140.0,11.0
2026-05-20,North,SKU-102,Nimbus Bottle,marketplace,57,28.0,1,28.0,11.0
2026-05-20,North,SKU-102,Nimbus Bottle,retail,28,28.0,1,28.0,11.0
2026-05-20,North,SKU-103,Halo Phone Stand,web,129,19.0,4,76.0,7.5
2026-05-20,North,SKU-103,Halo Phone Stand,marketplace,69,19.0,3,57.0,7.5
2026-05-20,North,SKU-103,Halo Phone Stand,retail,35,19.0,2,38.0,7.5
2026-05-20,North,SKU-104,Drift Yoga Mat,web,28,55.0,2,110.0,26.0
2026-05-20,North,SKU-104,Drift Yoga Mat,marketplace,13,55.0,1,55.0,26.0
2026-05-20,North,SKU-104,Drift Yoga Mat,retail,7,55.0,0,0.0,26.0
2026-05-20,South,SKU-101,Aurora Desk Lamp,web,64,42.0,1,42.0,24.0
2026-05-20,South,SKU-101,Aurora Desk Lamp,marketplace,36,42.0,1,42.0,24.0
2026-05-20,South,SKU-101,Aurora Desk Lamp,retail,18,42.0,0,0.0,24.0
2026-05-20,South,SKU-102,Nimbus Bottle,web,112,28.0,4,112.0,11.0
2026-05-20,South,SKU-102,Nimbus Bottle,marketplace,61,28.0,2,56.0,11.0
2026-05-20,South,SKU-102,Nimbus Bottle,retail,29,28.0,0,0.0,11.0
2026-05-20,South,SKU-103,Halo Phone Stand,web,154,19.0,8,152.0,7.5
2026-05-20,South,SKU-103,Halo Phone Stand,marketplace,75,19.0,4,76.0,7.5
2026-05-20,South,SKU-103,Halo Phone Stand,retail,41,19.0,2,38.0,7.5
2026-05-20,South,SKU-104,Drift Yoga Mat,web,31,55.0,2,110.0,26.0
2026-05-20,South,SKU-104,Drift Yoga Mat,marketplace,16,55.0,1,55.0,26.0
2026-05-20,South,SKU-104,Drift Yoga Mat,retail,8,55.0,0,0.0,26.0
2026-05-20,West,SKU-101,Aurora Desk Lamp,web,42,42.0,0,0.0,24.0
2026-05-20,West,SKU-101,Aurora Desk Lamp,marketplace,21,42.0,0,0.0,24.0
2026-05-20,West,SKU-101,Aurora Desk Lamp,retail,11,42.0,0,0.0,24.0
2026-05-20,West,SKU-102,Nimbus Bottle,web,72,28.0,3,84.0,11.0
2026-05-20,West,SKU-102,Nimbus Bottle,marketplace,36,28.0,1,28.0,11.0
2026-05-20,West,SKU-102,Nimbus Bottle,retail,18,28.0,0,0.0,11.0
2026-05-20,West,SKU-103,Halo Phone Stand,web,88,19.0,4,76.0,7.5
2026-05-20,West,SKU-103,Halo Phone Stand,marketplace,52,19.0,1,19.0,7.5
2026-05-20,West,SKU-103,Halo Phone Stand,retail,25,19.0,1,19.0,7.5
2026-05-20,West,SKU-104,Drift Yoga Mat,web,20,55.0,1,55.0,26.0
2026-05-20,West,SKU-104,Drift Yoga Mat,marketplace,10,55.0,0,0.0,26.0
2026-05-20,West,SKU-104,Drift Yoga Mat,retail,5,55.0,0,0.0,26.0
2026-05-21,North,SKU-101,Aurora Desk Lamp,web,64,42.0,2,84.0,24.0
2026-05-21,North,SKU-101,Aurora Desk Lamp,marketplace,34,42.0,0,0.0,24.0
2026-05-21,North,SKU-101,Aurora Desk Lamp,retail,17,42.0,0,0.0,24.0
2026-05-21,North,SKU-102,Nimbus Bottle,web,112,28.0,6,168.0,11.0
2026-05-21,North,SKU-102,Nimbus Bottle,marketplace,58,28.0,1,28.0,11.0
2026-05-21,North,SKU-102,Nimbus Bottle,retail,32,28.0,1,28.0,11.0
2026-05-21,North,SKU-103,Halo Phone Stand,web,140,19.0,7,133.0,7.5
2026-05-21,North,SKU-103,Halo Phone Stand,marketplace,80,19.0,4,76.0,7.5
2026-05-21,North,SKU-103,Halo Phone Stand,retail,40,19.0,1,19.0,7.5
2026-05-21,North,SKU-104,Drift Yoga Mat,web,32,55.0,3,165.0,26.0
2026-05-21,North,SKU-104,Drift Yoga Mat,marketplace,17,55.0,1,55.0,26.0
2026-05-21,North,SKU-104,Drift Yoga Mat,retail,8,55.0,0,0.0,26.0
2026-05-21,South,SKU-101,Aurora Desk Lamp,web,75,42.0,2,84.0,24.0
2026-05-21,South,SKU-101,Aurora Desk Lamp,marketplace,41,42.0,1,42.0,24.0
2026-05-21,South,SKU-101,Aurora Desk Lamp,retail,20,42.0,0,0.0,24.0
2026-05-21,South,SKU-102,Nimbus Bottle,web,123,28.0,3,84.0,11.0
2026-05-21,South,SKU-102,Nimbus Bottle,marketplace,72,28.0,4,112.0,11.0
2026-05-21,South,SKU-102,Nimbus Bottle,retail,32,28.0,1,28.0,11.0
2026-05-21,South,SKU-103,Halo Phone Stand,web,157,19.0,7,133.0,7.5
2026-05-21,South,SKU-103,Halo Phone Stand,marketplace,91,19.0,3,57.0,7.5
2026-05-21,South,SKU-103,Halo Phone Stand,retail,46,19.0,2,38.0,7.5
2026-05-21,South,SKU-104,Drift Yoga Mat,web,36,55.0,4,220.0,26.0
2026-05-21,South,SKU-104,Drift Yoga Mat,marketplace,18,55.0,1,55.0,26.0
2026-05-21,South,SKU-104,Drift Yoga Mat,retail,9,55.0,0,0.0,26.0
2026-05-21,West,SKU-101,Aurora Desk Lamp,web,46,42.0,0,0.0,24.0
2026-05-21,West,SKU-101,Aurora Desk Lamp,marketplace,24,42.0,0,0.0,24.0
2026-05-21,West,SKU-101,Aurora Desk Lamp,retail,12,42.0,0,0.0,24.0
2026-05-21,West,SKU-102,Nimbus Bottle,web,79,28.0,3,84.0,11.0
2026-05-21,West,SKU-102,Nimbus Bottle,marketplace,44,28.0,2,56.0,11.0
2026-05-21,West,SKU-102,Nimbus Bottle,retail,22,28.0,1,28.0,11.0
2026-05-21,West,SKU-103,Halo Phone Stand,web,106,19.0,5,95.0,7.5
2026-05-21,West,SKU-103,Halo Phone Stand,marketplace,53,19.0,2,38.0,7.5
2026-05-21,West,SKU-103,Halo Phone Stand,retail,26,19.0,1,19.0,7.5
2026-05-21,West,SKU-104,Drift Yoga Mat,web,23,55.0,2,110.0,26.0
2026-05-21,West,SKU-104,Drift Yoga Mat,marketplace,11,55.0,0,0.0,26.0
2026-05-21,West,SKU-104,Drift Yoga Mat,retail,6,55.0,0,0.0,26.0
2026-05-22,North,SKU-101,Aurora Desk Lamp,web,72,42.0,1,42.0,24.0
2026-05-22,North,SKU-101,Aurora Desk Lamp,marketplace,37,42.0,0,0.0,24.0
2026-05-22,North,SKU-101,Aurora Desk Lamp,retail,20,42.0,0,0.0,24.0
2026-05-22,North,SKU-102,Nimbus Bottle,web,121,28.0,4,112.0,11.0
2026-05-22,North,SKU-102,Nimbus Bottle,marketplace,70,28.0,2,56.0,11.0
2026-05-22,North,SKU-102,Nimbus Bottle,retail,34,28.0,1,28.0,11.0
2026-05-22,North,SKU-103,Halo Phone Stand,web,162,19.0,5,95.0,7.5
2026-05-22,North,SKU-103,Halo Phone Stand,marketplace,84,19.0,5,95.0,7.5
2026-05-22,North,SKU-103,Halo Phone Stand,retail,47,19.0,3,57.0,7.5
2026-05-22,North,SKU-104,Drift Yoga Mat,web,36,55.0,4,220.0,26.0
2026-05-22,North,SKU-104,Drift Yoga Mat,marketplace,18,55.0,2,110.0,26.0
2026-05-22,North,SKU-104,Drift Yoga Mat,retail,9,55.0,0,0.0,26.0
2026-05-22,South,SKU-101,Aurora Desk Lamp,web,88,42.0,2,84.0,24.0
2026-05-22,South,SKU-101,Aurora Desk Lamp,marketplace,45,42.0,0,0.0,24.0
2026-05-22,South,SKU-101,Aurora Desk Lamp,retail,22,42.0,0,0.0,24.0
2026-05-22,South,SKU-102,Nimbus Bottle,web,139,28.0,7,196.0,11.0
2026-05-22,South,SKU-102,Nimbus Bottle,marketplace,81,28.0,3,84.0,11.0
2026-05-22,South,SKU-102,Nimbus Bottle,retail,41,28.0,2,56.0,11.0
2026-05-22,South,SKU-103,Halo Phone Stand,web,184,19.0,13,247.0,7.5
2026-05-22,South,SKU-103,Halo Phone Stand,marketplace,100,19.0,5,95.0,7.5
2026-05-22,South,SKU-103,Halo Phone Stand,retail,47,19.0,1,19.0,7.5
2026-05-22,South,SKU-104,Drift Yoga Mat,web,42,55.0,4,220.0,26.0
2026-05-22,South,SKU-104,Drift Yoga Mat,marketplace,20,55.0,2,110.0,26.0
2026-05-22,South,SKU-104,Drift Yoga Mat,retail,11,55.0,0,0.0,26.0
2026-05-22,West,SKU-101,Aurora Desk Lamp,web,53,42.0,1,42.0,24.0
2026-05-22,West,SKU-101,Aurora Desk Lamp,marketplace,31,42.0,0,0.0,24.0
2026-05-22,West,SKU-101,Aurora Desk Lamp,retail,14,42.0,0,0.0,24.0
2026-05-22,West,SKU-102,Nimbus Bottle,web,89,28.0,4,112.0,11.0
2026-05-22,West,SKU-102,Nimbus Bottle,marketplace,47,28.0,2,56.0,11.0
2026-05-22,West,SKU-102,Nimbus Bottle,retail,25,28.0,1,28.0,11.0
2026-05-22,West,SKU-103,Halo Phone Stand,web,119,19.0,7,133.0,7.5
2026-05-22,West,SKU-103,Halo Phone Stand,marketplace,62,19.0,2,38.0,7.5
2026-05-22,West,SKU-103,Halo Phone Stand,retail,31,19.0,1,19.0,7.5
2026-05-22,West,SKU-104,Drift Yoga Mat,web,26,55.0,2,110.0,26.0
2026-05-22,West,SKU-104,Drift Yoga Mat,marketplace,13,55.0,1,55.0,26.0
2026-05-22,West,SKU-104,Drift Yoga Mat,retail,7,55.0,0,0.0,26.0
2026-05-23,North,SKU-101,Aurora Desk Lamp,web,87,42.0,2,84.0,24.0
2026-05-23,North,SKU-101,Aurora Desk Lamp,marketplace,46,42.0,1,42.0,24.0
2026-05-23,North,SKU-101,Aurora Desk Lamp,retail,22,42.0,0,0.0,24.0
2026-05-23,North,SKU-102,Nimbus Bottle,web,137,28.0,4,112.0,11.0
2026-05-23,North,SKU-102,Nimbus Bottle,marketplace,94,28.0,4,112.0,11.0
2026-05-23,North,SKU-102,Nimbus Bottle,retail,43,28.0,1,28.0,11.0
2026-05-23,North,SKU-103,Halo Phone Stand,web,193,19.0,11,209.0,7.5
2026-05-23,North,SKU-103,Halo Phone Stand,marketplace,99,19.0,6,114.0,7.5
2026-05-23,North,SKU-103,Halo Phone Stand,retail,49,19.0,3,57.0,7.5
2026-05-23,North,SKU-104,Drift Yoga Mat,web,41,55.0,3,165.0,26.0
2026-05-23,North,SKU-104,Drift Yoga Mat,marketplace,21,55.0,2,110.0,26.0
2026-05-23,North,SKU-104,Drift Yoga Mat,retail,11,55.0,1,55.0,26.0
2026-05-23,South,SKU-101,Aurora Desk Lamp,web,100,42.0,2,84.0,24.0
2026-05-23,South,SKU-101,Aurora Desk Lamp,marketplace,52,42.0,1,42.0,24.0
2026-05-23,South,SKU-101,Aurora Desk Lamp,retail,27,42.0,0,0.0,24.0
2026-05-23,South,SKU-102,Nimbus Bottle,web,171,28.0,8,224.0,11.0
2026-05-23,South,SKU-102,Nimbus Bottle,marketplace,90,28.0,4,112.0,11.0
2026-05-23,South,SKU-102,Nimbus Bottle,retail,45,28.0,1,28.0,11.0
2026-05-23,South,SKU-103,Halo Phone Stand,web,213,19.0,10,190.0,7.5
2026-05-23,South,SKU-103,Halo Phone Stand,marketplace,118,19.0,6,114.0,7.5
2026-05-23,South,SKU-103,Halo Phone Stand,retail,62,19.0,3,57.0,7.5
2026-05-23,South,SKU-104,Drift Yoga Mat,web,50,55.0,3,165.0,26.0
2026-05-23,South,SKU-104,Drift Yoga Mat,marketplace,24,55.0,2,110.0,26.0
2026-05-23,South,SKU-104,Drift Yoga Mat,retail,13,55.0,0,0.0,26.0
2026-05-23,West,SKU-101,Aurora Desk Lamp,web,62,42.0,1,42.0,24.0
2026-05-23,West,SKU-101,Aurora Desk Lamp,marketplace,35,42.0,0,0.0,24.0
2026-05-23,West,SKU-101,Aurora Desk Lamp,retail,16,42.0,0,0.0,24.0
2026-05-23,West,SKU-102,Nimbus Bottle,web,109,28.0,3,84.0,11.0
2026-05-23,West,SKU-102,Nimbus Bottle,marketplace,55,28.0,1,28.0,11.0
2026-05-23,West,SKU-102,Nimbus Bottle,retail,29,28.0,1,28.0,11.0
2026-05-23,West,SKU-103,Halo Phone Stand,web,137,19.0,10,190.0,7.5
2026-05-23,West,SKU-103,Halo Phone Stand,marketplace,75,19.0,4,76.0,7.5
2026-05-23,West,SKU-103,Halo Phone Stand,retail,38,19.0,2,38.0,7.5
2026-05-23,West,SKU-104,Drift Yoga Mat,web,30,55.0,2,110.0,26.0
2026-05-23,West,SKU-104,Drift Yoga Mat,marketplace,16,55.0,1,55.0,26.0
2026-05-23,West,SKU-104,Drift Yoga Mat,retail,7,55.0,0,0.0,26.0
2026-05-24,North,SKU-101,Aurora Desk Lamp,web,84,42.0,2,84.0,24.0
2026-05-24,North,SKU-101,Aurora Desk Lamp,marketplace,46,42.0,1,42.0,24.0
2026-05-24,North,SKU-101,Aurora Desk Lamp,retail,23,42.0,0,0.0,24.0
2026-05-24,North,SKU-102,Nimbus Bottle,web,138,28.0,4,112.0,11.0
2026-05-24,North,SKU-102,Nimbus Bottle,marketplace,76,28.0,2,56.0,11.0
2026-05-24,North,SKU-102,Nimbus Bottle,retail,39,28.0,2,56.0,11.0
2026-05-24,North,SKU-103,Halo Phone Stand,web,170,19.0,6,114.0,7.5
2026-05-24,North,SKU-103,Halo Phone Stand,marketplace,95,19.0,5,95.0,7.5
2026-05-24,North,SKU-103,Halo Phone Stand,retail,50,19.0,1,19.0,7.5
2026-05-24,North,SKU-104,Drift Yoga Mat,web,40,55.0,3,165.0,26.0
2026-05-24,North,SKU-104,Drift Yoga Mat,marketplace,21,55.0,1,55.0,26.0
2026-05-24,North,SKU-104,Drift Yoga Mat,retail,10,55.0,1,55.0,26.0
2026-05-24,South,SKU-101,Aurora Desk Lamp,web,96,42.0,2,84.0,24.0
2026-05-24,South,SKU-101,Aurora Desk Lamp,marketplace,52,42.0,0,0.0,24.0
2026-05-24,South,SKU-101,Aurora Desk Lamp,retail,26,42.0,0,0.0,24.0
2026-05-24,South,SKU-102,Nimbus Bottle,web,163,28.0,7,196.0,11.0
2026-05-24,South,SKU-102,Nimbus Bottle,marketplace,90,28.0,3,84.0,11.0
2026-05-24,South,SKU-102,Nimbus Bottle,retail,42,28.0,1,28.0,11.0
2026-05-24,South,SKU-103,Halo Phone Stand,web,203,19.0,11,209.0,7.5
2026-05-24,South,SKU-103,Halo Phone Stand,marketplace,117,19.0,6,114.0,7.5
2026-05-24,South,SKU-103,Halo Phone Stand,retail,59,19.0,2,38.0,7.5
2026-05-24,South,SKU-104,Drift Yoga Mat,web,44,55.0,4,220.0,26.0
2026-05-24,South,SKU-104,Drift Yoga Mat,marketplace,25,55.0,2,110.0,26.0
2026-05-24,South,SKU-104,Drift Yoga Mat,retail,12,55.0,0,0.0,26.0
2026-05-24,West,SKU-101,Aurora Desk Lamp,web,63,42.0,1,42.0,24.0
2026-05-24,West,SKU-101,Aurora Desk Lamp,marketplace,30,42.0,0,0.0,24.0
2026-05-24,West,SKU-101,Aurora Desk Lamp,retail,15,42.0,0,0.0,24.0
2026-05-24,West,SKU-102,Nimbus Bottle,web,106,28.0,3,84.0,11.0
2026-05-24,West,SKU-102,Nimbus Bottle,marketplace,54,28.0,2,56.0,11.0
2026-05-24,West,SKU-102,Nimbus Bottle,retail,28,28.0,1,28.0,11.0
2026-05-24,West,SKU-103,Halo Phone Stand,web,124,19.0,7,133.0,7.5
2026-05-24,West,SKU-103,Halo Phone Stand,marketplace,70,19.0,3,57.0,7.5
2026-05-24,West,SKU-103,Halo Phone Stand,retail,34,19.0,1,19.0,7.5
2026-05-24,West,SKU-104,Drift Yoga Mat,web,27,55.0,2,110.0,26.0
2026-05-24,West,SKU-104,Drift Yoga Mat,marketplace,15,55.0,1,55.0,26.0
2026-05-24,West,SKU-104,Drift Yoga Mat,retail,7,55.0,0,0.0,26.0
2026-05-25,North,SKU-101,Aurora Desk Lamp,web,59,42.0,1,42.0,24.0
2026-05-25,North,SKU-101,Aurora Desk Lamp,marketplace,36,42.0,1,42.0,24.0
2026-05-25,North,SKU-101,Aurora Desk Lamp,retail,17,42.0,0,0.0,24.0
2026-05-25,North,SKU-102,Nimbus Bottle,web,111,28.0,5,140.0,11.0
2026-05-25,North,SKU-102,Nimbus Bottle,marketplace,58,28.0,1,28.0,11.0
2026-05-25,North,SKU-102,Nimbus Bottle,retail,27,28.0,0,0.0,11.0
2026-05-25,North,SKU-103,Halo Phone Stand,web,139,19.0,8,152.0,7.5
2026-05-25,North,SKU-103,Halo Phone Stand,marketplace,69,19.0,1,19.0,7.5
2026-05-25,North,SKU-103,Halo Phone Stand,retail,37,19.0,1,19.0,7.5
2026-05-25,North,SKU-104,Drift Yoga Mat,web,29,55.0,2,110.0,26.0
2026-05-25,North,SKU-104,Drift Yoga Mat,marketplace,16,55.0,1,55.0,26.0
2026-05-25,North,SKU-104,Drift Yoga Mat,retail,7,55.0,0,0.0,26.0
2026-05-25,South,SKU-101,Aurora Desk Lamp,web,70,42.0,2,84.0,24.0
2026-05-25,South,SKU-101,Aurora Desk Lamp,marketplace,40,42.0,1,42.0,24.0
2026-05-25,South,SKU-101,Aurora Desk Lamp,retail,19,42.0,0,0.0,24.0
2026-05-25,South,SKU-102,Nimbus Bottle,web,119,28.0,7,196.0,11.0
2026-05-25,South,SKU-102,Nimbus Bottle,marketplace,65,28.0,1,28.0,11.0
2026-05-25,South,SKU-102,Nimbus Bottle,retail,31,28.0,1,28.0,11.0
2026-05-25,South,SKU-103,Halo Phone Stand,web,150,19.0,5,95.0,7.5
2026-05-25,South,SKU-103,Halo Phone Stand,marketplace,78,19.0,2,38.0,7.5
2026-05-25,South,SKU-103,Halo Phone Stand,retail,40,19.0,2,38.0,7.5
2026-05-25,South,SKU-104,Drift Yoga Mat,web,36,55.0,3,165.0,26.0
2026-05-25,South,SKU-104,Drift Yoga Mat,marketplace,17,55.0,1,55.0,26.0
2026-05-25,South,SKU-104,Drift Yoga Mat,retail,8,55.0,0,0.0,26.0
2026-05-25,West,SKU-101,Aurora Desk Lamp,web,42,42.0,1,42.0,24.0
2026-05-25,West,SKU-101,Aurora Desk Lamp,marketplace,23,42.0,0,0.0,24.0
2026-05-25,West,SKU-101,Aurora Desk Lamp,retail,13,42.0,0,0.0,24.0
2026-05-25,West,SKU-102,Nimbus Bottle,web,76,28.0,2,56.0,11.0
2026-05-25,West,SKU-102,Nimbus Bottle,marketplace,41,28.0,1,28.0,11.0
2026-05-25,West,SKU-102,Nimbus Bottle,retail,21,28.0,0,0.0,11.0
2026-05-25,West,SKU-103,Halo Phone Stand,web,93,19.0,3,57.0,7.5
2026-05-25,West,SKU-103,Halo Phone Stand,marketplace,57,19.0,2,38.0,7.5
2026-05-25,West,SKU-103,Halo Phone Stand,retail,28,19.0,1,19.0,7.5
2026-05-25,West,SKU-104,Drift Yoga Mat,web,21,55.0,1,55.0,26.0
2026-05-25,West,SKU-104,Drift Yoga Mat,marketplace,11,55.0,1,55.0,26.0
2026-05-25,West,SKU-104,Drift Yoga Mat,retail,6,55.0,0,0.0,26.0
2026-05-26,North,SKU-101,Aurora Desk Lamp,web,59,42.0,1,42.0,24.0
2026-05-26,North,SKU-101,Aurora Desk Lamp,marketplace,33,42.0,1,42.0,24.0
2026-05-26,North,SKU-101,Aurora Desk Lamp,retail,15,42.0,0,0.0,24.0
2026-05-26,North,SKU-102,Nimbus Bottle,web,104,28.0,4,112.0,11.0
2026-05-26,North,SKU-102,Nimbus Bottle,marketplace,50,28.0,1,28.0,11.0
2026-05-26,North,SKU-102,Nimbus Bottle,retail,27,28.0,0,0.0,11.0
2026-05-26,North,SKU-103,Halo Phone Stand,web,128,19.0,7,133.0,7.5
2026-05-26,North,SKU-103,Halo Phone Stand,marketplace,69,19.0,3,57.0,7.5
2026-05-26,North,SKU-103,Halo Phone Stand,retail,36,19.0,2,38.0,7.5
2026-05-26,North,SKU-104,Drift Yoga Mat,web,30,55.0,2,110.0,26.0
2026-05-26,North,SKU-104,Drift Yoga Mat,marketplace,13,55.0,1,55.0,26.0
2026-05-26,North,SKU-104,Drift Yoga Mat,retail,7,55.0,0,0.0,26.0
2026-05-26,South,SKU-101,Aurora Desk Lamp,web,67,42.0,1,42.0,24.0
2026-05-26,South,SKU-101,Aurora Desk Lamp,marketplace,38,42.0,1,42.0,24.0
2026-05-26,South,SKU-101,Aurora Desk Lamp,retail,18,42.0,0,0.0,24.0
2026-05-26,South,SKU-102,Nimbus Bottle,web,118,28.0,5,140.0,11.0
2026-05-26,South,SKU-102,Nimbus Bottle,marketplace,62,28.0,2,56.0,11.0
2026-05-26,South,SKU-102,Nimbus Bottle,retail,29,28.0,0,0.0,11.0
2026-05-26,South,SKU-103,Halo Phone Stand,web,145,19.0,7,133.0,7.5
2026-05-26,South,SKU-103,Halo Phone Stand,marketplace,81,19.0,3,57.0,7.5
2026-05-26,South,SKU-103,Halo Phone Stand,retail,39,19.0,1,19.0,7.5
2026-05-26,South,SKU-104,Drift Yoga Mat,web,33,55.0,4,220.0,26.0
2026-05-26,South,SKU-104,Drift Yoga Mat,marketplace,17,55.0,1,55.0,26.0
2026-05-26,South,SKU-104,Drift Yoga Mat,retail,8,55.0,0,0.0,26.0
2026-05-26,West,SKU-101,Aurora Desk Lamp,web,45,42.0,1,42.0,24.0
2026-05-26,West,SKU-101,Aurora Desk Lamp,marketplace,21,42.0,0,0.0,24.0
2026-05-26,West,SKU-101,Aurora Desk Lamp,retail,11,42.0,0,0.0,24.0
2026-05-26,West,SKU-102,Nimbus Bottle,web,74,28.0,1,28.0,11.0
2026-05-26,West,SKU-102,Nimbus Bottle,marketplace,37,28.0,1,28.0,11.0
2026-05-26,West,SKU-102,Nimbus Bottle,retail,19,28.0,0,0.0,11.0
2026-05-26,West,SKU-103,Halo Phone Stand,web,92,19.0,6,114.0,7.5
2026-05-26,West,SKU-103,Halo Phone Stand,marketplace,49,19.0,2,38.0,7.5
2026-05-26,West,SKU-103,Halo Phone Stand,retail,22,19.0,1,19.0,7.5
2026-05-26,West,SKU-104,Drift Yoga Mat,web,20,55.0,1,55.0,26.0
2026-05-26,West,SKU-104,Drift Yoga Mat,marketplace,10,55.0,0,0.0,26.0
2026-05-26,West,SKU-104,Drift Yoga Mat,retail,5,55.0,0,0.0,26.0
2026-05-27,North,SKU-101,Aurora Desk Lamp,web,57,42.0,1,42.0,24.0
2026-05-27,North,SKU-101,Aurora Desk Lamp,marketplace,30,42.0,0,0.0,24.0
2026-05-27,North,SKU-101,Aurora Desk Lamp,retail,15,42.0,0,0.0,24.0
2026-05-27,North,SKU-102,Nimbus Bottle,web,102,28.0,4,112.0,11.0
2026-05-27,North,SKU-102,Nimbus Bottle,marketplace,53,28.0,2,56.0,11.0
2026-05-27,North,SKU-102,Nimbus Bottle,retail,27,28.0,1,28.0,11.0
2026-05-27,North,SKU-103,Halo Phone Stand,web,128,19.0,4,76.0,7.5
2026-05-27,North,SKU-103,Halo Phone Stand,marketplace,71,19.0,2,38.0,7.5
2026-05-27,North,SKU-103,Halo Phone Stand,retail,35,19.0,1,19.0,7.5
2026-05-27,North,SKU-104,Drift Yoga Mat,web,27,55.0,2,110.0,26.0
2026-05-27,North,SKU-104,Drift Yoga Mat,marketplace,14,55.0,1,55.0,26.0
2026-05-27,North,SKU-104,Drift Yoga Mat,retail,7,55.0,0,0.0,26.0
2026-05-27,South,SKU-101,Aurora Desk Lamp,web,70,42.0,1,42.0,24.0
2026-05-27,South,SKU-101,Aurora Desk Lamp,marketplace,38,42.0,1,42.0,24.0
2026-05-27,South,SKU-101,Aurora Desk Lamp,retail,18,42.0,0,0.0,24.0
2026-05-27,South,SKU-102,Nimbus Bottle,web,116,28.0,5,140.0,11.0
2026-05-27,South,SKU-102,Nimbus Bottle,marketplace,58,28.0,2,56.0,11.0
2026-05-27,South,SKU-102,Nimbus Bottle,retail,30,28.0,2,56.0,11.0
2026-05-27,South,SKU-103,Halo Phone Stand,web,136,19.0,9,171.0,7.5
2026-05-27,South,SKU-103,Halo Phone Stand,marketplace,78,19.0,4,76.0,7.5
2026-05-27,South,SKU-103,Halo Phone Stand,retail,40,19.0,1,19.0,7.5
2026-05-27,South,SKU-104,Drift Yoga Mat,web,32,55.0,3,165.0,26.0
2026-05-27,South,SKU-104,Drift Yoga Mat,marketplace,16,55.0,1,55.0,26.0
2026-05-27,South,SKU-104,Drift Yoga Mat,retail,8,55.0,0,0.0,26.0
2026-05-27,West,SKU-101,Aurora Desk Lamp,web,41,42.0,0,0.0,24.0
2026-05-27,West,SKU-101,Aurora Desk Lamp,marketplace,23,42.0,0,0.0,24.0
2026-05-27,West,SKU-101,Aurora Desk Lamp,retail,10,42.0,0,0.0,24.0
2026-05-27,West,SKU-102,Nimbus Bottle,web,73,28.0,2,56.0,11.0
2026-05-27,West,SKU-102,Nimbus Bottle,marketplace,38,28.0,1,28.0,11.0
2026-05-27,West,SKU-102,Nimbus Bottle,retail,19,28.0,0,0.0,11.0
2026-05-27,West,SKU-103,Halo Phone Stand,web,90,19.0,3,57.0,7.5
2026-05-27,West,SKU-103,Halo Phone Stand,marketplace,52,19.0,3,57.0,7.5
2026-05-27,West,SKU-103,Halo Phone Stand,retail,24,19.0,1,19.0,7.5
2026-05-27,West,SKU-104,Drift Yoga Mat,web,21,55.0,1,55.0,26.0
2026-05-27,West,SKU-104,Drift Yoga Mat,marketplace,10,55.0,0,0.0,26.0
2026-05-27,West,SKU-104,Drift Yoga Mat,retail,5,55.0,0,0.0,26.0
2026-05-28,North,SKU-101,Aurora Desk Lamp,web,65,42.0,2,84.0,24.0
2026-05-28,North,SKU-101,Aurora Desk Lamp,marketplace,38,42.0,1,42.0,24.0
2026-05-28,North,SKU-101,Aurora Desk Lamp,retail,17,42.0,0,0.0,24.0
2026-05-28,North,SKU-102,Nimbus Bottle,web,106,28.0,3,84.0,11.0
2026-05-28,North,SKU-102,Nimbus Bottle,marketplace,60,28.0,2,56.0,11.0
2026-05-28,North,SKU-102,Nimbus Bottle,retail,30,28.0,1,28.0,11.0
2026-05-28,North,SKU-103,Halo Phone Stand,web,138,19.0,9,171.0,7.5
2026-05-28,North,SKU-103,Halo Phone Stand,marketplace,79,19.0,4,76.0,7.5
2026-05-28,North,SKU-103,Halo Phone Stand,retail,39,19.0,1,19.0,7.5
2026-05-28,North,SKU-104,Drift Yoga Mat,web,30,55.0,2,110.0,26.0
2026-05-28,North,SKU-104,Drift Yoga Mat,marketplace,16,55.0,2,110.0,26.0
2026-05-28,North,SKU-104,Drift Yoga Mat,retail,8,55.0,0,0.0,26.0
2026-05-28,South,SKU-101,Aurora Desk Lamp,web,73,42.0,1,42.0,24.0
2026-05-28,South,SKU-101,Aurora Desk Lamp,marketplace,41,42.0,1,42.0,24.0
2026-05-28,South,SKU-101,Aurora Desk Lamp,retail,18,42.0,0,0.0,24.0
2026-05-28,South,SKU-102,Nimbus Bottle,web,120,28.0,4,112.0,11.0
2026-05-28,South,SKU-102,Nimbus Bottle,marketplace,68,28.0,2,56.0,11.0
2026-05-28,South,SKU-102,Nimbus Bottle,retail,36,28.0,0,0.0,11.0
2026-05-28,South,SKU-103,Halo Phone Stand,web,167,19.0,5,95.0,7.5
2026-05-28,South,SKU-103,Halo Phone Stand,marketplace,87,19.0,3,57.0,7.5
2026-05-28,South,SKU-103,Halo Phone Stand,retail,44,19.0,2,38.0,7.5
2026-05-28,South,SKU-104,Drift Yoga Mat,web,34,55.0,3,165.0,26.0
2026-05-28,South,SKU-104,Drift Yoga Mat,marketplace,18,55.0,1,55.0,26.0
2026-05-28,South,SKU-104,Drift Yoga Mat,retail,9,55.0,0,0.0,26.0
2026-05-28,West,SKU-101,Aurora Desk Lamp,web,47,42.0,1,42.0,24.0
2026-05-28,West,SKU-101,Aurora Desk Lamp,marketplace,27,42.0,0,0.0,24.0
2026-05-28,West,SKU-101,Aurora Desk Lamp,retail,11,42.0,0,0.0,24.0
2026-05-28,West,SKU-102,Nimbus Bottle,web,75,28.0,3,84.0,11.0
2026-05-28,West,SKU-102,Nimbus Bottle,marketplace,43,28.0,1,28.0,11.0
2026-05-28,West,SKU-102,Nimbus Bottle,retail,20,28.0,0,0.0,11.0
2026-05-28,West,SKU-103,Halo Phone Stand,web,98,19.0,2,38.0,7.5
2026-05-28,West,SKU-103,Halo Phone Stand,marketplace,55,19.0,3,57.0,7.5
2026-05-28,West,SKU-103,Halo Phone Stand,retail,25,19.0,0,0.0,7.5
2026-05-28,West,SKU-104,Drift Yoga Mat,web,22,55.0,1,55.0,26.0
2026-05-28,West,SKU-104,Drift Yoga Mat,marketplace,11,55.0,0,0.0,26.0
2026-05-28,West,SKU-104,Drift Yoga Mat,retail,5,55.0,0,0.0,26.0
2026-05-29,North,SKU-101,Aurora Desk Lamp,web,72,42.0,3,126.0,24.0
2026-05-29,North,SKU-101,Aurora Desk Lamp,marketplace,41,42.0,1,42.0,24.0
2026-05-29,North,SKU-101,Aurora Desk Lamp,retail,21,42.0,0,0.0,24.0
2026-05-29,North,SKU-102,Nimbus Bottle,web,129,28.0,5,140.0,11.0
2026-05-29,North,SKU-102,Nimbus Bottle,marketplace,68,28.0,3,84.0,11.0
2026-05-29,North,SKU-102,Nimbus Bottle,retail,33,28.0,1,28.0,11.0
2026-05-29,North,SKU-103,Halo Phone Stand,web,168,19.0,6,114.0,7.5
2026-05-29,North,SKU-103,Halo Phone Stand,marketplace,92,19.0,4,76.0,7.5
2026-05-29,North,SKU-103,Halo Phone Stand,retail,47,19.0,0,0.0,7.5
2026-05-29,North,SKU-104,Drift Yoga Mat,web,35,55.0,1,55.0,26.0
2026-05-29,North,SKU-104,Drift Yoga Mat,marketplace,19,55.0,2,110.0,26.0
2026-05-29,North,SKU-104,Drift Yoga Mat,retail,9,55.0,0,0.0,26.0
2026-05-29,South,SKU-101,Aurora Desk Lamp,web,83,42.0,2,84.0,24.0
2026-05-29,South,SKU-101,Aurora Desk Lamp,marketplace,46,42.0,1,42.0,24.0
2026-05-29,South,SKU-101,Aurora Desk Lamp,retail,24,42.0,0,0.0,24.0
2026-05-29,South,SKU-102,Nimbus Bottle,web,144,28.0,5,140.0,11.0
2026-05-29,South,SKU-102,Nimbus Bottle,marketplace,78,28.0,1,28.0,11.0
2026-05-29,South,SKU-102,Nimbus Bottle,retail,39,28.0,0,0.0,11.0
2026-05-29,South,SKU-103,Halo Phone Stand,web,190,19.0,10,190.0,7.5
2026-05-29,South,SKU-103,Halo Phone Stand,marketplace,96,19.0,5,95.0,7.5
2026-05-29,South,SKU-103,Halo Phone Stand,retail,47,19.0,2,38.0,7.5
2026-05-29,South,SKU-104,Drift Yoga Mat,web,40,55.0,3,165.0,26.0
2026-05-29,South,SKU-104,Drift Yoga Mat,marketplace,23,55.0,2,110.0,26.0
2026-05-29,South,SKU-104,Drift Yoga Mat,retail,11,55.0,0,0.0,26.0
2026-05-29,West,SKU-101,Aurora Desk Lamp,web,51,42.0,1,42.0,24.0
2026-05-29,West,SKU-101,Aurora Desk Lamp,marketplace,28,42.0,0,0.0,24.0
2026-05-29,West,SKU-101,Aurora Desk Lamp,retail,13,42.0,0,0.0,24.0
2026-05-29,West,SKU-102,Nimbus Bottle,web,97,28.0,3,84.0,11.0
2026-05-29,West,SKU-102,Nimbus Bottle,marketplace,48,28.0,1,28.0,11.0
2026-05-29,West,SKU-102,Nimbus Bottle,retail,24,28.0,0,0.0,11.0
2026-05-29,West,SKU-103,Halo Phone Stand,web,115,19.0,5,95.0,7.5
2026-05-29,West,SKU-103,Halo Phone Stand,marketplace,61,19.0,4,76.0,7.5
2026-05-29,West,SKU-103,Halo Phone Stand,retail,30,19.0,1,19.0,7.5
2026-05-29,West,SKU-104,Drift Yoga Mat,web,26,55.0,2,110.0,26.0
2026-05-29,West,SKU-104,Drift Yoga Mat,marketplace,13,55.0,1,55.0,26.0
2026-05-29,West,SKU-104,Drift Yoga Mat,retail,6,55.0,0,0.0,26.0
2026-05-30,North,SKU-101,Aurora Desk Lamp,web,94,42.0,3,126.0,24.0
2026-05-30,North,SKU-101,Aurora Desk Lamp,marketplace,46,42.0,1,42.0,24.0
2026-05-30,North,SKU-101,Aurora Desk Lamp,retail,24,42.0,0,0.0,24.0
2026-05-30,North,SKU-102,Nimbus Bottle,web,152,28.0,5,140.0,11.0
2026-05-30,North,SKU-102,Nimbus Bottle,marketplace,78,28.0,3,84.0,11.0
2026-05-30,North,SKU-102,Nimbus Bottle,retail,43,28.0,2,56.0,11.0
2026-05-30,North,SKU-103,Halo Phone Stand,web,193,19.0,8,152.0,7.5
2026-05-30,North,SKU-103,Halo Phone Stand,marketplace,112,19.0,7,133.0,7.5
2026-05-30,North,SKU-103,Halo Phone Stand,retail,49,19.0,2,38.0,7.5
2026-05-30,North,SKU-104,Drift Yoga Mat,web,41,55.0,3,165.0,26.0
2026-05-30,North,SKU-104,Drift Yoga Mat,marketplace,22,55.0,2,110.0,26.0
2026-05-30,North,SKU-104,Drift Yoga Mat,retail,10,55.0,1,55.0,26.0
2026-05-30,South,SKU-101,Aurora Desk Lamp,web,98,42.0,2,84.0,24.0
2026-05-30,South,SKU-101,Aurora Desk Lamp,marketplace,55,42.0,1,42.0,24.0
2026-05-30,South,SKU-101,Aurora Desk Lamp,retail,26,42.0,0,0.0,24.0
2026-05-30,South,SKU-102,Nimbus Bottle,web,183,28.0,8,224.0,11.0
2026-05-30,South,SKU-102,Nimbus Bottle,marketplace,91,28.0,2,56.0,11.0
2026-05-30,South,SKU-102,Nimbus Bottle,retail,50,28.0,2,56.0,11.0
2026-05-30,South,SKU-103,Halo Phone Stand,web,209,19.0,10,190.0,7.5
2026-05-30,South,SKU-103,Halo Phone Stand,marketplace,120,19.0,7,133.0,7.5
2026-05-30,South,SKU-103,Halo Phone Stand,retail,56,19.0,3,57.0,7.5
2026-05-30,South,SKU-104,Drift Yoga Mat,web,48,55.0,4,220.0,26.0
2026-05-30,South,SKU-104,Drift Yoga Mat,marketplace,26,55.0,1,55.0,26.0
2026-05-30,South,SKU-104,Drift Yoga Mat,retail,12,55.0,1,55.0,26.0
2026-05-30,West,SKU-101,Aurora Desk Lamp,web,65,42.0,2,84.0,24.0
2026-05-30,West,SKU-101,Aurora Desk Lamp,marketplace,33,42.0,1,42.0,24.0
2026-05-30,West,SKU-101,Aurora Desk Lamp,retail,16,42.0,0,0.0,24.0
2026-05-30,West,SKU-102,Nimbus Bottle,web,107,28.0,4,112.0,11.0
2026-05-30,West,SKU-102,Nimbus Bottle,marketplace,57,28.0,3,84.0,11.0
2026-05-30,West,SKU-102,Nimbus Bottle,retail,30,28.0,0,0.0,11.0
2026-05-30,West,SKU-103,Halo Phone Stand,web,136,19.0,10,190.0,7.5
2026-05-30,West,SKU-103,Halo Phone Stand,marketplace,74,19.0,3,57.0,7.5
2026-05-30,West,SKU-103,Halo Phone Stand,retail,35,19.0,1,19.0,7.5
2026-05-30,West,SKU-104,Drift Yoga Mat,web,31,55.0,2,110.0,26.0
2026-05-30,West,SKU-104,Drift Yoga Mat,marketplace,15,55.0,1,55.0,26.0
2026-05-30,West,SKU-104,Drift Yoga Mat,retail,8,55.0,0,0.0,26.0
2026-05-31,North,SKU-101,Aurora Desk Lamp,web,85,42.0,2,84.0,24.0
2026-05-31,North,SKU-101,Aurora Desk Lamp,marketplace,47,42.0,1,42.0,24.0
2026-05-31,North,SKU-101,Aurora Desk Lamp,retail,24,42.0,0,0.0,24.0
2026-05-31,North,SKU-102,Nimbus Bottle,web,142,28.0,4,112.0,11.0
2026-05-31,North,SKU-102,Nimbus Bottle,marketplace,80,28.0,3,84.0,11.0
2026-05-31,North,SKU-102,Nimbus Bottle,retail,36,28.0,1,28.0,11.0
2026-05-31,North,SKU-103,Halo Phone Stand,web,171,19.0,7,133.0,7.5
2026-05-31,North,SKU-103,Halo Phone Stand,marketplace,101,19.0,3,57.0,7.5
2026-05-31,North,SKU-103,Halo Phone Stand,retail,46,19.0,2,38.0,7.5
2026-05-31,North,SKU-104,Drift Yoga Mat,web,37,55.0,1,55.0,26.0
2026-05-31,North,SKU-104,Drift Yoga Mat,marketplace,21,55.0,2,110.0,26.0
2026-05-31,North,SKU-104,Drift Yoga Mat,retail,10,55.0,0,0.0,26.0
2026-05-31,South,SKU-101,Aurora Desk Lamp,web,98,42.0,2,84.0,24.0
2026-05-31,South,SKU-101,Aurora Desk Lamp,marketplace,50,42.0,2,84.0,24.0
2026-05-31,South,SKU-101,Aurora Desk Lamp,retail,25,42.0,0,0.0,24.0
2026-05-31,South,SKU-102,Nimbus Bottle,web,164,28.0,6,168.0,11.0
2026-05-31,South,SKU-102,Nimbus Bottle,marketplace,84,28.0,3,84.0,11.0
2026-05-31,South,SKU-102,Nimbus Bottle,retail,45,28.0,1,28.0,11.0
2026-05-31,South,SKU-103,Halo Phone Stand,web,206,19.0,8,152.0,7.5
2026-05-31,South,SKU-103,Halo Phone Stand,marketplace,113,19.0,6,114.0,7.5
2026-05-31,South,SKU-103,Halo Phone Stand,retail,56,19.0,0,0.0,7.5
2026-05-31,South,SKU-104,Drift Yoga Mat,web,44,55.0,2,110.0,26.0
2026-05-31,South,SKU-104,Drift Yoga Mat,marketplace,23,55.0,2,110.0,26.0
2026-05-31,South,SKU-104,Drift Yoga Mat,retail,12,55.0,0,0.0,26.0
2026-05-31,West,SKU-101,Aurora Desk Lamp,web,60,42.0,1,42.0,24.0
2026-05-31,West,SKU-101,Aurora Desk Lamp,marketplace,32,42.0,0,0.0,24.0
2026-05-31,West,SKU-101,Aurora Desk Lamp,retail,16,42.0,0,0.0,24.0
2026-05-31,West,SKU-102,Nimbus Bottle,web,103,28.0,4,112.0,11.0
2026-05-31,West,SKU-102,Nimbus Bottle,marketplace,53,28.0,3,84.0,11.0
2026-05-31,West,SKU-102,Nimbus Bottle,retail,26,28.0,0,0.0,11.0
2026-05-31,West,SKU-103,Halo Phone Stand,web,133,19.0,7,133.0,7.5
2026-05-31,West,SKU-103,Halo Phone Stand,marketplace,71,19.0,2,38.0,7.5
2026-05-31,West,SKU-103,Halo Phone Stand,retail,36,19.0,1,19.0,7.5
2026-05-31,West,SKU-104,Drift Yoga Mat,web,29,55.0,1,55.0,26.0
2026-05-31,West,SKU-104,Drift Yoga Mat,marketplace,15,55.0,1,55.0,26.0
2026-05-31,West,SKU-104,Drift Yoga Mat,retail,7,55.0,0,0.0,26.0
2026-06-01,North,SKU-101,Aurora Desk Lamp,web,63,42.0,1,42.0,24.0
2026-06-01,North,SKU-101,Aurora Desk Lamp,marketplace,33,42.0,0,0.0,24.0
2026-06-01,North,SKU-101,Aurora Desk Lamp,retail,16,42.0,0,0.0,24.0
2026-06-01,North,SKU-102,Nimbus Bottle,web,104,28.0,4,112.0,11.0
2026-06-01,North,SKU-102,Nimbus Bottle,marketplace,59,28.0,3,84.0,11.0
2026-06-01,North,SKU-102,Nimbus Bottle,retail,29,28.0,1,28.0,11.0
2026-06-01,North,SKU-103,Halo Phone Stand,web,134,19.0,6,114.0,7.5
2026-06-01,North,SKU-103,Halo Phone Stand,marketplace,70,19.0,5,95.0,7.5
2026-06-01,North,SKU-103,Halo Phone Stand,retail,33,19.0,1,19.0,7.5
2026-06-01,North,SKU-104,Drift Yoga Mat,web,31,55.0,3,165.0,26.0
2026-06-01,North,SKU-104,Drift Yoga Mat,marketplace,15,55.0,1,55.0,26.0
2026-06-01,North,SKU-104,Drift Yoga Mat,retail,8,55.0,0,0.0,26.0
2026-06-01,South,SKU-101,Aurora Desk Lamp,web,74,42.0,2,84.0,24.0
2026-06-01,South,SKU-101,Aurora Desk Lamp,marketplace,36,42.0,0,0.0,24.0
2026-06-01,South,SKU-101,Aurora Desk Lamp,retail,20,42.0,0,0.0,24.0
2026-06-01,South,SKU-102,Nimbus Bottle,web,121,28.0,5,140.0,11.0
2026-06-01,South,SKU-102,Nimbus Bottle,marketplace,62,28.0,2,56.0,11.0
2026-06-01,South,SKU-102,Nimbus Bottle,retail,33,28.0,0,0.0,11.0
2026-06-01,South,SKU-103,Halo Phone Stand,web,153,19.0,5,95.0,7.5
2026-06-01,South,SKU-103,Halo Phone Stand,marketplace,84,19.0,4,76.0,7.5
2026-06-01,South,SKU-103,Halo Phone Stand,retail,41,19.0,2,38.0,7.5
2026-06-01,South,SKU-104,Drift Yoga Mat,web,34,55.0,2,110.0,26.0
2026-06-01,South,SKU-104,Drift Yoga Mat,marketplace,18,55.0,1,55.0,26.0
2026-06-01,South,SKU-104,Drift Yoga Mat,retail,9,55.0,0,0.0,26.0
2026-06-01,West,SKU-101,Aurora Desk Lamp,web,45,42.0,1,42.0,24.0
2026-06-01,West,SKU-101,Aurora Desk Lamp,marketplace,24,42.0,0,0.0,24.0
2026-06-01,West,SKU-101,Aurora Desk Lamp,retail,11,42.0,0,0.0,24.0
2026-06-01,West,SKU-102,Nimbus Bottle,web,78,28.0,3,84.0,11.0
2026-06-01,West,SKU-102,Nimbus Bottle,marketplace,41,28.0,0,0.0,11.0
2026-06-01,West,SKU-102,Nimbus Bottle,retail,19,28.0,0,0.0,11.0
2026-06-01,West,SKU-103,Halo Phone Stand,web,90,19.0,2,38.0,7.5
2026-06-01,West,SKU-103,Halo Phone Stand,marketplace,54,19.0,2,38.0,7.5
2026-06-01,West,SKU-103,Halo Phone Stand,retail,27,19.0,1,19.0,7.5
2026-06-01,West,SKU-104,Drift Yoga Mat,web,21,55.0,2,110.0,26.0
2026-06-01,West,SKU-104,Drift Yoga Mat,marketplace,11,55.0,1,55.0,26.0
2026-06-01,West,SKU-104,Drift Yoga Mat,retail,5,55.0,0,0.0,26.0
2026-06-02,North,SKU-101,Aurora Desk Lamp,web,61,42.0,1,42.0,24.0
2026-06-02,North,SKU-101,Aurora Desk Lamp,marketplace,30,42.0,1,42.0,24.0
2026-06-02,North,SKU-101,Aurora Desk Lamp,retail,16,42.0,0,0.0,24.0
2026-06-02,North,SKU-102,Nimbus Bottle,web,104,28.0,5,140.0,11.0
2026-06-02,North,SKU-102,Nimbus Bottle,marketplace,60,28.0,1,28.0,11.0
2026-06-02,North,SKU-102,Nimbus Bottle,retail,27,28.0,1,28.0,11.0
2026-06-02,North,SKU-103,Halo Phone Stand,web,127,19.0,5,95.0,7.5
2026-06-02,North,SKU-103,Halo Phone Stand,marketplace,68,19.0,3,57.0,7.5
2026-06-02,North,SKU-103,Halo Phone Stand,retail,35,19.0,1,19.0,7.5
2026-06-02,North,SKU-104,Drift Yoga Mat,web,31,55.0,2,110.0,26.0
2026-06-02,North,SKU-104,Drift Yoga Mat,marketplace,14,55.0,1,55.0,26.0
2026-06-02,North,SKU-104,Drift Yoga Mat,retail,6,55.0,0,0.0,26.0
2026-06-02,South,SKU-101,Aurora Desk Lamp,web,70,42.0,2,84.0,24.0
2026-06-02,South,SKU-101,Aurora Desk Lamp,marketplace,34,42.0,1,42.0,24.0
2026-06-02,South,SKU-101,Aurora Desk Lamp,retail,18,42.0,0,0.0,24.0
2026-06-02,South,SKU-102,Nimbus Bottle,web,113,28.0,3,84.0,11.0
2026-06-02,South,SKU-102,Nimbus Bottle,marketplace,61,28.0,2,56.0,11.0
2026-06-02,South,SKU-102,Nimbus Bottle,retail,31,28.0,1,28.0,11.0
2026-06-02,South,SKU-103,Halo Phone Stand,web,151,19.0,10,190.0,7.5
2026-06-02,South,SKU-103,Halo Phone Stand,marketplace,77,19.0,2,38.0,7.5
2026-06-02,South,SKU-103,Halo Phone Stand,retail,35,19.0,2,38.0,7.5
2026-06-02,South,SKU-104,Drift Yoga Mat,web,33,55.0,4,220.0,26.0
2026-06-02,South,SKU-104,Drift Yoga Mat,marketplace,16,55.0,0,0.0,26.0
2026-06-02,South,SKU-104,Drift Yoga Mat,retail,8,55.0,0,0.0,26.0
2026-06-02,West,SKU-101,Aurora Desk Lamp,web,44,42.0,1,42.0,24.0
2026-06-02,West,SKU-101,Aurora Desk Lamp,marketplace,23,42.0,0,0.0,24.0
2026-06-02,West,SKU-101,Aurora Desk Lamp,retail,11,42.0,0,0.0,24.0
2026-06-02,West,SKU-102,Nimbus Bottle,web,77,28.0,2,56.0,11.0
2026-06-02,West,SKU-102,Nimbus Bottle,marketplace,37,28.0,1,28.0,11.0
2026-06-02,West,SKU-102,Nimbus Bottle,retail,20,28.0,0,0.0,11.0
2026-06-02,West,SKU-103,Halo Phone Stand,web,93,19.0,4,76.0,7.5
2026-06-02,West,SKU-103,Halo Phone Stand,marketplace,51,19.0,1,19.0,7.5
2026-06-02,West,SKU-103,Halo Phone Stand,retail,25,19.0,0,0.0,7.5
2026-06-02,West,SKU-104,Drift Yoga Mat,web,21,55.0,2,110.0,26.0
2026-06-02,West,SKU-104,Drift Yoga Mat,marketplace,10,55.0,0,0.0,26.0
2026-06-02,West,SKU-104,Drift Yoga Mat,retail,5,55.0,0,0.0,26.0
2026-06-03,North,SKU-101,Aurora Desk Lamp,web,58,42.0,2,84.0,24.0
2026-06-03,North,SKU-101,Aurora Desk Lamp,marketplace,31,42.0,1,42.0,24.0
2026-06-03,North,SKU-101,Aurora Desk Lamp,retail,15,42.0,0,0.0,24.0
2026-06-03,North,SKU-102,Nimbus Bottle,web,96,28.0,4,112.0,11.0
2026-06-03,North,SKU-102,Nimbus Bottle,marketplace,56,28.0,2,56.0,11.0
2026-06-03,North,SKU-102,Nimbus Bottle,retail,27,28.0,1,28.0,11.0
2026-06-03,North,SKU-103,Halo Phone Stand,web,132,19.0,4,76.0,7.5
2026-06-03,North,SKU-103,Halo Phone Stand,marketplace,66,19.0,2,38.0,7.5
2026-06-03,North,SKU-103,Halo Phone Stand,retail,33,19.0,2,38.0,7.5
2026-06-03,North,SKU-104,Drift Yoga Mat,web,31,55.0,3,165.0,26.0
2026-06-03,North,SKU-104,Drift Yoga Mat,marketplace,14,55.0,0,0.0,26.0
2026-06-03,North,SKU-104,Drift Yoga Mat,retail,7,55.0,0,0.0,26.0
2026-06-03,South,SKU-101,Aurora Desk Lamp,web,69,42.0,2,84.0,24.0
2026-06-03,South,SKU-101,Aurora Desk Lamp,marketplace,36,42.0,1,42.0,24.0
2026-06-03,South,SKU-101,Aurora Desk Lamp,retail,18,42.0,0,0.0,24.0
2026-06-03,South,SKU-102,Nimbus Bottle,web,114,28.0,4,112.0,11.0
2026-06-03,South,SKU-102,Nimbus Bottle,marketplace,66,28.0,2,56.0,11.0
2026-06-03,South,SKU-102,Nimbus Bottle,retail,31,28.0,1,28.0,11.0
2026-06-03,South,SKU-103,Halo Phone Stand,web,152,19.0,8,152.0,7.5
2026-06-03,South,SKU-103,Halo Phone Stand,marketplace,81,19.0,4,76.0,7.5
2026-06-03,South,SKU-103,Halo Phone Stand,retail,39,19.0,1,19.0,7.5
2026-06-03,South,SKU-104,Drift Yoga Mat,web,34,55.0,3,165.0,26.0
2026-06-03,South,SKU-104,Drift Yoga Mat,marketplace,15,55.0,1,55.0,26.0
2026-06-03,South,SKU-104,Drift Yoga Mat,retail,8,55.0,0,0.0,26.0
2026-06-03,West,SKU-101,Aurora Desk Lamp,web,41,42.0,1,42.0,24.0
2026-06-03,West,SKU-101,Aurora Desk Lamp,marketplace,22,42.0,0,0.0,24.0
2026-06-03,West,SKU-101,Aurora Desk Lamp,retail,12,42.0,0,0.0,24.0
2026-06-03,West,SKU-102,Nimbus Bottle,web,75,28.0,2,56.0,11.0
2026-06-03,West,SKU-102,Nimbus Bottle,marketplace,39,28.0,1,28.0,11.0
2026-06-03,West,SKU-102,Nimbus Bottle,retail,19,28.0,0,0.0,11.0
2026-06-03,West,SKU-103,Halo Phone Stand,web,95,19.0,4,76.0,7.5
2026-06-03,West,SKU-103,Halo Phone Stand,marketplace,50,19.0,2,38.0,7.5
2026-06-03,West,SKU-103,Halo Phone Stand,retail,25,19.0,1,19.0,7.5
2026-06-03,West,SKU-104,Drift Yoga Mat,web,20,55.0,1,55.0,26.0
2026-06-03,West,SKU-104,Drift Yoga Mat,marketplace,10,55.0,0,0.0,26.0
2026-06-03,West,SKU-104,Drift Yoga Mat,retail,5,55.0,0,0.0,26.0
2026-06-04,North,SKU-101,Aurora Desk Lamp,web,63,42.0,1,42.0,24.0
2026-06-04,North,SKU-101,Aurora Desk Lamp,marketplace,36,42.0,1,42.0,24.0
2026-06-04,North,SKU-101,Aurora Desk Lamp,retail,17,42.0,0,0.0,24.0
2026-06-04,North,SKU-102,Nimbus Bottle,web,112,28.0,5,140.0,11.0
2026-06-04,North,SKU-102,Nimbus Bottle,marketplace,62,28.0,1,28.0,11.0
2026-06-04,North,SKU-102,Nimbus Bottle,retail,28,28.0,1,28.0,11.0
2026-06-04,North,SKU-103,Halo Phone Stand,web,149,19.0,10,190.0,7.5
2026-06-04,North,SKU-103,Halo Phone Stand,marketplace,75,19.0,4,76.0,7.5
2026-06-04,North,SKU-103,Halo Phone Stand,retail,36,19.0,2,38.0,7.5
2026-06-04,North,SKU-104,Drift Yoga Mat,web,31,55.0,3,165.0,26.0
2026-06-04,North,SKU-104,Drift Yoga Mat,marketplace,17,55.0,1,55.0,26.0
2026-06-04,North,SKU-104,Drift Yoga Mat,retail,8,55.0,0,0.0,26.0
2026-06-04,South,SKU-101,Aurora Desk Lamp,web,78,42.0,2,84.0,24.0
2026-06-04,South,SKU-101,Aurora Desk Lamp,marketplace,37,42.0,1,42.0,24.0
2026-06-04,South,SKU-101,Aurora Desk Lamp,retail,21,42.0,0,0.0,24.0
2026-06-04,South,SKU-102,Nimbus Bottle,web,125,28.0,6,168.0,11.0
2026-06-04,South,SKU-102,Nimbus Bottle,marketplace,73,28.0,3,84.0,11.0
2026-06-04,South,SKU-102,Nimbus Bottle,retail,30,28.0,1,28.0,11.0
2026-06-04,South,SKU-103,Halo Phone Stand,web,158,19.0,10,190.0,7.5
2026-06-04,South,SKU-103,Halo Phone Stand,marketplace,85,19.0,3,57.0,7.5
2026-06-04,South,SKU-103,Halo Phone Stand,retail,43,19.0,2,38.0,7.5
2026-06-04,South,SKU-104,Drift Yoga Mat,web,37,55.0,1,55.0,26.0
2026-06-04,South,SKU-104,Drift Yoga Mat,marketplace,20,55.0,1,55.0,26.0
2026-06-04,South,SKU-104,Drift Yoga Mat,retail,9,55.0,0,0.0,26.0
2026-06-04,West,SKU-101,Aurora Desk Lamp,web,47,42.0,1,42.0,24.0
2026-06-04,West,SKU-101,Aurora Desk Lamp,marketplace,25,42.0,0,0.0,24.0
2026-06-04,West,SKU-101,Aurora Desk Lamp,retail,12,42.0,0,0.0,24.0
2026-06-04,West,SKU-102,Nimbus Bottle,web,80,28.0,5,140.0,11.0
2026-06-04,West,SKU-102,Nimbus Bottle,marketplace,38,28.0,1,28.0,11.0
2026-06-04,West,SKU-102,Nimbus Bottle,retail,19,28.0,0,0.0,11.0
2026-06-04,West,SKU-103,Halo Phone Stand,web,103,19.0,3,57.0,7.5
2026-06-04,West,SKU-103,Halo Phone Stand,marketplace,54,19.0,2,38.0,7.5
2026-06-04,West,SKU-103,Halo Phone Stand,retail,26,19.0,0,0.0,7.5
2026-06-04,West,SKU-104,Drift Yoga Mat,web,24,55.0,2,110.0,26.0
2026-06-04,West,SKU-104,Drift Yoga Mat,marketplace,11,55.0,0,0.0,26.0
2026-06-04,West,SKU-104,Drift Yoga Mat,retail,5,55.0,0,0.0,26.0
2026-06-05,North,SKU-101,Aurora Desk Lamp,web,71,42.0,1,42.0,24.0
2026-06-05,North,SKU-101,Aurora Desk Lamp,marketplace,39,42.0,1,42.0,24.0
2026-06-05,North,SKU-101,Aurora Desk Lamp,retail,21,42.0,0,0.0,24.0
2026-06-05,North,SKU-102,Nimbus Bottle,web,129,28.0,3,84.0,11.0
2026-06-05,North,SKU-102,Nimbus Bottle,marketplace,69,28.0,2,56.0,11.0
2026-06-05,North,SKU-102,Nimbus Bottle,retail,34,28.0,1,28.0,11.0
2026-06-05,North,SKU-103,Halo Phone Stand,web,164,19.0,10,190.0,7.5
2026-06-05,North,SKU-103,Halo Phone Stand,marketplace,93,19.0,8,152.0,7.5
2026-06-05,North,SKU-103,Halo Phone Stand,retail,47,19.0,1,19.0,7.5
2026-06-05,North,SKU-104,Drift Yoga Mat,web,34,55.0,3,165.0,26.0
2026-06-05,North,SKU-104,Drift Yoga Mat,marketplace,19,55.0,1,55.0,26.0
2026-06-05,North,SKU-104,Drift Yoga Mat,retail,9,55.0,0,0.0,26.0
2026-06-05,South,SKU-101,Aurora Desk Lamp,web,87,42.0,2,84.0,24.0
2026-06-05,South,SKU-101,Aurora Desk Lamp,marketplace,46,42.0,1,42.0,24.0
2026-06-05,South,SKU-101,Aurora Desk Lamp,retail,24,42.0,0,0.0,24.0
2026-06-05,South,SKU-102,Nimbus Bottle,web,146,28.0,7,196.0,11.0
2026-06-05,South,SKU-102,Nimbus Bottle,marketplace,80,28.0,3,84.0,11.0
2026-06-05,South,SKU-102,Nimbus Bottle,retail,38,28.0,1,28.0,11.0
2026-06-05,South,SKU-103,Halo Phone Stand,web,185,19.0,8,152.0,7.5
2026-06-05,South,SKU-103,Halo Phone Stand,marketplace,103,19.0,3,57.0,7.5
2026-06-05,South,SKU-103,Halo Phone Stand,retail,48,19.0,2,38.0,7.5
2026-06-05,South,SKU-104,Drift Yoga Mat,web,40,55.0,4,220.0,26.0
2026-06-05,South,SKU-104,Drift Yoga Mat,marketplace,21,55.0,1,55.0,26.0
2026-06-05,South,SKU-104,Drift Yoga Mat,retail,10,55.0,1,55.0,26.0
2026-06-05,West,SKU-101,Aurora Desk Lamp,web,54,42.0,1,42.0,24.0
2026-06-05,West,SKU-101,Aurora Desk Lamp,marketplace,29,42.0,0,0.0,24.0
2026-06-05,West,SKU-101,Aurora Desk Lamp,retail,14,42.0,0,0.0,24.0
2026-06-05,West,SKU-102,Nimbus Bottle,web,90,28.0,3,84.0,11.0
2026-06-05,West,SKU-102,Nimbus Bottle,marketplace,49,28.0,1,28.0,11.0
2026-06-05,West,SKU-102,Nimbus Bottle,retail,24,28.0,0,0.0,11.0
2026-06-05,West,SKU-103,Halo Phone Stand,web,115,19.0,8,152.0,7.5
2026-06-05,West,SKU-103,Halo Phone Stand,marketplace,59,19.0,2,38.0,7.5
2026-06-05,West,SKU-103,Halo Phone Stand,retail,31,19.0,2,38.0,7.5
2026-06-05,West,SKU-104,Drift Yoga Mat,web,26,55.0,2,110.0,26.0
2026-06-05,West,SKU-104,Drift Yoga Mat,marketplace,13,55.0,1,55.0,26.0
2026-06-05,West,SKU-104,Drift Yoga Mat,retail,6,55.0,0,0.0,26.0
2026-06-06,North,SKU-101,Aurora Desk Lamp,web,89,42.0,2,84.0,24.0
2026-06-06,North,SKU-101,Aurora Desk Lamp,marketplace,49,42.0,0,0.0,24.0
2026-06-06,North,SKU-101,Aurora Desk Lamp,retail,23,42.0,0,0.0,24.0
2026-06-06,North,SKU-102,Nimbus Bottle,web,149,28.0,4,112.0,11.0
2026-06-06,North,SKU-102,Nimbus Bottle,marketplace,82,28.0,3,84.0,11.0
2026-06-06,North,SKU-102,Nimbus Bottle,retail,41,28.0,1,28.0,11.0
2026-06-06,North,SKU-103,Halo Phone Stand,web,192,19.0,10,190.0,7.5
2026-06-06,North,SKU-103,Halo Phone Stand,marketplace,107,19.0,6,114.0,7.5
2026-06-06,North,SKU-103,Halo Phone Stand,retail,54,19.0,2,38.0,7.5
2026-06-06,North,SKU-104,Drift Yoga Mat,web,42,55.0,3,165.0,26.0
2026-06-06,North,SKU-104,Drift Yoga Mat,marketplace,22,55.0,0,0.0,26.0
2026-06-06,North,SKU-104,Drift Yoga Mat,retail,10,55.0,0,0.0,26.0
2026-06-06,South,SKU-101,Aurora Desk Lamp,web,104,42.0,2,84.0,24.0
2026-06-06,South,SKU-101,Aurora Desk Lamp,marketplace,51,42.0,2,84.0,24.0
2026-06-06,South,SKU-101,Aurora Desk Lamp,retail,26,42.0,0,0.0,24.0
2026-06-06,South,SKU-102,Nimbus Bottle,web,173,28.0,3,84.0,11.0
2026-06-06,South,SKU-102,Nimbus Bottle,marketplace,96,28.0,2,56.0,11.0
2026-06-06,South,SKU-102,Nimbus Bottle,retail,46,28.0,2,56.0,11.0
2026-06-06,South,SKU-103,Halo Phone Stand,web,215,19.0,8,152.0,7.5
2026-06-06,South,SKU-103,Halo Phone Stand,marketplace,116,19.0,5,95.0,7.5
2026-06-06,South,SKU-103,Halo Phone Stand,retail,61,19.0,4,76.0,7.5
2026-06-06,South,SKU-104,Drift Yoga Mat,web,46,55.0,3,165.0,26.0
2026-06-06,South,SKU-104,Drift Yoga Mat,marketplace,24,55.0,2,110.0,26.0
2026-06-06,South,SKU-104,Drift Yoga Mat,retail,13,55.0,1,55.0,26.0
2026-06-06,West,SKU-101,Aurora Desk Lamp,web,63,42.0,2,84.0,24.0
2026-06-06,West,SKU-101,Aurora Desk Lamp,marketplace,36,42.0,0,0.0,24.0
2026-06-06,West,SKU-101,Aurora Desk Lamp,retail,16,42.0,0,0.0,24.0
2026-06-06,West,SKU-102,Nimbus Bottle,web,112,28.0,5,140.0,11.0
2026-06-06,West,SKU-102,Nimbus Bottle,marketplace,59,28.0,2,56.0,11.0
2026-06-06,West,SKU-102,Nimbus Bottle,retail,30,28.0,1,28.0,11.0
2026-06-06,West,SKU-103,Halo Phone Stand,web,137,19.0,6,114.0,7.5
2026-06-06,West,SKU-103,Halo Phone Stand,marketplace,72,19.0,1,19.0,7.5
2026-06-06,West,SKU-103,Halo Phone Stand,retail,37,19.0,2,38.0,7.5
2026-06-06,West,SKU-104,Drift Yoga Mat,web,29,55.0,2,110.0,26.0
2026-06-06,West,SKU-104,Drift Yoga Mat,marketplace,16,55.0,1,55.0,26.0
2026-06-06,West,SKU-104,Drift Yoga Mat,retail,7,55.0,0,0.0,26.0
2026-06-07,North,SKU-101,Aurora Desk Lamp,web,84,42.0,1,42.0,24.0
2026-06-07,North,SKU-101,Aurora Desk Lamp,marketplace,45,42.0,1,42.0,24.0
2026-06-07,North,SKU-101,Aurora Desk Lamp,retail,23,42.0,0,0.0,24.0
2026-06-07,North,SKU-102,Nimbus Bottle,web,147,28.0,7,196.0,11.0
2026-06-07,North,SKU-102,Nimbus Bottle,marketplace,81,28.0,3,84.0,11.0
2026-06-07,North,SKU-102,Nimbus Bottle,retail,37,28.0,1,28.0,11.0
2026-06-07,North,SKU-103,Halo Phone Stand,web,179,19.0,7,133.0,7.5
2026-06-07,North,SKU-103,Halo Phone Stand,marketplace,95,19.0,5,95.0,7.5
2026-06-07,North,SKU-103,Halo Phone Stand,retail,49,19.0,2,38.0,7.5
2026-06-07,North,SKU-104,Drift Yoga Mat,web,40,55.0,3,165.0,26.0
2026-06-07,North,SKU-104,Drift Yoga Mat,marketplace,22,55.0,1,55.0,26.0
2026-06-07,North,SKU-104,Drift Yoga Mat,retail,10,55.0,0,0.0,26.0
2026-06-07,South,SKU-101,Aurora Desk Lamp,web,96,42.0,2,84.0,24.0
2026-06-07,South,SKU-101,Aurora Desk Lamp,marketplace,53,42.0,1,42.0,24.0
2026-06-07,South,SKU-101,Aurora Desk Lamp,retail,25,42.0,0,0.0,24.0
2026-06-07,South,SKU-102,Nimbus Bottle,web,161,28.0,9,252.0,11.0
2026-06-07,South,SKU-102,Nimbus Bottle,marketplace,90,28.0,2,56.0,11.0
2026-06-07,South,SKU-102,Nimbus Bottle,retail,42,28.0,1,28.0,11.0
2026-06-07,South,SKU-103,Halo Phone Stand,web,210,19.0,9,171.0,7.5
2026-06-07,South,SKU-103,Halo Phone Stand,marketplace,112,19.0,7,133.0,7.5
2026-06-07,South,SKU-103,Halo Phone Stand,retail,54,19.0,3,57.0,7.5
2026-06-07,South,SKU-104,Drift Yoga Mat,web,48,55.0,3,165.0,26.0
2026-06-07,South,SKU-104,Drift Yoga Mat,marketplace,25,55.0,2,110.0,26.0
2026-06-07,South,SKU-104,Drift Yoga Mat,retail,12,55.0,1,55.0,26.0
2026-06-07,West,SKU-101,Aurora Desk Lamp,web,62,42.0,1,42.0,24.0
2026-06-07,West,SKU-101,Aurora Desk Lamp,marketplace,31,42.0,0,0.0,24.0
2026-06-07,West,SKU-101,Aurora Desk Lamp,retail,15,42.0,0,0.0,24.0
2026-06-07,West,SKU-102,Nimbus Bottle,web,101,28.0,5,140.0,11.0
2026-06-07,West,SKU-102,Nimbus Bottle,marketplace,58,28.0,2,56.0,11.0
2026-06-07,West,SKU-102,Nimbus Bottle,retail,28,28.0,0,0.0,11.0
2026-06-07,West,SKU-103,Halo Phone Stand,web,130,19.0,7,133.0,7.5
2026-06-07,West,SKU-103,Halo Phone Stand,marketplace,68,19.0,1,19.0,7.5
2026-06-07,West,SKU-103,Halo Phone Stand,retail,34,19.0,1,19.0,7.5
2026-06-07,West,SKU-104,Drift Yoga Mat,web,28,55.0,2,110.0,26.0
2026-06-07,West,SKU-104,Drift Yoga Mat,marketplace,15,55.0,1,55.0,26.0
2026-06-07,West,SKU-104,Drift Yoga Mat,retail,7,55.0,0,0.0,26.0
2026-06-08,North,SKU-101,Aurora Desk Lamp,web,63,42.0,2,84.0,24.0
2026-06-08,North,SKU-101,Aurora Desk Lamp,marketplace,33,42.0,1,42.0,24.0
2026-06-08,North,SKU-101,Aurora Desk Lamp,retail,17,42.0,0,0.0,24.0
2026-06-08,North,SKU-102,Nimbus Bottle,web,106,28.0,6,168.0,11.0
2026-06-08,North,SKU-102,Nimbus Bottle,marketplace,55,28.0,2,56.0,11.0
2026-06-08,North,SKU-102,Nimbus Bottle,retail,31,28.0,1,28.0,11.0
2026-06-08,North,SKU-103,Halo Phone Stand,web,137,19.0,5,95.0,7.5
2026-06-08,North,SKU-103,Halo Phone Stand,marketplace,74,19.0,4,76.0,7.5
2026-06-08,North,SKU-103,Halo Phone Stand,retail,37,19.0,1,19.0,7.5
2026-06-08,North,SKU-104,Drift Yoga Mat,web,29,55.0,3,165.0,26.0
2026-06-08,North,SKU-104,Drift Yoga Mat,marketplace,15,55.0,1,55.0,26.0
2026-06-08,North,SKU-104,Drift Yoga Mat,retail,8,55.0,0,0.0,26.0
2026-06-08,South,SKU-101,Aurora Desk Lamp,web,69,42.0,1,42.0,24.0
2026-06-08,South,SKU-101,Aurora Desk Lamp,marketplace,39,42.0,1,42.0,24.0
2026-06-08,South,SKU-101,Aurora Desk Lamp,retail,18,42.0,0,0.0,24.0
2026-06-08,South,SKU-102,Nimbus Bottle,web,122,28.0,3,84.0,11.0
2026-06-08,South,SKU-102,Nimbus Bottle,marketplace,61,28.0,1,28.0,11.0
2026-06-08,South,SKU-102,Nimbus Bottle,retail,31,28.0,1,28.0,11.0
2026-06-08,South,SKU-103,Halo Phone Stand,web,148,19.0,6,114.0,7.5
2026-06-08,South,SKU-103,Halo Phone Stand,marketplace,86,19.0,3,57.0,7.5
2026-06-08,South,SKU-103,Halo Phone Stand,retail,40,19.0,2,38.0,7.5
2026-06-08,South,SKU-104,Drift Yoga Mat,web,36,55.0,2,110.0,26.0
2026-06-08,South,SKU-104,Drift Yoga Mat,marketplace,17,55.0,1,55.0,26.0
2026-06-08,South,SKU-104,Drift Yoga Mat,retail,8,55.0,0,0.0,26.0
2026-06-08,West,SKU-101,Aurora Desk Lamp,web,44,42.0,1,42.0,24.0
2026-06-08,West,SKU-101,Aurora Desk Lamp,marketplace,26,42.0,1,42.0,24.0
2026-06-08,West,SKU-101,Aurora Desk Lamp,retail,11,42.0,0,0.0,24.0
2026-06-08,West,SKU-102,Nimbus Bottle,web,81,28.0,1,28.0,11.0
2026-06-08,West,SKU-102,Nimbus Bottle,marketplace,40,28.0,1,28.0,11.0
2026-06-08,West,SKU-102,Nimbus Bottle,retail,21,28.0,0,0.0,11.0
2026-06-08,West,SKU-103,Halo Phone Stand,web,101,19.0,5,95.0,7.5
2026-06-08,West,SKU-103,Halo Phone Stand,marketplace,55,19.0,3,57.0,7.5
2026-06-08,West,SKU-103,Halo Phone Stand,retail,26,19.0,1,19.0,7.5
2026-06-08,West,SKU-104,Drift Yoga Mat,web,22,55.0,1,55.0,26.0
2026-06-08,West,SKU-104,Drift Yoga Mat,marketplace,11,55.0,0,0.0,26.0
2026-06-08,West,SKU-104,Drift Yoga Mat,retail,5,55.0,0,0.0,26.0
2026-06-09,North,SKU-101,Aurora Desk Lamp,web,65,42.0,2,84.0,24.0
2026-06-09,North,SKU-101,Aurora Desk Lamp,marketplace,30,42.0,0,0.0,24.0
2026-06-09,North,SKU-101,Aurora Desk Lamp,retail,16,42.0,0,0.0,24.0
2026-06-09,North,SKU-102,Nimbus Bottle,web,104,28.0,3,84.0,11.0
2026-06-09,North,SKU-102,Nimbus Bottle,marketplace,53,28.0,0,0.0,11.0
2026-06-09,North,SKU-102,Nimbus Bottle,retail,28,28.0,1,28.0,11.0
2026-06-09,North,SKU-103,Halo Phone Stand,web,135,19.0,6,114.0,7.5
2026-06-09,North,SKU-103,Halo Phone Stand,marketplace,68,19.0,3,57.0,7.5
2026-06-09,North,SKU-103,Halo Phone Stand,retail,38,19.0,2,38.0,7.5
2026-06-09,North,SKU-104,Drift Yoga Mat,web,30,55.0,2,110.0,26.0
2026-06-09,North,SKU-104,Drift Yoga Mat,marketplace,14,55.0,1,55.0,26.0
2026-06-09,North,SKU-104,Drift Yoga Mat,retail,7,55.0,0,0.0,26.0
2026-06-09,South,SKU-101,Aurora Desk Lamp,web,66,42.0,1,42.0,24.0
2026-06-09,South,SKU-101,Aurora Desk Lamp,marketplace,37,42.0,1,42.0,24.0
2026-06-09,South,SKU-101,Aurora Desk Lamp,retail,17,42.0,0,0.0,24.0
2026-06-09,South,SKU-102,Nimbus Bottle,web,118,28.0,6,168.0,11.0
2026-06-09,South,SKU-102,Nimbus Bottle,marketplace,65,28.0,2,56.0,11.0
2026-06-09,South,SKU-102,Nimbus Bottle,retail,31,28.0,0,0.0,11.0
2026-06-09,South,SKU-103,Halo Phone Stand,web,150,19.0,5,95.0,7.5
2026-06-09,South,SKU-103,Halo Phone Stand,marketplace,83,19.0,4,76.0,7.5
2026-06-09,South,SKU-103,Halo Phone Stand,retail,41,19.0,1,19.0,7.5
2026-06-09,South,SKU-104,Drift Yoga Mat,web,32,55.0,2,110.0,26.0
2026-06-09,South,SKU-104,Drift Yoga Mat,marketplace,16,55.0,1,55.0,26.0
2026-06-09,South,SKU-104,Drift Yoga Mat,retail,9,55.0,1,55.0,26.0
2026-06-09,West,SKU-101,Aurora Desk Lamp,web,45,42.0,1,42.0,24.0
2026-06-09,West,SKU-101,Aurora Desk Lamp,marketplace,22,42.0,0,0.0,24.0
2026-06-09,West,SKU-101,Aurora Desk Lamp,retail,11,42.0,0,0.0,24.0
2026-06-09,West,SKU-102,Nimbus Bottle,web,71,28.0,1,28.0,11.0
2026-06-09,West,SKU-102,Nimbus Bottle,marketplace,39,28.0,1,28.0,11.0
2026-06-09,West,SKU-102,Nimbus Bottle,retail,20,28.0,0,0.0,11.0
2026-06-09,West,SKU-103,Halo Phone Stand,web,94,19.0,6,114.0,7.5
2026-06-09,West,SKU-103,Halo Phone Stand,marketplace,52,19.0,2,38.0,7.5
2026-06-09,West,SKU-103,Halo Phone Stand,retail,26,19.0,1,19.0,7.5
2026-06-09,West,SKU-104,Drift Yoga Mat,web,21,55.0,1,55.0,26.0
2026-06-09,West,SKU-104,Drift Yoga Mat,marketplace,10,55.0,0,0.0,26.0
2026-06-09,West,SKU-104,Drift Yoga Mat,retail,5,55.0,0,0.0,26.0
2026-06-10,North,SKU-101,Aurora Desk Lamp,web,62,42.0,1,42.0,24.0
2026-06-10,North,SKU-101,Aurora Desk Lamp,marketplace,31,42.0,0,0.0,24.0
2026-06-10,North,SKU-101,Aurora Desk Lamp,retail,14,42.0,0,0.0,24.0
2026-06-10,North,SKU-102,Nimbus Bottle,web,98,28.0,1,28.0,11.0
2026-06-10,North,SKU-102,Nimbus Bottle,marketplace,57,28.0,3,84.0,11.0
2026-06-10,North,SKU-102,Nimbus Bottle,retail,26,28.0,1,28.0,11.0
2026-06-10,North,SKU-103,Halo Phone Stand,web,125,19.0,5,95.0,7.5
2026-06-10,North,SKU-103,Halo Phone Stand,marketplace,70,19.0,2,38.0,7.5
2026-06-10,North,SKU-103,Halo Phone Stand,retail,36,19.0,1,19.0,7.5
2026-06-10,North,SKU-104,Drift Yoga Mat,web,30,55.0,1,55.0,26.0
2026-06-10,North,SKU-104,Drift Yoga Mat,marketplace,14,55.0,0,0.0,26.0
2026-06-10,North,SKU-104,Drift Yoga Mat,retail,7,55.0,0,0.0,26.0
2026-06-10,South,SKU-101,Aurora Desk Lamp,web,70,42.0,2,84.0,24.0
2026-06-10,South,SKU-101,Aurora Desk Lamp,marketplace,36,42.0,1,42.0,24.0
2026-06-10,South,SKU-101,Aurora Desk Lamp,retail,17,42.0,0,0.0,24.0
2026-06-10,South,SKU-102,Nimbus Bottle,web,120,28.0,5,140.0,11.0
2026-06-10,South,SKU-102,Nimbus Bottle,marketplace,59,28.0,1,28.0,11.0
2026-06-10,South,SKU-102,Nimbus Bottle,retail,31,28.0,1,28.0,11.0
2026-06-10,South,SKU-103,Halo Phone Stand,web,157,19.0,7,133.0,7.5
2026-06-10,South,SKU-103,Halo Phone Stand,marketplace,80,19.0,3,57.0,7.5
2026-06-10,South,SKU-103,Halo Phone Stand,retail,37,19.0,1,19.0,7.5
2026-06-10,South,SKU-104,Drift Yoga Mat,web,33,55.0,1,55.0,26.0
2026-06-10,South,SKU-104,Drift Yoga Mat,marketplace,17,55.0,1,55.0,26.0
2026-06-10,South,SKU-104,Drift Yoga Mat,retail,8,55.0,0,0.0,26.0
2026-06-10,West,SKU-101,Aurora Desk Lamp,web,43,42.0,1,42.0,24.0
2026-06-10,West,SKU-101,Aurora Desk Lamp,marketplace,20,42.0,0,0.0,24.0
2026-06-10,West,SKU-101,Aurora Desk Lamp,retail,10,42.0,0,0.0,24.0
2026-06-10,West,SKU-102,Nimbus Bottle,web,73,28.0,3,84.0,11.0
2026-06-10,West,SKU-102,Nimbus Bottle,marketplace,39,28.0,1,28.0,11.0
2026-06-10,West,SKU-102,Nimbus Bottle,retail,19,28.0,1,28.0,11.0
2026-06-10,West,SKU-103,Halo Phone Stand,web,98,19.0,3,57.0,7.5
2026-06-10,West,SKU-103,Halo Phone Stand,marketplace,50,19.0,2,38.0,7.5
2026-06-10,West,SKU-103,Halo Phone Stand,retail,23,19.0,1,19.0,7.5
2026-06-10,West,SKU-104,Drift Yoga Mat,web,22,55.0,1,55.0,26.0
2026-06-10,West,SKU-104,Drift Yoga Mat,marketplace,9,55.0,0,0.0,26.0
2026-06-10,West,SKU-104,Drift Yoga Mat,retail,5,55.0,0,0.0,26.0
2026-06-11,North,SKU-101,Aurora Desk Lamp,web,65,42.0,1,42.0,24.0
2026-06-11,North,SKU-101,Aurora Desk Lamp,marketplace,36,42.0,0,0.0,24.0
2026-06-11,North,SKU-101,Aurora Desk Lamp,retail,18,42.0,0,0.0,24.0
2026-06-11,North,SKU-102,Nimbus Bottle,web,116,28.0,3,84.0,11.0
2026-06-11,North,SKU-102,Nimbus Bottle,marketplace,57,28.0,2,56.0,11.0
2026-06-11,North,SKU-102,Nimbus Bottle,retail,30,28.0,1,28.0,11.0
2026-06-11,North,SKU-103,Halo Phone Stand,web,144,19.0,6,114.0,7.5
2026-06-11,North,SKU-103,Halo Phone Stand,marketplace,79,19.0,3,57.0,7.5
2026-06-11,North,SKU-103,Halo Phone Stand,retail,39,19.0,1,19.0,7.5
2026-06-11,North,SKU-104,Drift Yoga Mat,web,31,55.0,1,55.0,26.0
2026-06-11,North,SKU-104,Drift Yoga Mat,marketplace,16,55.0,1,55.0,26.0
2026-06-11,North,SKU-104,Drift Yoga Mat,retail,7,55.0,0,0.0,26.0
2026-06-11,South,SKU-101,Aurora Desk Lamp,web,73,42.0,2,84.0,24.0
2026-06-11,South,SKU-101,Aurora Desk Lamp,marketplace,40,42.0,0,0.0,24.0
2026-06-11,South,SKU-101,Aurora Desk Lamp,retail,20,42.0,0,0.0,24.0
2026-06-11,South,SKU-102,Nimbus Bottle,web,129,28.0,4,112.0,11.0
2026-06-11,South,SKU-102,Nimbus Bottle,marketplace,64,28.0,3,84.0,11.0
2026-06-11,South,SKU-102,Nimbus Bottle,retail,34,28.0,1,28.0,11.0
2026-06-11,South,SKU-103,Halo Phone Stand,web,172,19.0,6,114.0,7.5
2026-06-11,South,SKU-103,Halo Phone Stand,marketplace,89,19.0,6,114.0,7.5
2026-06-11,South,SKU-103,Halo Phone Stand,retail,43,19.0,2,38.0,7.5
2026-06-11,South,SKU-104,Drift Yoga Mat,web,36,55.0,4,220.0,26.0
2026-06-11,South,SKU-104,Drift Yoga Mat,marketplace,19,55.0,1,55.0,26.0
2026-06-11,South,SKU-104,Drift Yoga Mat,retail,8,55.0,0,0.0,26.0
2026-06-11,West,SKU-101,Aurora Desk Lamp,web,48,42.0,1,42.0,24.0
2026-06-11,West,SKU-101,Aurora Desk Lamp,marketplace,25,42.0,0,0.0,24.0
2026-06-11,West,SKU-101,Aurora Desk Lamp,retail,13,42.0,0,0.0,24.0
2026-06-11,West,SKU-102,Nimbus Bottle,web,82,28.0,2,56.0,11.0
2026-06-11,West,SKU-102,Nimbus Bottle,marketplace,42,28.0,1,28.0,11.0
2026-06-11,West,SKU-102,Nimbus Bottle,retail,21,28.0,0,0.0,11.0
2026-06-11,West,SKU-103,Halo Phone Stand,web,98,19.0,3,57.0,7.5
2026-06-11,West,SKU-103,Halo Phone Stand,marketplace,55,19.0,3,57.0,7.5
2026-06-11,West,SKU-103,Halo Phone Stand,retail,29,19.0,1,19.0,7.5
2026-06-11,West,SKU-104,Drift Yoga Mat,web,24,55.0,2,110.0,26.0
2026-06-11,West,SKU-104,Drift Yoga Mat,marketplace,11,55.0,1,55.0,26.0
2026-06-11,West,SKU-104,Drift Yoga Mat,retail,5,55.0,0,0.0,26.0
2026-06-12,North,SKU-101,Aurora Desk Lamp,web,79,42.0,3,126.0,24.0
2026-06-12,North,SKU-101,Aurora Desk Lamp,marketplace,38,42.0,0,0.0,24.0
2026-06-12,North,SKU-101,Aurora Desk Lamp,retail,19,42.0,0,0.0,24.0
2026-06-12,North,SKU-102,Nimbus Bottle,web,129,28.0,2,56.0,11.0
2026-06-12,North,SKU-102,Nimbus Bottle,marketplace,70,28.0,3,84.0,11.0
2026-06-12,North,SKU-102,Nimbus Bottle,retail,33,28.0,1,28.0,11.0
2026-06-12,North,SKU-103,Halo Phone Stand,web,173,19.0,8,152.0,7.5
2026-06-12,North,SKU-103,Halo Phone Stand,marketplace,91,19.0,1,19.0,7.5
2026-06-12,North,SKU-103,Halo Phone Stand,retail,40,19.0,1,19.0,7.5
2026-06-12,North,SKU-104,Drift Yoga Mat,web,38,55.0,2,110.0,26.0
2026-06-12,North,SKU-104,Drift Yoga Mat,marketplace,19,55.0,2,110.0,26.0
2026-06-12,North,SKU-104,Drift Yoga Mat,retail,8,55.0,0,0.0,26.0
2026-06-12,South,SKU-101,Aurora Desk Lamp,web,89,42.0,3,126.0,24.0
2026-06-12,South,SKU-101,Aurora Desk Lamp,marketplace,46,42.0,1,42.0,24.0
2026-06-12,South,SKU-101,Aurora Desk Lamp,retail,22,42.0,0,0.0,24.0
2026-06-12,South,SKU-102,Nimbus Bottle,web,150,28.0,4,112.0,11.0
2026-06-12,South,SKU-102,Nimbus Bottle,marketplace,78,28.0,3,84.0,11.0
2026-06-12,South,SKU-102,Nimbus Bottle,retail,40,28.0,1,28.0,11.0
2026-06-12,South,SKU-103,Halo Phone Stand,web,190,19.0,7,133.0,7.5
2026-06-12,South,SKU-103,Halo Phone Stand,marketplace,98,19.0,5,95.0,7.5
2026-06-12,South,SKU-103,Halo Phone Stand,retail,53,19.0,1,19.0,7.5
2026-06-12,South,SKU-104,Drift Yoga Mat,web,38,55.0,4,220.0,26.0
2026-06-12,South,SKU-104,Drift Yoga Mat,marketplace,22,55.0,1,55.0,26.0
2026-06-12,South,SKU-104,Drift Yoga Mat,retail,11,55.0,0,0.0,26.0
2026-06-12,West,SKU-101,Aurora Desk Lamp,web,54,42.0,1,42.0,24.0
2026-06-12,West,SKU-101,Aurora Desk Lamp,marketplace,28,42.0,1,42.0,24.0
2026-06-12,West,SKU-101,Aurora Desk Lamp,retail,14,42.0,0,0.0,24.0
2026-06-12,West,SKU-102,Nimbus Bottle,web,93,28.0,3,84.0,11.0
2026-06-12,West,SKU-102,Nimbus Bottle,marketplace,48,28.0,1,28.0,11.0
2026-06-12,West,SKU-102,Nimbus Bottle,retail,24,28.0,0,0.0,11.0
2026-06-12,West,SKU-103,Halo Phone Stand,web,114,19.0,5,95.0,7.5
2026-06-12,West,SKU-103,Halo Phone Stand,marketplace,68,19.0,4,76.0,7.5
2026-06-12,West,SKU-103,Halo Phone Stand,retail,30,19.0,1,19.0,7.5
2026-06-12,West,SKU-104,Drift Yoga Mat,web,26,55.0,1,55.0,26.0
2026-06-12,West,SKU-104,Drift Yoga Mat,marketplace,13,55.0,1,55.0,26.0
2026-06-12,West,SKU-104,Drift Yoga Mat,retail,6,55.0,0,0.0,26.0
2026-06-13,North,SKU-101,Aurora Desk Lamp,web,92,42.0,2,84.0,24.0
2026-06-13,North,SKU-101,Aurora Desk Lamp,marketplace,48,42.0,1,42.0,24.0
2026-06-13,North,SKU-101,Aurora Desk Lamp,retail,25,42.0,0,0.0,24.0
2026-06-13,North,SKU-102,Nimbus Bottle,web,151,28.0,5,140.0,11.0
2026-06-13,North,SKU-102,Nimbus Bottle,marketplace,80,28.0,2,56.0,11.0
2026-06-13,North,SKU-102,Nimbus Bottle,retail,43,28.0,0,0.0,11.0
2026-06-13,North,SKU-103,Halo Phone Stand,web,197,19.0,10,190.0,7.5
2026-06-13,North,SKU-103,Halo Phone Stand,marketplace,99,19.0,3,57.0,7.5
2026-06-13,North,SKU-103,Halo Phone Stand,retail,46,19.0,2,38.0,7.5
2026-06-13,North,SKU-104,Drift Yoga Mat,web,43,55.0,4,220.0,26.0
2026-06-13,North,SKU-104,Drift Yoga Mat,marketplace,20,55.0,2,110.0,26.0
2026-06-13,North,SKU-104,Drift Yoga Mat,retail,10,55.0,0,0.0,26.0
2026-06-13,South,SKU-101,Aurora Desk Lamp,web,105,42.0,3,126.0,24.0
2026-06-13,South,SKU-101,Aurora Desk Lamp,marketplace,57,42.0,1,42.0,24.0
2026-06-13,South,SKU-101,Aurora Desk Lamp,retail,28,42.0,0,0.0,24.0
2026-06-13,South,SKU-102,Nimbus Bottle,web,170,28.0,10,280.0,11.0
2026-06-13,South,SKU-102,Nimbus Bottle,marketplace,99,28.0,3,84.0,11.0
2026-06-13,South,SKU-102,Nimbus Bottle,retail,47,28.0,1,28.0,11.0
2026-06-13,South,SKU-103,Halo Phone Stand,web,220,19.0,14,266.0,7.5
2026-06-13,South,SKU-103,Halo Phone Stand,marketplace,127,19.0,5,95.0,7.5
2026-06-13,South,SKU-103,Halo Phone Stand,retail,59,19.0,2,38.0,7.5
2026-06-13,South,SKU-104,Drift Yoga Mat,web,49,55.0,4,220.0,26.0
2026-06-13,South,SKU-104,Drift Yoga Mat,marketplace,25,55.0,1,55.0,26.0
2026-06-13,South,SKU-104,Drift Yoga Mat,retail,12,55.0,1,55.0,26.0
2026-06-13,West,SKU-101,Aurora Desk Lamp,web,64,42.0,1,42.0,24.0
2026-06-13,West,SKU-101,Aurora Desk Lamp,marketplace,35,42.0,1,42.0,24.0
2026-06-13,West,SKU-101,Aurora Desk Lamp,retail,16,42.0,0,0.0,24.0
2026-06-13,West,SKU-102,Nimbus Bottle,web,109,28.0,3,84.0,11.0
2026-06-13,West,SKU-102,Nimbus Bottle,marketplace,58,28.0,2,56.0,11.0
2026-06-13,West,SKU-102,Nimbus Bottle,retail,27,28.0,0,0.0,11.0
2026-06-13,West,SKU-103,Halo Phone Stand,web,145,19.0,5,95.0,7.5
2026-06-13,West,SKU-103,Halo Phone Stand,marketplace,69,19.0,2,38.0,7.5
2026-06-13,West,SKU-103,Halo Phone Stand,retail,38,19.0,1,19.0,7.5
2026-06-13,West,SKU-104,Drift Yoga Mat,web,30,55.0,2,110.0,26.0
2026-06-13,West,SKU-104,Drift Yoga Mat,marketplace,14,55.0,1,55.0,26.0
2026-06-13,West,SKU-104,Drift Yoga Mat,retail,7,55.0,0,0.0,26.0
2026-06-14,North,SKU-101,Aurora Desk Lamp,web,85,42.0,3,126.0,24.0
2026-06-14,North,SKU-101,Aurora Desk Lamp,marketplace,42,42.0,1,42.0,24.0
2026-06-14,North,SKU-101,Aurora Desk Lamp,retail,22,42.0,0,0.0,24.0
2026-06-14,North,SKU-102,Nimbus Bottle,web,146,28.0,7,196.0,11.0
2026-06-14,North,SKU-102,Nimbus Bottle,marketplace,76,28.0,2,56.0,11.0
2026-06-14,North,SKU-102,Nimbus Bottle,retail,41,28.0,1,28.0,11.0
2026-06-14,North,SKU-103,Halo Phone Stand,web,174,19.0,10,190.0,7.5
2026-06-14,North,SKU-103,Halo Phone Stand,marketplace,102,19.0,5,95.0,7.5
2026-06-14,North,SKU-103,Halo Phone Stand,retail,49,19.0,2,38.0,7.5
2026-06-14,North,SKU-104,Drift Yoga Mat,web,38,55.0,2,110.0,26.0
2026-06-14,North,SKU-104,Drift Yoga Mat,marketplace,22,55.0,1,55.0,26.0
2026-06-14,North,SKU-104,Drift Yoga Mat,retail,11,55.0,0,0.0,26.0
2026-06-14,South,SKU-101,Aurora Desk Lamp,web,95,42.0,2,84.0,24.0
2026-06-14,South,SKU-101,Aurora Desk Lamp,marketplace,50,42.0,1,42.0,24.0
2026-06-14,South,SKU-101,Aurora Desk Lamp,retail,25,42.0,1,42.0,24.0
2026-06-14,South,SKU-102,Nimbus Bottle,web,164,28.0,7,196.0,11.0
2026-06-14,South,SKU-102,Nimbus Bottle,marketplace,87,28.0,3,84.0,11.0
2026-06-14,South,SKU-102,Nimbus Bottle,retail,43,28.0,1,28.0,11.0
2026-06-14,South,SKU-103,Halo Phone Stand,web,214,19.0,13,247.0,7.5
2026-06-14,South,SKU-103,Halo Phone Stand,marketplace,113,19.0,7,133.0,7.5
2026-06-14,South,SKU-103,Halo Phone Stand,retail,56,19.0,2,38.0,7.5
2026-06-14,South,SKU-104,Drift Yoga Mat,web,47,55.0,4,220.0,26.0
2026-06-14,South,SKU-104,Drift Yoga Mat,marketplace,24,55.0,2,110.0,26.0
2026-06-14,South,SKU-104,Drift Yoga Mat,retail,12,55.0,0,0.0,26.0
2026-06-14,West,SKU-101,Aurora Desk Lamp,web,58,42.0,1,42.0,24.0
2026-06-14,West,SKU-101,Aurora Desk Lamp,marketplace,34,42.0,0,0.0,24.0
2026-06-14,West,SKU-101,Aurora Desk Lamp,retail,16,42.0,0,0.0,24.0
2026-06-14,West,SKU-102,Nimbus Bottle,web,98,28.0,2,56.0,11.0
2026-06-14,West,SKU-102,Nimbus Bottle,marketplace,58,28.0,1,28.0,11.0
2026-06-14,West,SKU-102,Nimbus Bottle,retail,28,28.0,0,0.0,11.0
2026-06-14,West,SKU-103,Halo Phone Stand,web,128,19.0,4,76.0,7.5
2026-06-14,West,SKU-103,Halo Phone Stand,marketplace,73,19.0,3,57.0,7.5
2026-06-14,West,SKU-103,Halo Phone Stand,retail,36,19.0,0,0.0,7.5
2026-06-14,West,SKU-104,Drift Yoga Mat,web,30,55.0,2,110.0,26.0
2026-06-14,West,SKU-104,Drift Yoga Mat,marketplace,15,55.0,1,55.0,26.0
2026-06-14,West,SKU-104,Drift Yoga Mat,retail,7,55.0,0,0.0,26.0
2026-06-15,North,SKU-101,Aurora Desk Lamp,web,64,42.0,2,84.0,24.0
2026-06-15,North,SKU-101,Aurora Desk Lamp,marketplace,34,42.0,1,42.0,24.0
2026-06-15,North,SKU-101,Aurora Desk Lamp,retail,16,42.0,0,0.0,24.0
2026-06-15,North,SKU-102,Nimbus Bottle,web,108,28.0,5,140.0,11.0
2026-06-15,North,SKU-102,Nimbus Bottle,marketplace,58,28.0,3,84.0,11.0
2026-06-15,North,SKU-102,Nimbus Bottle,retail,27,28.0,1,28.0,11.0
2026-06-15,North,SKU-103,Halo Phone Stand,web,137,19.0,7,133.0,7.5
2026-06-15,North,SKU-103,Halo Phone Stand,marketplace,73,19.0,4,76.0,7.5
2026-06-15,North,SKU-103,Halo Phone Stand,retail,35,19.0,1,19.0,7.5
2026-06-15,North,SKU-104,Drift Yoga Mat,web,32,55.0,2,110.0,26.0
2026-06-15,North,SKU-104,Drift Yoga Mat,marketplace,16,55.0,1,55.0,26.0
2026-06-15,North,SKU-104,Drift Yoga Mat,retail,8,55.0,0,0.0,26.0
2026-06-15,South,SKU-101,Aurora Desk Lamp,web,74,42.0,1,42.0,24.0
2026-06-15,South,SKU-101,Aurora Desk Lamp,marketplace,37,42.0,0,0.0,24.0
2026-06-15,South,SKU-101,Aurora Desk Lamp,retail,18,42.0,0,0.0,24.0
2026-06-15,South,SKU-102,Nimbus Bottle,web,119,28.0,2,56.0,11.0
2026-06-15,South,SKU-102,Nimbus Bottle,marketplace,66,28.0,2,56.0,11.0
2026-06-15,South,SKU-102,Nimbus Bottle,retail,31,28.0,1,28.0,11.0
2026-06-15,South,SKU-103,Halo Phone Stand,web,158,19.0,11,209.0,7.5
2026-06-15,South,SKU-103,Halo Phone Stand,marketplace,85,19.0,2,38.0,7.5
2026-06-15,South,SKU-103,Halo Phone Stand,retail,40,19.0,2,38.0,7.5
2026-06-15,South,SKU-104,Drift Yoga Mat,web,35,55.0,4,220.0,26.0
2026-06-15,South,SKU-104,Drift Yoga Mat,marketplace,16,55.0,2,110.0,26.0
2026-06-15,South,SKU-104,Drift Yoga Mat,retail,8,55.0,0,0.0,26.0
2026-06-15,West,SKU-101,Aurora Desk Lamp,web,46,42.0,0,0.0,24.0
2026-06-15,West,SKU-101,Aurora Desk Lamp,marketplace,23,42.0,0,0.0,24.0
2026-06-15,West,SKU-101,Aurora Desk Lamp,retail,11,42.0,0,0.0,24.0
2026-06-15,West,SKU-102,Nimbus Bottle,web,79,28.0,2,56.0,11.0
2026-06-15,West,SKU-102,Nimbus Bottle,marketplace,41,28.0,2,56.0,11.0
2026-06-15,West,SKU-102,Nimbus Bottle,retail,20,28.0,0,0.0,11.0
2026-06-15,West,SKU-103,Halo Phone Stand,web,98,19.0,3,57.0,7.5
2026-06-15,West,SKU-103,Halo Phone Stand,marketplace,48,19.0,2,38.0,7.5
2026-06-15,West,SKU-103,Halo Phone Stand,retail,26,19.0,0,0.0,7.5
2026-06-15,West,SKU-104,Drift Yoga Mat,web,22,55.0,1,55.0,26.0
2026-06-15,West,SKU-104,Drift Yoga Mat,marketplace,10,55.0,1,55.0,26.0
2026-06-15,West,SKU-104,Drift Yoga Mat,retail,5,55.0,0,0.0,26.0
2026-06-16,North,SKU-101,Aurora Desk Lamp,web,61,42.0,1,42.0,24.0
2026-06-16,North,SKU-101,Aurora Desk Lamp,marketplace,32,42.0,1,42.0,24.0
2026-06-16,North,SKU-101,Aurora Desk Lamp,retail,17,42.0,0,0.0,24.0
2026-06-16,North,SKU-102,Nimbus Bottle,web,111,28.0,3,84.0,11.0
2026-06-16,North,SKU-102,Nimbus Bottle,marketplace,51,28.0,1,28.0,11.0
2026-06-16,North,SKU-102,Nimbus Bottle,retail,27,28.0,0,0.0,11.0
2026-06-16,North,SKU-103,Halo Phone Stand,web,132,19.0,7,133.0,7.5
2026-06-16,North,SKU-103,Halo Phone Stand,marketplace,71,19.0,2,38.0,7.5
2026-06-16,North,SKU-103,Halo Phone Stand,retail,34,19.0,1,19.0,7.5
2026-06-16,North,SKU-104,Drift Yoga Mat,web,29,55.0,4,220.0,26.0
2026-06-16,North,SKU-104,Drift Yoga Mat,marketplace,15,55.0,1,55.0,26.0
2026-06-16,North,SKU-104,Drift Yoga Mat,retail,7,55.0,0,0.0,26.0
2026-06-16,South,SKU-101,Aurora Desk Lamp,web,66,42.0,2,84.0,24.0
2026-06-16,South,SKU-101,Aurora Desk Lamp,marketplace,38,42.0,1,42.0,24.0
2026-06-16,South,SKU-101,Aurora Desk Lamp,retail,17,42.0,0,0.0,24.0
2026-06-16,South,SKU-102,Nimbus Bottle,web,121,28.0,3,84.0,11.0
2026-06-16,South,SKU-102,Nimbus Bottle,marketplace,63,28.0,3,84.0,11.0
2026-06-16,South,SKU-102,Nimbus Bottle,retail,30,28.0,0,0.0,11.0
2026-06-16,South,SKU-103,Halo Phone Stand,web,155,19.0,6,114.0,7.5
2026-06-16,South,SKU-103,Halo Phone Stand,marketplace,77,19.0,3,57.0,7.5
2026-06-16,South,SKU-103,Halo Phone Stand,retail,39,19.0,2,38.0,7.5
2026-06-16,South,SKU-104,Drift Yoga Mat,web,33,55.0,4,220.0,26.0
2026-06-16,South,SKU-104,Drift Yoga Mat,marketplace,18,55.0,1,55.0,26.0
2026-06-16,South,SKU-104,Drift Yoga Mat,retail,9,55.0,0,0.0,26.0
2026-06-16,West,SKU-101,Aurora Desk Lamp,web,45,42.0,1,42.0,24.0
2026-06-16,West,SKU-101,Aurora Desk Lamp,marketplace,23,42.0,0,0.0,24.0
2026-06-16,West,SKU-101,Aurora Desk Lamp,retail,13,42.0,0,0.0,24.0
2026-06-16,West,SKU-102,Nimbus Bottle,web,77,28.0,3,84.0,11.0
2026-06-16,West,SKU-102,Nimbus Bottle,marketplace,42,28.0,1,28.0,11.0
2026-06-16,West,SKU-102,Nimbus Bottle,retail,20,28.0,0,0.0,11.0
2026-06-16,West,SKU-103,Halo Phone Stand,web,95,19.0,4,76.0,7.5
2026-06-16,West,SKU-103,Halo Phone Stand,marketplace,53,19.0,3,57.0,7.5
2026-06-16,West,SKU-103,Halo Phone Stand,retail,26,19.0,1,19.0,7.5
2026-06-16,West,SKU-104,Drift Yoga Mat,web,21,55.0,2,110.0,26.0
2026-06-16,West,SKU-104,Drift Yoga Mat,marketplace,10,55.0,1,55.0,26.0
2026-06-16,West,SKU-104,Drift Yoga Mat,retail,5,55.0,0,0.0,26.0
2026-06-17,North,SKU-101,Aurora Desk Lamp,web,59,42.0,2,84.0,24.0
2026-06-17,North,SKU-101,Aurora Desk Lamp,marketplace,36,42.0,1,42.0,24.0
2026-06-17,North,SKU-101,Aurora Desk Lamp,retail,15,42.0,0,0.0,24.0
2026-06-17,North,SKU-102,Nimbus Bottle,web,102,28.0,5,140.0,11.0
2026-06-17,North,SKU-102,Nimbus Bottle,marketplace,55,28.0,2,56.0,11.0
2026-06-17,North,SKU-102,Nimbus Bottle,retail,28,28.0,0,0.0,11.0
2026-06-17,North,SKU-103,Halo Phone Stand,web,126,19.0,8,152.0,7.5
2026-06-17,North,SKU-103,Halo Phone Stand,marketplace,70,19.0,3,57.0,7.5
2026-06-17,North,SKU-103,Halo Phone Stand,retail,35,19.0,1,19.0,7.5
2026-06-17,North,SKU-104,Drift Yoga Mat,web,27,55.0,2,110.0,26.0
2026-06-17,North,SKU-104,Drift Yoga Mat,marketplace,16,55.0,0,0.0,26.0
2026-06-17,North,SKU-104,Drift Yoga Mat,retail,7,55.0,0,0.0,26.0
2026-06-17,South,SKU-101,Aurora Desk Lamp,web,70,42.0,2,84.0,24.0
2026-06-17,South,SKU-101,Aurora Desk Lamp,marketplace,36,42.0,1,42.0,24.0
2026-06-17,South,SKU-101,Aurora Desk Lamp,retail,17,42.0,0,0.0,24.0
2026-06-17,South,SKU-102,Nimbus Bottle,web,124,28.0,6,168.0,11.0
2026-06-17,South,SKU-102,Nimbus Bottle,marketplace,61,28.0,2,56.0,11.0
2026-06-17,South,SKU-102,Nimbus Bottle,retail,32,28.0,1,28.0,11.0
2026-06-17,South,SKU-103,Halo Phone Stand,web,147,19.0,6,114.0,7.5
2026-06-17,South,SKU-103,Halo Phone Stand,marketplace,78,19.0,3,57.0,7.5
2026-06-17,South,SKU-103,Halo Phone Stand,retail,40,19.0,2,38.0,7.5
2026-06-17,South,SKU-104,Drift Yoga Mat,web,31,55.0,2,110.0,26.0
2026-06-17,South,SKU-104,Drift Yoga Mat,marketplace,17,55.0,1,55.0,26.0
2026-06-17,South,SKU-104,Drift Yoga Mat,retail,8,55.0,0,0.0,26.0
2026-06-17,West,SKU-101,Aurora Desk Lamp,web,46,42.0,2,84.0,24.0
2026-06-17,West,SKU-101,Aurora Desk Lamp,marketplace,22,42.0,0,0.0,24.0
2026-06-17,West,SKU-101,Aurora Desk Lamp,retail,10,42.0,0,0.0,24.0
2026-06-17,West,SKU-102,Nimbus Bottle,web,74,28.0,4,112.0,11.0
2026-06-17,West,SKU-102,Nimbus Bottle,marketplace,38,28.0,1,28.0,11.0
2026-06-17,West,SKU-102,Nimbus Bottle,retail,20,28.0,0,0.0,11.0
2026-06-17,West,SKU-103,Halo Phone Stand,web,90,19.0,3,57.0,7.5
2026-06-17,West,SKU-103,Halo Phone Stand,marketplace,49,19.0,3,57.0,7.5
2026-06-17,West,SKU-103,Halo Phone Stand,retail,25,19.0,1,19.0,7.5
2026-06-17,West,SKU-104,Drift Yoga Mat,web,20,55.0,2,110.0,26.0
2026-06-17,West,SKU-104,Drift Yoga Mat,marketplace,11,55.0,1,55.0,26.0
2026-06-17,West,SKU-104,Drift Yoga Mat,retail,5,55.0,0,0.0,26.0
2026-06-18,North,SKU-101,Aurora Desk Lamp,web,68,42.0,1,42.0,24.0
2026-06-18,North,SKU-101,Aurora Desk Lamp,marketplace,37,42.0,1,42.0,24.0
2026-06-18,North,SKU-101,Aurora Desk Lamp,retail,17,42.0,0,0.0,24.0
2026-06-18,North,SKU-102,Nimbus Bottle,web,121,28.0,5,140.0,11.0
2026-06-18,North,SKU-102,Nimbus Bottle,marketplace,57,28.0,2,56.0,11.0
2026-06-18,North,SKU-102,Nimbus Bottle,retail,32,28.0,1,28.0,11.0
2026-06-18,North,SKU-103,Halo Phone Stand,web,146,19.0,3,57.0,7.5
2026-06-18,North,SKU-103,Halo Phone Stand,marketplace,71,19.0,2,38.0,7.5
2026-06-18,North,SKU-103,Halo Phone Stand,retail,39,19.0,1,19.0,7.5
2026-06-18,North,SKU-104,Drift Yoga Mat,web,31,55.0,2,110.0,26.0
2026-06-18,North,SKU-104,Drift Yoga Mat,marketplace,17,55.0,1,55.0,26.0
2026-06-18,North,SKU-104,Drift Yoga Mat,retail,8,55.0,0,0.0,26.0
2026-06-18,South,SKU-101,Aurora Desk Lamp,web,70,42.0,2,84.0,24.0
2026-06-18,South,SKU-101,Aurora Desk Lamp,marketplace,43,42.0,0,0.0,24.0
2026-06-18,South,SKU-101,Aurora Desk Lamp,retail,20,42.0,0,0.0,24.0
2026-06-18,South,SKU-102,Nimbus Bottle,web,131,28.0,5,140.0,11.0
2026-06-18,South,SKU-102,Nimbus Bottle,marketplace,72,28.0,3,84.0,11.0
2026-06-18,South,SKU-102,Nimbus Bottle,retail,34,28.0,0,0.0,11.0
2026-06-18,South,SKU-103,Halo Phone Stand,web,169,19.0,7,133.0,7.5
2026-06-18,South,SKU-103,Halo Phone Stand,marketplace,88,19.0,5,95.0,7.5
2026-06-18,South,SKU-103,Halo Phone Stand,retail,41,19.0,1,19.0,7.5
2026-06-18,South,SKU-104,Drift Yoga Mat,web,39,55.0,3,165.0,26.0
2026-06-18,South,SKU-104,Drift Yoga Mat,marketplace,17,55.0,1,55.0,26.0
2026-06-18,South,SKU-104,Drift Yoga Mat,retail,9,55.0,0,0.0,26.0
2026-06-18,West,SKU-101,Aurora Desk Lamp,web,46,42.0,0,0.0,24.0
2026-06-18,West,SKU-101,Aurora Desk Lamp,marketplace,25,42.0,0,0.0,24.0
2026-06-18,West,SKU-101,Aurora Desk Lamp,retail,12,42.0,0,0.0,24.0
2026-06-18,West,SKU-102,Nimbus Bottle,web,80,28.0,2,56.0,11.0
2026-06-18,West,SKU-102,Nimbus Bottle,marketplace,44,28.0,1,28.0,11.0
2026-06-18,West,SKU-102,Nimbus Bottle,retail,22,28.0,1,28.0,11.0
2026-06-18,West,SKU-103,Halo Phone Stand,web,103,19.0,4,76.0,7.5
2026-06-18,West,SKU-103,Halo Phone Stand,marketplace,60,19.0,3,57.0,7.5
2026-06-18,West,SKU-103,Halo Phone Stand,retail,28,19.0,1,19.0,7.5
2026-06-18,West,SKU-104,Drift Yoga Mat,web,25,55.0,2,110.0,26.0
2026-06-18,West,SKU-104,Drift Yoga Mat,marketplace,12,55.0,1,55.0,26.0
2026-06-18,West,SKU-104,Drift Yoga Mat,retail,5,55.0,0,0.0,26.0
2026-06-19,North,SKU-101,Aurora Desk Lamp,web,73,42.0,2,84.0,24.0
2026-06-19,North,SKU-101,Aurora Desk Lamp,marketplace,40,42.0,1,42.0,24.0
2026-06-19,North,SKU-101,Aurora Desk Lamp,retail,20,42.0,0,0.0,24.0
2026-06-19,North,SKU-102,Nimbus Bottle,web,134,28.0,8,224.0,11.0
2026-06-19,North,SKU-102,Nimbus Bottle,marketplace,66,28.0,3,84.0,11.0
2026-06-19,North,SKU-102,Nimbus Bottle,retail,36,28.0,1,28.0,11.0
2026-06-19,North,SKU-103,Halo Phone Stand,web,159,19.0,7,133.0,7.5
2026-06-19,North,SKU-103,Halo Phone Stand,marketplace,88,19.0,4,76.0,7.5
2026-06-19,North,SKU-103,Halo Phone Stand,retail,39,19.0,2,38.0,7.5
2026-06-19,North,SKU-104,Drift Yoga Mat,web,38,55.0,1,55.0,26.0
2026-06-19,North,SKU-104,Drift Yoga Mat,marketplace,18,55.0,1,55.0,26.0
2026-06-19,North,SKU-104,Drift Yoga Mat,retail,8,55.0,0,0.0,26.0
2026-06-19,South,SKU-101,Aurora Desk Lamp,web,86,42.0,2,84.0,24.0
2026-06-19,South,SKU-101,Aurora Desk Lamp,marketplace,49,42.0,1,42.0,24.0
2026-06-19,South,SKU-101,Aurora Desk Lamp,retail,22,42.0,0,0.0,24.0
2026-06-19,South,SKU-102,Nimbus Bottle,web,147,28.0,7,196.0,11.0
2026-06-19,South,SKU-102,Nimbus Bottle,marketplace,84,28.0,4,112.0,11.0
2026-06-19,South,SKU-102,Nimbus Bottle,retail,41,28.0,1,28.0,11.0
2026-06-19,South,SKU-103,Halo Phone Stand,web,181,19.0,11,209.0,7.5
2026-06-19,South,SKU-103,Halo Phone Stand,marketplace,104,19.0,4,76.0,7.5
2026-06-19,South,SKU-103,Halo Phone Stand,retail,49,19.0,2,38.0,7.5
2026-06-19,South,SKU-104,Drift Yoga Mat,web,42,55.0,2,110.0,26.0
2026-06-19,South,SKU-104,Drift Yoga Mat,marketplace,20,55.0,2,110.0,26.0
2026-06-19,South,SKU-104,Drift Yoga Mat,retail,10,55.0,0,0.0,26.0
2026-06-19,West,SKU-101,Aurora Desk Lamp,web,53,42.0,1,42.0,24.0
2026-06-19,West,SKU-101,Aurora Desk Lamp,marketplace,29,42.0,0,0.0,24.0
2026-06-19,West,SKU-101,Aurora Desk Lamp,retail,14,42.0,0,0.0,24.0
2026-06-19,West,SKU-102,Nimbus Bottle,web,93,28.0,4,112.0,11.0
2026-06-19,West,SKU-102,Nimbus Bottle,marketplace,50,28.0,2,56.0,11.0
2026-06-19,West,SKU-102,Nimbus Bottle,retail,25,28.0,1,28.0,11.0
2026-06-19,West,SKU-103,Halo Phone Stand,web,112,19.0,4,76.0,7.5
2026-06-19,West,SKU-103,Halo Phone Stand,marketplace,68,19.0,3,57.0,7.5
2026-06-19,West,SKU-103,Halo Phone Stand,retail,32,19.0,0,0.0,7.5
2026-06-19,West,SKU-104,Drift Yoga Mat,web,26,55.0,1,55.0,26.0
2026-06-19,West,SKU-104,Drift Yoga Mat,marketplace,13,55.0,1,55.0,26.0
2026-06-19,West,SKU-104,Drift Yoga Mat,retail,7,55.0,0,0.0,26.0
2026-06-20,North,SKU-101,Aurora Desk Lamp,web,88,42.0,2,84.0,24.0
2026-06-20,North,SKU-101,Aurora Desk Lamp,marketplace,48,42.0,1,42.0,24.0
2026-06-20,North,SKU-101,Aurora Desk Lamp,retail,23,42.0,0,0.0,24.0
2026-06-20,North,SKU-102,Nimbus Bottle,web,151,28.0,6,168.0,11.0
2026-06-20,North,SKU-102,Nimbus Bottle,marketplace,82,28.0,2,56.0,11.0
2026-06-20,North,SKU-102,Nimbus Bottle,retail,38,28.0,1,28.0,11.0
2026-06-20,North,SKU-103,Halo Phone Stand,web,198,19.0,10,190.0,7.5
2026-06-20,North,SKU-103,Halo Phone Stand,marketplace,102,19.0,2,38.0,7.5
2026-06-20,North,SKU-103,Halo Phone Stand,retail,54,19.0,2,38.0,7.5
2026-06-20,North,SKU-104,Drift Yoga Mat,web,41,55.0,3,165.0,26.0
2026-06-20,North,SKU-104,Drift Yoga Mat,marketplace,22,55.0,2,110.0,26.0
2026-06-20,North,SKU-104,Drift Yoga Mat,retail,11,55.0,1,55.0,26.0
2026-06-20,South,SKU-101,Aurora Desk Lamp,web,102,42.0,1,42.0,24.0
2026-06-20,South,SKU-101,Aurora Desk Lamp,marketplace,57,42.0,1,42.0,24.0
2026-06-20,South,SKU-101,Aurora Desk Lamp,retail,26,42.0,0,0.0,24.0
2026-06-20,South,SKU-102,Nimbus Bottle,web,175,28.0,6,168.0,11.0
2026-06-20,South,SKU-102,Nimbus Bottle,marketplace,94,28.0,4,112.0,11.0
2026-06-20,South,SKU-102,Nimbus Bottle,retail,46,28.0,1,28.0,11.0
2026-06-20,South,SKU-103,Halo Phone Stand,web,220,19.0,15,285.0,7.5
2026-06-20,South,SKU-103,Halo Phone Stand,marketplace,119,19.0,5,95.0,7.5
2026-06-20,South,SKU-103,Halo Phone Stand,retail,61,19.0,3,57.0,7.5
2026-06-20,South,SKU-104,Drift Yoga Mat,web,51,55.0,3,165.0,26.0
2026-06-20,South,SKU-104,Drift Yoga Mat,marketplace,24,55.0,1,55.0,26.0
2026-06-20,South,SKU-104,Drift Yoga Mat,retail,12,55.0,0,0.0,26.0
2026-06-20,West,SKU-101,Aurora Desk Lamp,web,63,42.0,1,42.0,24.0
2026-06-20,West,SKU-101,Aurora Desk Lamp,marketplace,34,42.0,1,42.0,24.0
2026-06-20,West,SKU-101,Aurora Desk Lamp,retail,17,42.0,0,0.0,24.0
2026-06-20,West,SKU-102,Nimbus Bottle,web,112,28.0,4,112.0,11.0
2026-06-20,West,SKU-102,Nimbus Bottle,marketplace,63,28.0,2,56.0,11.0
2026-06-20,West,SKU-102,Nimbus Bottle,retail,29,28.0,1,28.0,11.0
2026-06-20,West,SKU-103,Halo Phone Stand,web,136,19.0,9,171.0,7.5
2026-06-20,West,SKU-103,Halo Phone Stand,marketplace,73,19.0,3,57.0,7.5
2026-06-20,West,SKU-103,Halo Phone Stand,retail,37,19.0,1,19.0,7.5
2026-06-20,West,SKU-104,Drift Yoga Mat,web,29,55.0,1,55.0,26.0
2026-06-20,West,SKU-104,Drift Yoga Mat,marketplace,16,55.0,1,55.0,26.0
2026-06-20,West,SKU-104,Drift Yoga Mat,retail,8,55.0,0,0.0,26.0
2026-06-21,North,SKU-101,Aurora Desk Lamp,web,86,42.0,3,126.0,24.0
2026-06-21,North,SKU-101,Aurora Desk Lamp,marketplace,44,42.0,1,42.0,24.0
2026-06-21,North,SKU-101,Aurora Desk Lamp,retail,20,42.0,0,0.0,24.0
2026-06-21,North,SKU-102,Nimbus Bottle,web,154,28.0,6,168.0,11.0
2026-06-21,North,SKU-102,Nimbus Bottle,marketplace,77,28.0,2,56.0,11.0
2026-06-21,North,SKU-102,Nimbus Bottle,retail,40,28.0,1,28.0,11.0
2026-06-21,North,SKU-103,Halo Phone Stand,web,195,19.0,14,266.0,7.5
2026-06-21,North,SKU-103,Halo Phone Stand,marketplace,103,19.0,6,114.0,7.5
2026-06-21,North,SKU-103,Halo Phone Stand,retail,51,19.0,3,57.0,7.5
2026-06-21,North,SKU-104,Drift Yoga Mat,web,40,55.0,3,165.0,26.0
2026-06-21,North,SKU-104,Drift Yoga Mat,marketplace,22,55.0,1,55.0,26.0
2026-06-21,North,SKU-104,Drift Yoga Mat,retail,10,55.0,1,55.0,26.0
2026-06-21,South,SKU-101,Aurora Desk Lamp,web,93,42.0,4,168.0,24.0
2026-06-21,South,SKU-101,Aurora Desk Lamp,marketplace,53,42.0,0,0.0,24.0
2026-06-21,South,SKU-101,Aurora Desk Lamp,retail,25,42.0,0,0.0,24.0
2026-06-21,South,SKU-102,Nimbus Bottle,web,164,28.0,4,112.0,11.0
2026-06-21,South,SKU-102,Nimbus Bottle,marketplace,90,28.0,3,84.0,11.0
2026-06-21,South,SKU-102,Nimbus Bottle,retail,40,28.0,1,28.0,11.0
2026-06-21,South,SKU-103,Halo Phone Stand,web,207,19.0,12,228.0,7.5
2026-06-21,South,SKU-103,Halo Phone Stand,marketplace,116,19.0,5,95.0,7.5
2026-06-21,South,SKU-103,Halo Phone Stand,retail,55,19.0,3,57.0,7.5
2026-06-21,South,SKU-104,Drift Yoga Mat,web,45,55.0,6,330.0,26.0
2026-06-21,South,SKU-104,Drift Yoga Mat,marketplace,24,55.0,1,55.0,26.0
2026-06-21,South,SKU-104,Drift Yoga Mat,retail,12,55.0,0,0.0,26.0
2026-06-21,West,SKU-101,Aurora Desk Lamp,web,60,42.0,1,42.0,24.0
2026-06-21,West,SKU-101,Aurora Desk Lamp,marketplace,31,42.0,1,42.0,24.0
2026-06-21,West,SKU-101,Aurora Desk Lamp,retail,16,42.0,0,0.0,24.0
2026-06-21,West,SKU-102,Nimbus Bottle,web,104,28.0,4,112.0,11.0
2026-06-21,West,SKU-102,Nimbus Bottle,marketplace,55,28.0,2,56.0,11.0
2026-06-21,West,SKU-102,Nimbus Bottle,retail,27,28.0,1,28.0,11.0
2026-06-21,West,SKU-103,Halo Phone Stand,web,132,19.0,7,133.0,7.5
2026-06-21,West,SKU-103,Halo Phone Stand,marketplace,72,19.0,3,57.0,7.5
2026-06-21,West,SKU-103,Halo Phone Stand,retail,32,19.0,1,19.0,7.5
2026-06-21,West,SKU-104,Drift Yoga Mat,web,28,55.0,2,110.0,26.0
2026-06-21,West,SKU-104,Drift Yoga Mat,marketplace,15,55.0,1,55.0,26.0
2026-06-21,West,SKU-104,Drift Yoga Mat,retail,7,55.0,0,0.0,26.0
2026-06-22,North,SKU-101,Aurora Desk Lamp,web,66,42.0,2,84.0,24.0
2026-06-22,North,SKU-101,Aurora Desk Lamp,marketplace,33,42.0,0,0.0,24.0
2026-06-22,North,SKU-101,Aurora Desk Lamp,retail,18,42.0,0,0.0,24.0
2026-06-22,North,SKU-102,Nimbus Bottle,web,108,28.0,6,168.0,11.0
2026-06-22,North,SKU-102,Nimbus Bottle,marketplace,58,28.0,2,56.0,11.0
2026-06-22,North,SKU-102,Nimbus Bottle,retail,30,28.0,0,0.0,11.0
2026-06-22,North,SKU-103,Halo Phone Stand,web,131,19.0,7,133.0,7.5
2026-06-22,North,SKU-103,Halo Phone Stand,marketplace,78,19.0,5,95.0,7.5
2026-06-22,North,SKU-103,Halo Phone Stand,retail,38,19.0,1,19.0,7.5
2026-06-22,North,SKU-104,Drift Yoga Mat,web,32,55.0,4,220.0,26.0
2026-06-22,North,SKU-104,Drift Yoga Mat,marketplace,15,55.0,1,55.0,26.0
2026-06-22,North,SKU-104,Drift Yoga Mat,retail,8,55.0,0,0.0,26.0
2026-06-22,South,SKU-101,Aurora Desk Lamp,web,72,42.0,2,84.0,24.0
2026-06-22,South,SKU-101,Aurora Desk Lamp,marketplace,38,42.0,1,42.0,24.0
2026-06-22,South,SKU-101,Aurora Desk Lamp,retail,20,42.0,0,0.0,24.0
2026-06-22,South,SKU-102,Nimbus Bottle,web,124,28.0,2,56.0,11.0
2026-06-22,South,SKU-102,Nimbus Bottle,marketplace,68,28.0,3,84.0,11.0
2026-06-22,South,SKU-102,Nimbus Bottle,retail,34,28.0,1,28.0,11.0
2026-06-22,South,SKU-103,Halo Phone Stand,web,158,19.0,10,190.0,7.5
2026-06-22,South,SKU-103,Halo Phone Stand,marketplace,87,19.0,2,38.0,7.5
2026-06-22,South,SKU-103,Halo Phone Stand,retail,45,19.0,1,19.0,7.5
2026-06-22,South,SKU-104,Drift Yoga Mat,web,36,55.0,3,165.0,26.0
2026-06-22,South,SKU-104,Drift Yoga Mat,marketplace,18,55.0,2,110.0,26.0
2026-06-22,South,SKU-104,Drift Yoga Mat,retail,9,55.0,0,0.0,26.0
2026-06-22,West,SKU-101,Aurora Desk Lamp,web,44,42.0,2,84.0,24.0
2026-06-22,West,SKU-101,Aurora Desk Lamp,marketplace,24,42.0,0,0.0,24.0
2026-06-22,West,SKU-101,Aurora Desk Lamp,retail,12,42.0,0,0.0,24.0
2026-06-22,West,SKU-102,Nimbus Bottle,web,77,28.0,1,28.0,11.0
2026-06-22,West,SKU-102,Nimbus Bottle,marketplace,39,28.0,1,28.0,11.0
2026-06-22,West,SKU-102,Nimbus Bottle,retail,20,28.0,0,0.0,11.0
2026-06-22,West,SKU-103,Halo Phone Stand,web,103,19.0,6,114.0,7.5
2026-06-22,West,SKU-103,Halo Phone Stand,marketplace,55,19.0,1,19.0,7.5
2026-06-22,West,SKU-103,Halo Phone Stand,retail,27,19.0,1,19.0,7.5
2026-06-22,West,SKU-104,Drift Yoga Mat,web,23,55.0,2,110.0,26.0
2026-06-22,West,SKU-104,Drift Yoga Mat,marketplace,10,55.0,0,0.0,26.0
2026-06-22,West,SKU-104,Drift Yoga Mat,retail,5,55.0,0,0.0,26.0
2026-06-23,North,SKU-101,Aurora Desk Lamp,web,63,42.0,1,42.0,24.0
2026-06-23,North,SKU-101,Aurora Desk Lamp,marketplace,32,42.0,0,0.0,24.0
2026-06-23,North,SKU-101,Aurora Desk Lamp,retail,15,42.0,0,0.0,24.0
2026-06-23,North,SKU-102,Nimbus Bottle,web,101,28.0,3,84.0,11.0
2026-06-23,North,SKU-102,Nimbus Bottle,marketplace,57,28.0,2,56.0,11.0
2026-06-23,North,SKU-102,Nimbus Bottle,retail,29,28.0,0,0.0,11.0
2026-06-23,North,SKU-103,Halo Phone Stand,web,135,19.0,8,152.0,7.5
2026-06-23,North,SKU-103,Halo Phone Stand,marketplace,71,19.0,2,38.0,7.5
2026-06-23,North,SKU-103,Halo Phone Stand,retail,38,19.0,1,19.0,7.5
2026-06-23,North,SKU-104,Drift Yoga Mat,web,29,55.0,3,165.0,26.0
2026-06-23,North,SKU-104,Drift Yoga Mat,marketplace,15,55.0,1,55.0,26.0
2026-06-23,North,SKU-104,Drift Yoga Mat,retail,7,55.0,0,0.0,26.0
2026-06-23,South,SKU-101,Aurora Desk Lamp,web,69,42.0,2,84.0,24.0
2026-06-23,South,SKU-101,Aurora Desk Lamp,marketplace,37,42.0,1,42.0,24.0
2026-06-23,South,SKU-101,Aurora Desk Lamp,retail,19,42.0,0,0.0,24.0
2026-06-23,South,SKU-102,Nimbus Bottle,web,122,28.0,5,140.0,11.0
2026-06-23,South,SKU-102,Nimbus Bottle,marketplace,62,28.0,3,84.0,11.0
2026-06-23,South,SKU-102,Nimbus Bottle,retail,30,28.0,0,0.0,11.0
2026-06-23,South,SKU-103,Halo Phone Stand,web,151,19.0,9,171.0,7.5
2026-06-23,South,SKU-103,Halo Phone Stand,marketplace,83,19.0,3,57.0,7.5
2026-06-23,South,SKU-103,Halo Phone Stand,retail,39,19.0,1,19.0,7.5
2026-06-23,South,SKU-104,Drift Yoga Mat,web,32,55.0,3,165.0,26.0
2026-06-23,South,SKU-104,Drift Yoga Mat,marketplace,17,55.0,1,55.0,26.0
2026-06-23,South,SKU-104,Drift Yoga Mat,retail,8,55.0,0,0.0,26.0
2026-06-23,West,SKU-101,Aurora Desk Lamp,web,43,42.0,1,42.0,24.0
2026-06-23,West,SKU-101,Aurora Desk Lamp,marketplace,23,42.0,0,0.0,24.0
2026-06-23,West,SKU-101,Aurora Desk Lamp,retail,11,42.0,0,0.0,24.0
2026-06-23,West,SKU-102,Nimbus Bottle,web,78,28.0,2,56.0,11.0
2026-06-23,West,SKU-102,Nimbus Bottle,marketplace,38,28.0,1,28.0,11.0
2026-06-23,West,SKU-102,Nimbus Bottle,retail,21,28.0,1,28.0,11.0
2026-06-23,West,SKU-103,Halo Phone Stand,web,97,19.0,4,76.0,7.5
2026-06-23,West,SKU-103,Halo Phone Stand,marketplace,50,19.0,2,38.0,7.5
2026-06-23,West,SKU-103,Halo Phone Stand,retail,25,19.0,0,0.0,7.5
2026-06-23,West,SKU-104,Drift Yoga Mat,web,22,55.0,2,110.0,26.0
2026-06-23,West,SKU-104,Drift Yoga Mat,marketplace,10,55.0,1,55.0,26.0
2026-06-23,West,SKU-104,Drift Yoga Mat,retail,5,55.0,0,0.0,26.0
2026-06-24,North,SKU-101,Aurora Desk Lamp,web,58,42.0,0,0.0,24.0
2026-06-24,North,SKU-101,Aurora Desk Lamp,marketplace,32,42.0,0,0.0,24.0
2026-06-24,North,SKU-101,Aurora Desk Lamp,retail,16,42.0,0,0.0,24.0
2026-06-24,North,SKU-102,Nimbus Bottle,web,104,28.0,2,56.0,11.0
2026-06-24,North,SKU-102,Nimbus Bottle,marketplace,53,28.0,1,28.0,11.0
2026-06-24,North,SKU-102,Nimbus Bottle,retail,27,28.0,1,28.0,11.0
2026-06-24,North,SKU-103,Halo Phone Stand,web,132,19.0,4,76.0,7.5
2026-06-24,North,SKU-103,Halo Phone Stand,marketplace,68,19.0,2,38.0,7.5
2026-06-24,North,SKU-103,Halo Phone Stand,retail,37,19.0,2,38.0,7.5
2026-06-24,North,SKU-104,Drift Yoga Mat,web,29,55.0,2,110.0,26.0
2026-06-24,North,SKU-104,Drift Yoga Mat,marketplace,15,55.0,1,55.0,26.0
2026-06-24,North,SKU-104,Drift Yoga Mat,retail,7,55.0,0,0.0,26.0
2026-06-24,South,SKU-101,Aurora Desk Lamp,web,70,42.0,2,84.0,24.0
2026-06-24,South,SKU-101,Aurora Desk Lamp,marketplace,35,42.0,1,42.0,24.0
2026-06-24,South,SKU-101,Aurora Desk Lamp,retail,18,42.0,0,0.0,24.0
2026-06-24,South,SKU-102,Nimbus Bottle,web,118,28.0,4,112.0,11.0
2026-06-24,South,SKU-102,Nimbus Bottle,marketplace,59,28.0,2,56.0,11.0
2026-06-24,South,SKU-102,Nimbus Bottle,retail,32,28.0,1,28.0,11.0
2026-06-24,South,SKU-103,Halo Phone Stand,web,155,19.0,9,171.0,7.5
2026-06-24,South,SKU-103,Halo Phone Stand,marketplace,80,19.0,4,76.0,7.5
2026-06-24,South,SKU-103,Halo Phone Stand,retail,39,19.0,2,38.0,7.5
2026-06-24,South,SKU-104,Drift Yoga Mat,web,34,55.0,2,110.0,26.0
2026-06-24,South,SKU-104,Drift Yoga Mat,marketplace,18,55.0,1,55.0,26.0
2026-06-24,South,SKU-104,Drift Yoga Mat,retail,8,55.0,1,55.0,26.0
2026-06-24,West,SKU-101,Aurora Desk Lamp,web,42,42.0,1,42.0,24.0
2026-06-24,West,SKU-101,Aurora Desk Lamp,marketplace,24,42.0,0,0.0,24.0
2026-06-24,West,SKU-101,Aurora Desk Lamp,retail,12,42.0,0,0.0,24.0
2026-06-24,West,SKU-102,Nimbus Bottle,web,74,28.0,1,28.0,11.0
2026-06-24,West,SKU-102,Nimbus Bottle,marketplace,39,28.0,2,56.0,11.0
2026-06-24,West,SKU-102,Nimbus Bottle,retail,19,28.0,0,0.0,11.0
2026-06-24,West,SKU-103,Halo Phone Stand,web,94,19.0,2,38.0,7.5
2026-06-24,West,SKU-103,Halo Phone Stand,marketplace,49,19.0,3,57.0,7.5
2026-06-24,West,SKU-103,Halo Phone Stand,retail,25,19.0,1,19.0,7.5
2026-06-24,West,SKU-104,Drift Yoga Mat,web,20,55.0,1,55.0,26.0
2026-06-24,West,SKU-104,Drift Yoga Mat,marketplace,10,55.0,0,0.0,26.0
2026-06-24,West,SKU-104,Drift Yoga Mat,retail,5,55.0,0,0.0,26.0
2026-06-25,North,SKU-101,Aurora Desk Lamp,web,68,42.0,2,84.0,24.0
2026-06-25,North,SKU-101,Aurora Desk Lamp,marketplace,35,42.0,0,0.0,24.0
2026-06-25,North,SKU-101,Aurora Desk Lamp,retail,16,42.0,0,0.0,24.0
2026-06-25,North,SKU-102,Nimbus Bottle,web,115,28.0,5,140.0,11.0
2026-06-25,North,SKU-102,Nimbus Bottle,marketplace,60,28.0,1,28.0,11.0
2026-06-25,North,SKU-102,Nimbus Bottle,retail,32,28.0,1,28.0,11.0
2026-06-25,North,SKU-103,Halo Phone Stand,web,148,19.0,6,114.0,7.5
2026-06-25,North,SKU-103,Halo Phone Stand,marketplace,75,19.0,3,57.0,7.5
2026-06-25,North,SKU-103,Halo Phone Stand,retail,36,19.0,2,38.0,7.5
2026-06-25,North,SKU-104,Drift Yoga Mat,web,32,55.0,4,220.0,26.0
2026-06-25,North,SKU-104,Drift Yoga Mat,marketplace,16,55.0,1,55.0,26.0
2026-06-25,North,SKU-104,Drift Yoga Mat,retail,8,55.0,0,0.0,26.0
2026-06-25,South,SKU-101,Aurora Desk Lamp,web,81,42.0,3,126.0,24.0
2026-06-25,South,SKU-101,Aurora Desk Lamp,marketplace,41,42.0,1,42.0,24.0
2026-06-25,South,SKU-101,Aurora Desk Lamp,retail,21,42.0,0,0.0,24.0
2026-06-25,South,SKU-102,Nimbus Bottle,web,130,28.0,5,140.0,11.0
2026-06-25,South,SKU-102,Nimbus Bottle,marketplace,70,28.0,3,84.0,11.0
2026-06-25,South,SKU-102,Nimbus Bottle,retail,34,28.0,0,0.0,11.0
2026-06-25,South,SKU-103,Halo Phone Stand,web,167,19.0,9,171.0,7.5
2026-06-25,South,SKU-103,Halo Phone Stand,marketplace,92,19.0,3,57.0,7.5
2026-06-25,South,SKU-103,Halo Phone Stand,retail,43,19.0,1,19.0,7.5
2026-06-25,South,SKU-104,Drift Yoga Mat,web,35,55.0,1,55.0,26.0
2026-06-25,South,SKU-104,Drift Yoga Mat,marketplace,19,55.0,2,110.0,26.0
2026-06-25,South,SKU-104,Drift Yoga Mat,retail,10,55.0,0,0.0,26.0
2026-06-25,West,SKU-101,Aurora Desk Lamp,web,47,42.0,1,42.0,24.0
2026-06-25,West,SKU-101,Aurora Desk Lamp,marketplace,26,42.0,0,0.0,24.0
2026-06-25,West,SKU-101,Aurora Desk Lamp,retail,13,42.0,0,0.0,24.0
2026-06-25,West,SKU-102,Nimbus Bottle,web,86,28.0,4,112.0,11.0
2026-06-25,West,SKU-102,Nimbus Bottle,marketplace,46,28.0,2,56.0,11.0
2026-06-25,West,SKU-102,Nimbus Bottle,retail,24,28.0,0,0.0,11.0
2026-06-25,West,SKU-103,Halo Phone Stand,web,106,19.0,5,95.0,7.5
2026-06-25,West,SKU-103,Halo Phone Stand,marketplace,54,19.0,1,19.0,7.5
2026-06-25,West,SKU-103,Halo Phone Stand,retail,26,19.0,1,19.0,7.5
2026-06-25,West,SKU-104,Drift Yoga Mat,web,24,55.0,1,55.0,26.0
2026-06-25,West,SKU-104,Drift Yoga Mat,marketplace,11,55.0,1,55.0,26.0
2026-06-25,West,SKU-104,Drift Yoga Mat,retail,5,55.0,0,0.0,26.0
2026-06-26,North,SKU-101,Aurora Desk Lamp,web,78,42.0,2,84.0,24.0
2026-06-26,North,SKU-101,Aurora Desk Lamp,marketplace,41,42.0,0,0.0,24.0
2026-06-26,North,SKU-101,Aurora Desk Lamp,retail,21,42.0,0,0.0,24.0
2026-06-26,North,SKU-102,Nimbus Bottle,web,133,28.0,7,196.0,11.0
2026-06-26,North,SKU-102,Nimbus Bottle,marketplace,73,28.0,2,56.0,11.0
2026-06-26,North,SKU-102,Nimbus Bottle,retail,36,28.0,1,28.0,11.0
2026-06-26,North,SKU-103,Halo Phone Stand,web,158,19.0,9,171.0,7.5
2026-06-26,North,SKU-103,Halo Phone Stand,marketplace,86,19.0,4,76.0,7.5
2026-06-26,North,SKU-103,Halo Phone Stand,retail,45,19.0,2,38.0,7.5
2026-06-26,North,SKU-104,Drift Yoga Mat,web,35,55.0,3,165.0,26.0
2026-06-26,North,SKU-104,Drift Yoga Mat,marketplace,22,55.0,1,55.0,26.0
2026-06-26,North,SKU-104,Drift Yoga Mat,retail,10,55.0,0,0.0,26.0
2026-06-26,South,SKU-101,Aurora Desk Lamp,web,88,42.0,3,126.0,24.0
2026-06-26,South,SKU-101,Aurora Desk Lamp,marketplace,46,42.0,1,42.0,24.0
2026-06-26,South,SKU-101,Aurora Desk Lamp,retail,23,42.0,0,0.0,24.0
2026-06-26,South,SKU-102,Nimbus Bottle,web,153,28.0,5,140.0,11.0
2026-06-26,South,SKU-102,Nimbus Bottle,marketplace,82,28.0,3,84.0,11.0
2026-06-26,South,SKU-102,Nimbus Bottle,retail,42,28.0,1,28.0,11.0
2026-06-26,South,SKU-103,Halo Phone Stand,web,196,19.0,9,171.0,7.5
2026-06-26,South,SKU-103,Halo Phone Stand,marketplace,103,19.0,7,133.0,7.5
2026-06-26,South,SKU-103,Halo Phone Stand,retail,52,19.0,2,38.0,7.5
2026-06-26,South,SKU-104,Drift Yoga Mat,web,42,55.0,5,275.0,26.0
2026-06-26,South,SKU-104,Drift Yoga Mat,marketplace,22,55.0,2,110.0,26.0
2026-06-26,South,SKU-104,Drift Yoga Mat,retail,11,55.0,0,0.0,26.0
2026-06-26,West,SKU-101,Aurora Desk Lamp,web,56,42.0,1,42.0,24.0
2026-06-26,West,SKU-101,Aurora Desk Lamp,marketplace,27,42.0,0,0.0,24.0
2026-06-26,West,SKU-101,Aurora Desk Lamp,retail,16,42.0,0,0.0,24.0
2026-06-26,West,SKU-102,Nimbus Bottle,web,85,28.0,3,84.0,11.0
2026-06-26,West,SKU-102,Nimbus Bottle,marketplace,52,28.0,1,28.0,11.0
2026-06-26,West,SKU-102,Nimbus Bottle,retail,27,28.0,1,28.0,11.0
2026-06-26,West,SKU-103,Halo Phone Stand,web,125,19.0,4,76.0,7.5
2026-06-26,West,SKU-103,Halo Phone Stand,marketplace,64,19.0,3,57.0,7.5
2026-06-26,West,SKU-103,Halo Phone Stand,retail,30,19.0,1,19.0,7.5
2026-06-26,West,SKU-104,Drift Yoga Mat,web,26,55.0,2,110.0,26.0
2026-06-26,West,SKU-104,Drift Yoga Mat,marketplace,12,55.0,1,55.0,26.0
2026-06-26,West,SKU-104,Drift Yoga Mat,retail,7,55.0,0,0.0,26.0
2026-06-27,North,SKU-101,Aurora Desk Lamp,web,85,42.0,2,84.0,24.0
2026-06-27,North,SKU-101,Aurora Desk Lamp,marketplace,47,42.0,1,42.0,24.0
2026-06-27,North,SKU-101,Aurora Desk Lamp,retail,24,42.0,0,0.0,24.0
2026-06-27,North,SKU-102,Nimbus Bottle,web,145,28.0,4,112.0,11.0
2026-06-27,North,SKU-102,Nimbus Bottle,marketplace,82,28.0,3,84.0,11.0
2026-06-27,North,SKU-102,Nimbus Bottle,retail,42,28.0,1,28.0,11.0
2026-06-27,North,SKU-103,Halo Phone Stand,web,189,19.0,12,228.0,7.5
2026-06-27,North,SKU-103,Halo Phone Stand,marketplace,112,19.0,6,114.0,7.5
2026-06-27,North,SKU-103,Halo Phone Stand,retail,56,19.0,2,38.0,7.5
2026-06-27,North,SKU-104,Drift Yoga Mat,web,45,55.0,4,220.0,26.0
2026-06-27,North,SKU-104,Drift Yoga Mat,marketplace,20,55.0,1,55.0,26.0
2026-06-27,North,SKU-104,Drift Yoga Mat,retail,11,55.0,0,0.0,26.0
2026-06-27,South,SKU-101,Aurora Desk Lamp,web,100,42.0,3,126.0,24.0
2026-06-27,South,SKU-101,Aurora Desk Lamp,marketplace,59,42.0,1,42.0,24.0
2026-06-27,South,SKU-101,Aurora Desk Lamp,retail,28,42.0,0,0.0,24.0
2026-06-27,South,SKU-102,Nimbus Bottle,web,172,28.0,7,196.0,11.0
2026-06-27,South,SKU-102,Nimbus Bottle,marketplace,100,28.0,2,56.0,11.0
2026-06-27,South,SKU-102,Nimbus Bottle,retail,46,28.0,1,28.0,11.0
2026-06-27,South,SKU-103,Halo Phone Stand,web,219,19.0,11,209.0,7.5
2026-06-27,South,SKU-103,Halo Phone Stand,marketplace,109,19.0,4,76.0,7.5
2026-06-27,South,SKU-103,Halo Phone Stand,retail,62,19.0,3,57.0,7.5
2026-06-27,South,SKU-104,Drift Yoga Mat,web,50,55.0,5,275.0,26.0
2026-06-27,South,SKU-104,Drift Yoga Mat,marketplace,25,55.0,2,110.0,26.0
2026-06-27,South,SKU-104,Drift Yoga Mat,retail,13,55.0,1,55.0,26.0
2026-06-27,West,SKU-101,Aurora Desk Lamp,web,67,42.0,2,84.0,24.0
2026-06-27,West,SKU-101,Aurora Desk Lamp,marketplace,33,42.0,0,0.0,24.0
2026-06-27,West,SKU-101,Aurora Desk Lamp,retail,16,42.0,0,0.0,24.0
2026-06-27,West,SKU-102,Nimbus Bottle,web,114,28.0,4,112.0,11.0
2026-06-27,West,SKU-102,Nimbus Bottle,marketplace,56,28.0,1,28.0,11.0
2026-06-27,West,SKU-102,Nimbus Bottle,retail,28,28.0,0,0.0,11.0
2026-06-27,West,SKU-103,Halo Phone Stand,web,139,19.0,7,133.0,7.5
2026-06-27,West,SKU-103,Halo Phone Stand,marketplace,72,19.0,2,38.0,7.5
2026-06-27,West,SKU-103,Halo Phone Stand,retail,42,19.0,2,38.0,7.5
2026-06-27,West,SKU-104,Drift Yoga Mat,web,32,55.0,2,110.0,26.0
2026-06-27,West,SKU-104,Drift Yoga Mat,marketplace,15,55.0,0,0.0,26.0
2026-06-27,West,SKU-104,Drift Yoga Mat,retail,7,55.0,0,0.0,26.0
2026-06-28,North,SKU-101,Aurora Desk Lamp,web,87,42.0,1,42.0,24.0
2026-06-28,North,SKU-101,Aurora Desk Lamp,marketplace,45,42.0,1,42.0,24.0
2026-06-28,North,SKU-101,Aurora Desk Lamp,retail,22,42.0,0,0.0,24.0
2026-06-28,North,SKU-102,Nimbus Bottle,web,148,28.0,4,112.0,11.0
2026-06-28,North,SKU-102,Nimbus Bottle,marketplace,79,28.0,3,84.0,11.0
2026-06-28,North,SKU-102,Nimbus Bottle,retail,35,28.0,1,28.0,11.0
2026-06-28,North,SKU-103,Halo Phone Stand,web,195,19.0,8,152.0,7.5
2026-06-28,North,SKU-103,Halo Phone Stand,marketplace,96,19.0,3,57.0,7.5
2026-06-28,North,SKU-103,Halo Phone Stand,retail,51,19.0,1,19.0,7.5
2026-06-28,North,SKU-104,Drift Yoga Mat,web,39,55.0,4,220.0,26.0
2026-06-28,North,SKU-104,Drift Yoga Mat,marketplace,21,55.0,2,110.0,26.0
2026-06-28,North,SKU-104,Drift Yoga Mat,retail,10,55.0,1,55.0,26.0
2026-06-28,South,SKU-101,Aurora Desk Lamp,web,99,42.0,4,168.0,24.0
2026-06-28,South,SKU-101,Aurora Desk Lamp,marketplace,47,42.0,1,42.0,24.0
2026-06-28,South,SKU-101,Aurora Desk Lamp,retail,25,42.0,0,0.0,24.0
2026-06-28,South,SKU-102,Nimbus Bottle,web,158,28.0,7,196.0,11.0
2026-06-28,South,SKU-102,Nimbus Bottle,marketplace,90,28.0,3,84.0,11.0
2026-06-28,South,SKU-102,Nimbus Bottle,retail,43,28.0,1,28.0,11.0
2026-06-28,South,SKU-103,Halo Phone Stand,web,205,19.0,10,190.0,7.5
2026-06-28,South,SKU-103,Halo Phone Stand,marketplace,118,19.0,6,114.0,7.5
2026-06-28,South,SKU-103,Halo Phone Stand,retail,57,19.0,3,57.0,7.5
2026-06-28,South,SKU-104,Drift Yoga Mat,web,46,55.0,3,165.0,26.0
2026-06-28,South,SKU-104,Drift Yoga Mat,marketplace,25,55.0,2,110.0,26.0
2026-06-28,South,SKU-104,Drift Yoga Mat,retail,12,55.0,0,0.0,26.0
2026-06-28,West,SKU-101,Aurora Desk Lamp,web,62,42.0,1,42.0,24.0
2026-06-28,West,SKU-101,Aurora Desk Lamp,marketplace,30,42.0,0,0.0,24.0
2026-06-28,West,SKU-101,Aurora Desk Lamp,retail,15,42.0,0,0.0,24.0
2026-06-28,West,SKU-102,Nimbus Bottle,web,100,28.0,4,112.0,11.0
2026-06-28,West,SKU-102,Nimbus Bottle,marketplace,56,28.0,3,84.0,11.0
2026-06-28,West,SKU-102,Nimbus Bottle,retail,27,28.0,1,28.0,11.0
2026-06-28,West,SKU-103,Halo Phone Stand,web,135,19.0,7,133.0,7.5
2026-06-28,West,SKU-103,Halo Phone Stand,marketplace,77,19.0,6,114.0,7.5
2026-06-28,West,SKU-103,Halo Phone Stand,retail,33,19.0,2,38.0,7.5
2026-06-28,West,SKU-104,Drift Yoga Mat,web,29,55.0,2,110.0,26.0
2026-06-28,West,SKU-104,Drift Yoga Mat,marketplace,15,55.0,1,55.0,26.0
2026-06-28,West,SKU-104,Drift Yoga Mat,retail,7,55.0,0,0.0,26.0
2026-06-29,North,SKU-101,Aurora Desk Lamp,web,62,42.0,1,42.0,24.0
2026-06-29,North,SKU-101,Aurora Desk Lamp,marketplace,36,42.0,0,0.0,24.0
2026-06-29,North,SKU-101,Aurora Desk Lamp,retail,18,42.0,0,0.0,24.0
2026-06-29,North,SKU-102,Nimbus Bottle,web,109,28.0,4,112.0,11.0
2026-06-29,North,SKU-102,Nimbus Bottle,marketplace,59,28.0,1,28.0,11.0
2026-06-29,North,SKU-102,Nimbus Bottle,retail,28,28.0,0,0.0,11.0
2026-06-29,North,SKU-103,Halo Phone Stand,web,133,19.0,4,76.0,7.5
2026-06-29,North,SKU-103,Halo Phone Stand,marketplace,75,19.0,4,76.0,7.5
2026-06-29,North,SKU-103,Halo Phone Stand,retail,39,19.0,1,19.0,7.5
2026-06-29,North,SKU-104,Drift Yoga Mat,web,32,55.0,3,165.0,26.0
2026-06-29,North,SKU-104,Drift Yoga Mat,marketplace,16,55.0,1,55.0,26.0
2026-06-29,North,SKU-104,Drift Yoga Mat,retail,8,55.0,0,0.0,26.0
2026-06-29,South,SKU-101,Aurora Desk Lamp,web,71,42.0,2,84.0,24.0
2026-06-29,South,SKU-101,Aurora Desk Lamp,marketplace,41,42.0,1,42.0,24.0
2026-06-29,South,SKU-101,Aurora Desk Lamp,retail,20,42.0,0,0.0,24.0
2026-06-29,South,SKU-102,Nimbus Bottle,web,120,28.0,3,84.0,11.0
2026-06-29,South,SKU-102,Nimbus Bottle,marketplace,70,28.0,2,56.0,11.0
2026-06-29,South,SKU-102,Nimbus Bottle,retail,35,28.0,1,28.0,11.0
2026-06-29,South,SKU-103,Halo Phone Stand,web,158,19.0,5,95.0,7.5
2026-06-29,South,SKU-103,Halo Phone Stand,marketplace,89,19.0,3,57.0,7.5
2026-06-29,South,SKU-103,Halo Phone Stand,retail,41,19.0,2,38.0,7.5
2026-06-29,South,SKU-104,Drift Yoga Mat,web,34,55.0,3,165.0,26.0
2026-06-29,South,SKU-104,Drift Yoga Mat,marketplace,16,55.0,1,55.0,26.0
2026-06-29,South,SKU-104,Drift Yoga Mat,retail,9,55.0,0,0.0,26.0
2026-06-29,West,SKU-101,Aurora Desk Lamp,web,47,42.0,1,42.0,24.0
2026-06-29,West,SKU-101,Aurora Desk Lamp,marketplace,22,42.0,0,0.0,24.0
2026-06-29,West,SKU-101,Aurora Desk Lamp,retail,13,42.0,0,0.0,24.0
2026-06-29,West,SKU-102,Nimbus Bottle,web,79,28.0,5,140.0,11.0
2026-06-29,West,SKU-102,Nimbus Bottle,marketplace,40,28.0,2,56.0,11.0
2026-06-29,West,SKU-102,Nimbus Bottle,retail,23,28.0,1,28.0,11.0
2026-06-29,West,SKU-103,Halo Phone Stand,web,99,19.0,8,152.0,7.5
2026-06-29,West,SKU-103,Halo Phone Stand,marketplace,52,19.0,2,38.0,7.5
2026-06-29,West,SKU-103,Halo Phone Stand,retail,27,19.0,1,19.0,7.5
2026-06-29,West,SKU-104,Drift Yoga Mat,web,23,55.0,1,55.0,26.0
2026-06-29,West,SKU-104,Drift Yoga Mat,marketplace,10,55.0,0,0.0,26.0
2026-06-29,West,SKU-104,Drift Yoga Mat,retail,5,55.0,0,0.0,26.0
2026-06-30,North,SKU-101,Aurora Desk Lamp,web,64,42.0,0,0.0,24.0
2026-06-30,North,SKU-101,Aurora Desk Lamp,marketplace,33,42.0,1,42.0,24.0
2026-06-30,North,SKU-101,Aurora Desk Lamp,retail,16,42.0,0,0.0,24.0
2026-06-30,North,SKU-102,Nimbus Bottle,web,101,28.0,4,112.0,11.0
2026-06-30,North,SKU-102,Nimbus Bottle,marketplace,58,28.0,2,56.0,11.0
2026-06-30,North,SKU-102,Nimbus Bottle,retail,29,28.0,1,28.0,11.0
2026-06-30,North,SKU-103,Halo Phone Stand,web,139,19.0,4,76.0,7.5
2026-06-30,North,SKU-103,Halo Phone Stand,marketplace,67,19.0,4,76.0,7.5
2026-06-30,North,SKU-103,Halo Phone Stand,retail,38,19.0,1,19.0,7.5
2026-06-30,North,SKU-104,Drift Yoga Mat,web,29,55.0,2,110.0,26.0
2026-06-30,North,SKU-104,Drift Yoga Mat,marketplace,16,55.0,0,0.0,26.0
2026-06-30,North,SKU-104,Drift Yoga Mat,retail,7,55.0,0,0.0,26.0
2026-06-30,South,SKU-101,Aurora Desk Lamp,web,75,42.0,2,84.0,24.0
2026-06-30,South,SKU-101,Aurora Desk Lamp,marketplace,36,42.0,1,42.0,24.0
2026-06-30,South,SKU-101,Aurora Desk Lamp,retail,18,42.0,0,0.0,24.0
2026-06-30,South,SKU-102,Nimbus Bottle,web,128,28.0,4,112.0,11.0
2026-06-30,South,SKU-102,Nimbus Bottle,marketplace,60,28.0,2,56.0,11.0
2026-06-30,South,SKU-102,Nimbus Bottle,retail,28,28.0,1,28.0,11.0
2026-06-30,South,SKU-103,Halo Phone Stand,web,151,19.0,9,171.0,7.5
2026-06-30,South,SKU-103,Halo Phone Stand,marketplace,77,19.0,2,38.0,7.5
2026-06-30,South,SKU-103,Halo Phone Stand,retail,40,19.0,2,38.0,7.5
2026-06-30,South,SKU-104,Drift Yoga Mat,web,35,55.0,2,110.0,26.0
2026-06-30,South,SKU-104,Drift Yoga Mat,marketplace,16,55.0,1,55.0,26.0
2026-06-30,South,SKU-104,Drift Yoga Mat,retail,9,55.0,1,55.0,26.0
2026-06-30,West,SKU-101,Aurora Desk Lamp,web,44,42.0,1,42.0,24.0
2026-06-30,West,SKU-101,Aurora Desk Lamp,marketplace,24,42.0,0,0.0,24.0
2026-06-30,West,SKU-101,Aurora Desk Lamp,retail,11,42.0,0,0.0,24.0
2026-06-30,West,SKU-102,Nimbus Bottle,web,75,28.0,2,56.0,11.0
2026-06-30,West,SKU-102,Nimbus Bottle,marketplace,39,28.0,2,56.0,11.0
2026-06-30,West,SKU-102,Nimbus Bottle,retail,21,28.0,0,0.0,11.0
2026-06-30,West,SKU-103,Halo Phone Stand,web,99,19.0,5,95.0,7.5
2026-06-30,West,SKU-103,Halo Phone Stand,marketplace,50,19.0,2,38.0,7.5
2026-06-30,West,SKU-103,Halo Phone Stand,retail,24,19.0,1,19.0,7.5
2026-06-30,West,SKU-104,Drift Yoga Mat,web,21,55.0,1,55.0,26.0
2026-06-30,West,SKU-104,Drift Yoga Mat,marketplace,10,55.0,1,55.0,26.0
2026-06-30,West,SKU-104,Drift Yoga Mat,retail,5,55.0,0,0.0,26.0
2026-07-01,North,SKU-101,Aurora Desk Lamp,web,58,42.0,0,0.0,24.0
2026-07-01,North,SKU-101,Aurora Desk Lamp,marketplace,31,42.0,1,42.0,24.0
2026-07-01,North,SKU-101,Aurora Desk Lamp,retail,16,42.0,0,0.0,24.0
2026-07-01,North,SKU-102,Nimbus Bottle,web,104,28.0,4,112.0,11.0
2026-07-01,North,SKU-102,Nimbus Bottle,marketplace,55,28.0,1,28.0,11.0
2026-07-01,North,SKU-102,Nimbus Bottle,retail,28,28.0,1,28.0,11.0
2026-07-01,North,SKU-103,Halo Phone Stand,web,134,19.0,5,95.0,7.5
2026-07-01,North,SKU-103,Halo Phone Stand,marketplace,74,19.0,4,76.0,7.5
2026-07-01,North,SKU-103,Halo Phone Stand,retail,35,19.0,1,19.0,7.5
2026-07-01,North,SKU-104,Drift Yoga Mat,web,29,55.0,2,110.0,26.0
2026-07-01,North,SKU-104,Drift Yoga Mat,marketplace,14,55.0,1,55.0,26.0
2026-07-01,North,SKU-104,Drift Yoga Mat,retail,7,55.0,0,0.0,26.0
2026-07-01,South,SKU-101,Aurora Desk Lamp,web,67,42.0,1,42.0,24.0
2026-07-01,South,SKU-101,Aurora Desk Lamp,marketplace,37,42.0,1,42.0,24.0
2026-07-01,South,SKU-101,Aurora Desk Lamp,retail,18,42.0,0,0.0,24.0
2026-07-01,South,SKU-102,Nimbus Bottle,web,119,28.0,5,140.0,11.0
2026-07-01,South,SKU-102,Nimbus Bottle,marketplace,64,28.0,2,56.0,11.0
2026-07-01,South,SKU-102,Nimbus Bottle,retail,30,28.0,1,28.0,11.0
2026-07-01,South,SKU-103,Halo Phone Stand,web,148,19.0,8,152.0,7.5
2026-07-01,South,SKU-103,Halo Phone Stand,marketplace,83,19.0,4,76.0,7.5
2026-07-01,South,SKU-103,Halo Phone Stand,retail,41,19.0,0,0.0,7.5
2026-07-01,South,SKU-104,Drift Yoga Mat,web,34,55.0,3,165.0,26.0
2026-07-01,South,SKU-104,Drift Yoga Mat,marketplace,17,55.0,1,55.0,26.0
2026-07-01,South,SKU-104,Drift Yoga Mat,retail,9,55.0,0,0.0,26.0
2026-07-01,West,SKU-101,Aurora Desk Lamp,web,44,42.0,1,42.0,24.0
2026-07-01,West,SKU-101,Aurora Desk Lamp,marketplace,24,42.0,0,0.0,24.0
2026-07-01,West,SKU-101,Aurora Desk Lamp,retail,11,42.0,0,0.0,24.0
2026-07-01,West,SKU-102,Nimbus Bottle,web,74,28.0,2,56.0,11.0
2026-07-01,West,SKU-102,Nimbus Bottle,marketplace,41,28.0,1,28.0,11.0
2026-07-01,West,SKU-102,Nimbus Bottle,retail,20,28.0,0,0.0,11.0
2026-07-01,West,SKU-103,Halo Phone Stand,web,102,19.0,5,95.0,7.5
2026-07-01,West,SKU-103,Halo Phone Stand,marketplace,48,19.0,3,57.0,7.5
2026-07-01,West,SKU-103,Halo Phone Stand,retail,24,19.0,1,19.0,7.5
2026-07-01,West,SKU-104,Drift Yoga Mat,web,20,55.0,1,55.0,26.0
2026-07-01,West,SKU-104,Drift Yoga Mat,marketplace,11,55.0,0,0.0,26.0
2026-07-01,West,SKU-104,Drift Yoga Mat,retail,5,55.0,0,0.0,26.0
2026-07-02,North,SKU-101,Aurora Desk Lamp,web,70,42.0,2,84.0,24.0
2026-07-02,North,SKU-101,Aurora Desk Lamp,marketplace,35,42.0,1,42.0,24.0
2026-07-02,North,SKU-101,Aurora Desk Lamp,retail,18,42.0,0,0.0,24.0
2026-07-02,North,SKU-102,Nimbus Bottle,web,114,28.0,4,112.0,11.0
2026-07-02,North,SKU-102,Nimbus Bottle,marketplace,63,28.0,2,56.0,11.0
2026-07-02,North,SKU-102,Nimbus Bottle,retail,31,28.0,1,28.0,11.0
2026-07-02,North,SKU-103,Halo Phone Stand,web,142,19.0,7,133.0,7.5
2026-07-02,North,SKU-103,Halo Phone Stand,marketplace,85,19.0,4,76.0,7.5
2026-07-02,North,SKU-103,Halo Phone Stand,retail,42,19.0,0,0.0,7.5
2026-07-02,North,SKU-104,Drift Yoga Mat,web,33,55.0,2,110.0,26.0
2026-07-02,North,SKU-104,Drift Yoga Mat,marketplace,16,55.0,1,55.0,26.0
2026-07-02,North,SKU-104,Drift Yoga Mat,retail,8,55.0,0,0.0,26.0
2026-07-02,South,SKU-101,Aurora Desk Lamp,web,76,42.0,1,42.0,24.0
2026-07-02,South,SKU-101,Aurora Desk Lamp,marketplace,38,42.0,1,42.0,24.0
2026-07-02,South,SKU-101,Aurora Desk Lamp,retail,19,42.0,0,0.0,24.0
2026-07-02,South,SKU-102,Nimbus Bottle,web,137,28.0,7,196.0,11.0
2026-07-02,South,SKU-102,Nimbus Bottle,marketplace,66,28.0,3,84.0,11.0
2026-07-02,South,SKU-102,Nimbus Bottle,retail,33,28.0,0,0.0,11.0
2026-07-02,South,SKU-103,Halo Phone Stand,web,167,19.0,8,152.0,7.5
2026-07-02,South,SKU-103,Halo Phone Stand,marketplace,86,19.0,1,19.0,7.5
2026-07-02,South,SKU-103,Halo Phone Stand,retail,42,19.0,2,38.0,7.5
2026-07-02,South,SKU-104,Drift Yoga Mat,web,36,55.0,3,165.0,26.0
2026-07-02,South,SKU-104,Drift Yoga Mat,marketplace,19,55.0,1,55.0,26.0
2026-07-02,South,SKU-104,Drift Yoga Mat,retail,9,55.0,0,0.0,26.0
2026-07-02,West,SKU-101,Aurora Desk Lamp,web,48,42.0,1,42.0,24.0
2026-07-02,West,SKU-101,Aurora Desk Lamp,marketplace,26,42.0,0,0.0,24.0
2026-07-02,West,SKU-101,Aurora Desk Lamp,retail,12,42.0,0,0.0,24.0
2026-07-02,West,SKU-102,Nimbus Bottle,web,80,28.0,1,28.0,11.0
2026-07-02,West,SKU-102,Nimbus Bottle,marketplace,40,28.0,0,0.0,11.0
2026-07-02,West,SKU-102,Nimbus Bottle,retail,23,28.0,0,0.0,11.0
2026-07-02,West,SKU-103,Halo Phone Stand,web,106,19.0,6,114.0,7.5
2026-07-02,West,SKU-103,Halo Phone Stand,marketplace,53,19.0,2,38.0,7.5
2026-07-02,West,SKU-103,Halo Phone Stand,retail,27,19.0,1,19.0,7.5
2026-07-02,West,SKU-104,Drift Yoga Mat,web,23,55.0,2,110.0,26.0
2026-07-02,West,SKU-104,Drift Yoga Mat,marketplace,12,55.0,1,55.0,26.0
2026-07-02,West,SKU-104,Drift Yoga Mat,retail,5,55.0,0,0.0,26.0
2026-07-03,North,SKU-101,Aurora Desk Lamp,web,76,42.0,2,84.0,24.0
2026-07-03,North,SKU-101,Aurora Desk Lamp,marketplace,42,42.0,0,0.0,24.0
2026-07-03,North,SKU-101,Aurora Desk Lamp,retail,21,42.0,0,0.0,24.0
2026-07-03,North,SKU-102,Nimbus Bottle,web,128,28.0,4,112.0,11.0
2026-07-03,North,SKU-102,Nimbus Bottle,marketplace,72,28.0,3,84.0,11.0
2026-07-03,North,SKU-102,Nimbus Bottle,retail,35,28.0,1,28.0,11.0
2026-07-03,North,SKU-103,Halo Phone Stand,web,162,19.0,11,209.0,7.5
2026-07-03,North,SKU-103,Halo Phone Stand,marketplace,88,19.0,3,57.0,7.5
2026-07-03,North,SKU-103,Halo Phone Stand,retail,42,19.0,1,19.0,7.5
2026-07-03,North,SKU-104,Drift Yoga Mat,web,39,55.0,5,275.0,26.0
2026-07-03,North,SKU-104,Drift Yoga Mat,marketplace,21,55.0,0,0.0,26.0
2026-07-03,North,SKU-104,Drift Yoga Mat,retail,9,55.0,0,0.0,26.0
2026-07-03,South,SKU-101,Aurora Desk Lamp,web,86,42.0,1,42.0,24.0
2026-07-03,South,SKU-101,Aurora Desk Lamp,marketplace,48,42.0,1,42.0,24.0
2026-07-03,South,SKU-101,Aurora Desk Lamp,retail,23,42.0,0,0.0,24.0
2026-07-03,South,SKU-102,Nimbus Bottle,web,149,28.0,6,168.0,11.0
2026-07-03,South,SKU-102,Nimbus Bottle,marketplace,76,28.0,3,84.0,11.0
2026-07-03,South,SKU-102,Nimbus Bottle,retail,37,28.0,0,0.0,11.0
2026-07-03,South,SKU-103,Halo Phone Stand,web,194,19.0,8,152.0,7.5
2026-07-03,South,SKU-103,Halo Phone Stand,marketplace,111,19.0,2,38.0,7.5
2026-07-03,South,SKU-103,Halo Phone Stand,retail,50,19.0,2,38.0,7.5
2026-07-03,South,SKU-104,Drift Yoga Mat,web,42,55.0,3,165.0,26.0
2026-07-03,South,SKU-104,Drift Yoga Mat,marketplace,23,55.0,1,55.0,26.0
2026-07-03,South,SKU-104,Drift Yoga Mat,retail,10,55.0,1,55.0,26.0
2026-07-03,West,SKU-101,Aurora Desk Lamp,web,56,42.0,0,0.0,24.0
2026-07-03,West,SKU-101,Aurora Desk Lamp,marketplace,29,42.0,1,42.0,24.0
2026-07-03,West,SKU-101,Aurora Desk Lamp,retail,14,42.0,0,0.0,24.0
2026-07-03,West,SKU-102,Nimbus Bottle,web,99,28.0,4,112.0,11.0
2026-07-03,West,SKU-102,Nimbus Bottle,marketplace,50,28.0,1,28.0,11.0
2026-07-03,West,SKU-102,Nimbus Bottle,retail,24,28.0,1,28.0,11.0
2026-07-03,West,SKU-103,Halo Phone Stand,web,121,19.0,5,95.0,7.5
2026-07-03,West,SKU-103,Halo Phone Stand,marketplace,63,19.0,4,76.0,7.5
2026-07-03,West,SKU-103,Halo Phone Stand,retail,31,19.0,1,19.0,7.5
2026-07-03,West,SKU-104,Drift Yoga Mat,web,27,55.0,1,55.0,26.0
2026-07-03,West,SKU-104,Drift Yoga Mat,marketplace,13,55.0,1,55.0,26.0
2026-07-03,West,SKU-104,Drift Yoga Mat,retail,6,55.0,0,0.0,26.0
2026-07-04,North,SKU-101,Aurora Desk Lamp,web,92,42.0,3,126.0,24.0
2026-07-04,North,SKU-101,Aurora Desk Lamp,marketplace,50,42.0,1,42.0,24.0
2026-07-04,North,SKU-101,Aurora Desk Lamp,retail,23,42.0,0,0.0,24.0
2026-07-04,North,SKU-102,Nimbus Bottle,web,151,28.0,5,140.0,11.0
2026-07-04,North,SKU-102,Nimbus Bottle,marketplace,86,28.0,3,84.0,11.0
2026-07-04,North,SKU-102,Nimbus Bottle,retail,43,28.0,1,28.0,11.0
2026-07-04,North,SKU-103,Halo Phone Stand,web,194,19.0,13,247.0,7.5
2026-07-04,North,SKU-103,Halo Phone Stand,marketplace,109,19.0,5,95.0,7.5
2026-07-04,North,SKU-103,Halo Phone Stand,retail,54,19.0,2,38.0,7.5
2026-07-04,North,SKU-104,Drift Yoga Mat,web,43,55.0,3,165.0,26.0
2026-07-04,North,SKU-104,Drift Yoga Mat,marketplace,23,55.0,1,55.0,26.0
2026-07-04,North,SKU-104,Drift Yoga Mat,retail,11,55.0,0,0.0,26.0
2026-07-04,South,SKU-101,Aurora Desk Lamp,web,107,42.0,2,84.0,24.0
2026-07-04,South,SKU-101,Aurora Desk Lamp,marketplace,51,42.0,1,42.0,24.0
2026-07-04,South,SKU-101,Aurora Desk Lamp,retail,27,42.0,0,0.0,24.0
2026-07-04,South,SKU-102,Nimbus Bottle,web,169,28.0,8,224.0,11.0
2026-07-04,South,SKU-102,Nimbus Bottle,marketplace,97,28.0,6,168.0,11.0
2026-07-04,South,SKU-102,Nimbus Bottle,retail,47,28.0,1,28.0,11.0
2026-07-04,South,SKU-103,Halo Phone Stand,web,210,19.0,13,247.0,7.5
2026-07-04,South,SKU-103,Halo Phone Stand,marketplace,120,19.0,4,76.0,7.5
2026-07-04,South,SKU-103,Halo Phone Stand,retail,60,19.0,3,57.0,7.5
2026-07-04,South,SKU-104,Drift Yoga Mat,web,52,55.0,2,110.0,26.0
2026-07-04,South,SKU-104,Drift Yoga Mat,marketplace,23,55.0,2,110.0,26.0
2026-07-04,South,SKU-104,Drift Yoga Mat,retail,12,55.0,0,0.0,26.0
2026-07-04,West,SKU-101,Aurora Desk Lamp,web,67,42.0,0,0.0,24.0
2026-07-04,West,SKU-101,Aurora Desk Lamp,marketplace,33,42.0,0,0.0,24.0
2026-07-04,West,SKU-101,Aurora Desk Lamp,retail,16,42.0,0,0.0,24.0
2026-07-04,West,SKU-102,Nimbus Bottle,web,112,28.0,3,84.0,11.0
2026-07-04,West,SKU-102,Nimbus Bottle,marketplace,61,28.0,2,56.0,11.0
2026-07-04,West,SKU-102,Nimbus Bottle,retail,30,28.0,1,28.0,11.0
2026-07-04,West,SKU-103,Halo Phone Stand,web,141,19.0,5,95.0,7.5
2026-07-04,West,SKU-103,Halo Phone Stand,marketplace,83,19.0,3,57.0,7.5
2026-07-04,West,SKU-103,Halo Phone Stand,retail,40,19.0,2,38.0,7.5
2026-07-04,West,SKU-104,Drift Yoga Mat,web,31,55.0,3,165.0,26.0
2026-07-04,West,SKU-104,Drift Yoga Mat,marketplace,14,55.0,1,55.0,26.0
2026-07-04,West,SKU-104,Drift Yoga Mat,retail,8,55.0,0,0.0,26.0
2026-07-05,North,SKU-101,Aurora Desk Lamp,web,88,42.0,3,126.0,24.0
2026-07-05,North,SKU-101,Aurora Desk Lamp,marketplace,46,42.0,1,42.0,24.0
2026-07-05,North,SKU-101,Aurora Desk Lamp,retail,24,42.0,0,0.0,24.0
2026-07-05,North,SKU-102,Nimbus Bottle,web,156,28.0,8,224.0,11.0
2026-07-05,North,SKU-102,Nimbus Bottle,marketplace,72,28.0,2,56.0,11.0
2026-07-05,North,SKU-102,Nimbus Bottle,retail,36,28.0,1,28.0,11.0
2026-07-05,North,SKU-103,Halo Phone Stand,web,182,19.0,7,133.0,7.5
2026-07-05,North,SKU-103,Halo Phone Stand,marketplace,103,19.0,3,57.0,7.5
2026-07-05,North,SKU-103,Halo Phone Stand,retail,50,19.0,2,38.0,7.5
2026-07-05,North,SKU-104,Drift Yoga Mat,web,41,55.0,4,220.0,26.0
2026-07-05,North,SKU-104,Drift Yoga Mat,marketplace,22,55.0,2,110.0,26.0
2026-07-05,North,SKU-104,Drift Yoga Mat,retail,10,55.0,0,0.0,26.0
2026-07-05,South,SKU-101,Aurora Desk Lamp,web,100,42.0,1,42.0,24.0
2026-07-05,South,SKU-101,Aurora Desk Lamp,marketplace,51,42.0,1,42.0,24.0
2026-07-05,South,SKU-101,Aurora Desk Lamp,retail,25,42.0,0,0.0,24.0
2026-07-05,South,SKU-102,Nimbus Bottle,web,164,28.0,9,252.0,11.0
2026-07-05,South,SKU-102,Nimbus Bottle,marketplace,90,28.0,4,112.0,11.0
2026-07-05,South,SKU-102,Nimbus Bottle,retail,44,28.0,1,28.0,11.0
2026-07-05,South,SKU-103,Halo Phone Stand,web,204,19.0,9,171.0,7.5
2026-07-05,South,SKU-103,Halo Phone Stand,marketplace,122,19.0,8,152.0,7.5
2026-07-05,South,SKU-103,Halo Phone Stand,retail,60,19.0,3,57.0,7.5
2026-07-05,South,SKU-104,Drift Yoga Mat,web,47,55.0,3,165.0,26.0
2026-07-05,South,SKU-104,Drift Yoga Mat,marketplace,25,55.0,2,110.0,26.0
2026-07-05,South,SKU-104,Drift Yoga Mat,retail,12,55.0,1,55.0,26.0
2026-07-05,West,SKU-101,Aurora Desk Lamp,web,62,42.0,2,84.0,24.0
2026-07-05,West,SKU-101,Aurora Desk Lamp,marketplace,33,42.0,0,0.0,24.0
2026-07-05,West,SKU-101,Aurora Desk Lamp,retail,15,42.0,0,0.0,24.0
2026-07-05,West,SKU-102,Nimbus Bottle,web,101,28.0,4,112.0,11.0
2026-07-05,West,SKU-102,Nimbus Bottle,marketplace,55,28.0,2,56.0,11.0
2026-07-05,West,SKU-102,Nimbus Bottle,retail,26,28.0,0,0.0,11.0
2026-07-05,West,SKU-103,Halo Phone Stand,web,132,19.0,7,133.0,7.5
2026-07-05,West,SKU-103,Halo Phone Stand,marketplace,72,19.0,3,57.0,7.5
2026-07-05,West,SKU-103,Halo Phone Stand,retail,32,19.0,2,38.0,7.5
2026-07-05,West,SKU-104,Drift Yoga Mat,web,29,55.0,2,110.0,26.0
2026-07-05,West,SKU-104,Drift Yoga Mat,marketplace,15,55.0,1,55.0,26.0
2026-07-05,West,SKU-104,Drift Yoga Mat,retail,7,55.0,0,0.0,26.0
2026-07-06,North,SKU-101,Aurora Desk Lamp,web,63,42.0,2,84.0,24.0
2026-07-06,North,SKU-101,Aurora Desk Lamp,marketplace,35,42.0,0,0.0,24.0
2026-07-06,North,SKU-101,Aurora Desk Lamp,retail,17,42.0,0,0.0,24.0
2026-07-06,North,SKU-102,Nimbus Bottle,web,105,28.0,4,112.0,11.0
2026-07-06,North,SKU-102,Nimbus Bottle,marketplace,63,28.0,1,28.0,11.0
2026-07-06,North,SKU-102,Nimbus Bottle,retail,31,28.0,1,28.0,11.0
2026-07-06,North,SKU-103,Halo Phone Stand,web,145,19.0,8,152.0,7.5
2026-07-06,North,SKU-103,Halo Phone Stand,marketplace,74,19.0,2,38.0,7.5
2026-07-06,North,SKU-103,Halo Phone Stand,retail,39,19.0,2,38.0,7.5
2026-07-06,North,SKU-104,Drift Yoga Mat,web,30,55.0,1,55.0,26.0
2026-07-06,North,SKU-104,Drift Yoga Mat,marketplace,15,55.0,1,55.0,26.0
2026-07-06,North,SKU-104,Drift Yoga Mat,retail,8,55.0,1,55.0,26.0
2026-07-06,South,SKU-101,Aurora Desk Lamp,web,70,42.0,1,42.0,24.0
2026-07-06,South,SKU-101,Aurora Desk Lamp,marketplace,42,42.0,1,42.0,24.0
2026-07-06,South,SKU-101,Aurora Desk Lamp,retail,22,42.0,0,0.0,24.0
2026-07-06,South,SKU-102,Nimbus Bottle,web,127,28.0,5,140.0,11.0
2026-07-06,South,SKU-102,Nimbus Bottle,marketplace,67,28.0,2,56.0,11.0
2026-07-06,South,SKU-102,Nimbus Bottle,retail,35,28.0,1,28.0,11.0
2026-07-06,South,SKU-103,Halo Phone Stand,web,161,19.0,5,95.0,7.5
2026-07-06,South,SKU-103,Halo Phone Stand,marketplace,86,19.0,4,76.0,7.5
2026-07-06,South,SKU-103,Halo Phone Stand,retail,46,19.0,1,19.0,7.5
2026-07-06,South,SKU-104,Drift Yoga Mat,web,36,55.0,2,110.0,26.0
2026-07-06,South,SKU-104,Drift Yoga Mat,marketplace,17,55.0,1,55.0,26.0
2026-07-06,South,SKU-104,Drift Yoga Mat,retail,9,55.0,1,55.0,26.0
2026-07-06,West,SKU-101,Aurora Desk Lamp,web,43,42.0,0,0.0,24.0
2026-07-06,West,SKU-101,Aurora Desk Lamp,marketplace,25,42.0,0,0.0,24.0
2026-07-06,West,SKU-101,Aurora Desk Lamp,retail,12,42.0,0,0.0,24.0
2026-07-06,West,SKU-102,Nimbus Bottle,web,76,28.0,2,56.0,11.0
2026-07-06,West,SKU-102,Nimbus Bottle,marketplace,42,28.0,1,28.0,11.0
2026-07-06,West,SKU-102,Nimbus Bottle,retail,22,28.0,1,28.0,11.0
2026-07-06,West,SKU-103,Halo Phone Stand,web,103,19.0,7,133.0,7.5
2026-07-06,West,SKU-103,Halo Phone Stand,marketplace,48,19.0,3,57.0,7.5
2026-07-06,West,SKU-103,Halo Phone Stand,retail,25,19.0,1,19.0,7.5
2026-07-06,West,SKU-104,Drift Yoga Mat,web,23,55.0,1,55.0,26.0
2026-07-06,West,SKU-104,Drift Yoga Mat,marketplace,11,55.0,0,0.0,26.0
2026-07-06,West,SKU-104,Drift Yoga Mat,retail,5,55.0,0,0.0,26.0
2026-07-07,North,SKU-101,Aurora Desk Lamp,web,61,42.0,1,42.0,24.0
2026-07-07,North,SKU-101,Aurora Desk Lamp,marketplace,29,42.0,0,0.0,24.0
2026-07-07,North,SKU-101,Aurora Desk Lamp,retail,15,42.0,0,0.0,24.0
2026-07-07,North,SKU-102,Nimbus Bottle,web,106,28.0,3,84.0,11.0
2026-07-07,North,SKU-102,Nimbus Bottle,marketplace,60,28.0,3,84.0,11.0
2026-07-07,North,SKU-102,Nimbus Bottle,retail,29,28.0,0,0.0,11.0
2026-07-07,North,SKU-103,Halo Phone Stand,web,128,19.0,7,133.0,7.5
2026-07-07,North,SKU-103,Halo Phone Stand,marketplace,74,19.0,3,57.0,7.5
2026-07-07,North,SKU-103,Halo Phone Stand,retail,38,19.0,0,0.0,7.5
2026-07-07,North,SKU-104,Drift Yoga Mat,web,30,55.0,1,55.0,26.0
2026-07-07,North,SKU-104,Drift Yoga Mat,marketplace,15,55.0,0,0.0,26.0
2026-07-07,North,SKU-104,Drift Yoga Mat,retail,7,55.0,0,0.0,26.0
2026-07-07,South,SKU-101,Aurora Desk Lamp,web,72,42.0,2,84.0,24.0
2026-07-07,South,SKU-101,Aurora Desk Lamp,marketplace,39,42.0,1,42.0,24.0
2026-07-07,South,SKU-101,Aurora Desk Lamp,retail,19,42.0,0,0.0,24.0
2026-07-07,South,SKU-102,Nimbus Bottle,web,121,28.0,5,140.0,11.0
2026-07-07,South,SKU-102,Nimbus Bottle,marketplace,64,28.0,3,84.0,11.0
2026-07-07,South,SKU-102,Nimbus Bottle,retail,31,28.0,1,28.0,11.0
2026-07-07,South,SKU-103,Halo Phone Stand,web,154,19.0,8,152.0,7.5
2026-07-07,South,SKU-103,Halo Phone Stand,marketplace,95,19.0,1,19.0,7.5
2026-07-07,South,SKU-103,Halo Phone Stand,retail,43,19.0,1,19.0,7.5
2026-07-07,South,SKU-104,Drift Yoga Mat,web,34,55.0,3,165.0,26.0
2026-07-07,South,SKU-104,Drift Yoga Mat,marketplace,17,55.0,0,0.0,26.0
2026-07-07,South,SKU-104,Drift Yoga Mat,retail,9,55.0,0,0.0,26.0
2026-07-07,West,SKU-101,Aurora Desk Lamp,web,45,42.0,0,0.0,24.0
2026-07-07,West,SKU-101,Aurora Desk Lamp,marketplace,23,42.0,0,0.0,24.0
2026-07-07,West,SKU-101,Aurora Desk Lamp,retail,11,42.0,0,0.0,24.0
2026-07-07,West,SKU-102,Nimbus Bottle,web,74,28.0,3,84.0,11.0
2026-07-07,West,SKU-102,Nimbus Bottle,marketplace,37,28.0,1,28.0,11.0
2026-07-07,West,SKU-102,Nimbus Bottle,retail,20,28.0,0,0.0,11.0
2026-07-07,West,SKU-103,Halo Phone Stand,web,99,19.0,4,76.0,7.5
2026-07-07,West,SKU-103,Halo Phone Stand,marketplace,50,19.0,3,57.0,7.5
2026-07-07,West,SKU-103,Halo Phone Stand,retail,27,19.0,0,0.0,7.5
2026-07-07,West,SKU-104,Drift Yoga Mat,web,22,55.0,2,110.0,26.0
2026-07-07,West,SKU-104,Drift Yoga Mat,marketplace,10,55.0,0,0.0,26.0
2026-07-07,West,SKU-104,Drift Yoga Mat,retail,5,55.0,0,0.0,26.0
2026-07-08,North,SKU-101,Aurora Desk Lamp,web,60,42.0,2,84.0,24.0
2026-07-08,North,SKU-101,Aurora Desk Lamp,marketplace,32,42.0,1,42.0,24.0
2026-07-08,North,SKU-101,Aurora Desk Lamp,retail,15,42.0,0,0.0,24.0
2026-07-08,North,SKU-102,Nimbus Bottle,web,104,28.0,3,84.0,11.0
2026-07-08,North,SKU-102,Nimbus Bottle,marketplace,55,28.0,2,56.0,11.0
2026-07-08,North,SKU-102,Nimbus Bottle,retail,26,28.0,0,0.0,11.0
2026-07-08,North,SKU-103,Halo Phone Stand,web,127,19.0,7,133.0,7.5
2026-07-08,North,SKU-103,Halo Phone Stand,marketplace,77,19.0,4,76.0,7.5
2026-07-08,North,SKU-103,Halo Phone Stand,retail,33,19.0,2,38.0,7.5
2026-07-08,North,SKU-104,Drift Yoga Mat,web,28,55.0,3,165.0,26.0
2026-07-08,North,SKU-104,Drift Yoga Mat,marketplace,15,55.0,1,55.0,26.0
2026-07-08,North,SKU-104,Drift Yoga Mat,retail,7,55.0,0,0.0,26.0
2026-07-08,South,SKU-101,Aurora Desk Lamp,web,72,42.0,2,84.0,24.0
2026-07-08,South,SKU-101,Aurora Desk Lamp,marketplace,37,42.0,0,0.0,24.0
2026-07-08,South,SKU-101,Aurora Desk Lamp,retail,17,42.0,0,0.0,24.0
2026-07-08,South,SKU-102,Nimbus Bottle,web,116,28.0,3,84.0,11.0
2026-07-08,South,SKU-102,Nimbus Bottle,marketplace,63,28.0,2,56.0,11.0
2026-07-08,South,SKU-102,Nimbus Bottle,retail,30,28.0,1,28.0,11.0
2026-07-08,South,SKU-103,Halo Phone Stand,web,157,19.0,10,190.0,7.5
2026-07-08,South,SKU-103,Halo Phone Stand,marketplace,76,19.0,4,76.0,7.5
2026-07-08,South,SKU-103,Halo Phone Stand,retail,40,19.0,2,38.0,7.5
2026-07-08,South,SKU-104,Drift Yoga Mat,web,33,55.0,3,165.0,26.0
2026-07-08,South,SKU-104,Drift Yoga Mat,marketplace,17,55.0,2,110.0,26.0
2026-07-08,South,SKU-104,Drift Yoga Mat,retail,8,55.0,0,0.0,26.0
2026-07-08,West,SKU-101,Aurora Desk Lamp,web,44,42.0,1,42.0,24.0
2026-07-08,West,SKU-101,Aurora Desk Lamp,marketplace,21,42.0,0,0.0,24.0
2026-07-08,West,SKU-101,Aurora Desk Lamp,retail,11,42.0,0,0.0,24.0
2026-07-08,West,SKU-102,Nimbus Bottle,web,73,28.0,1,28.0,11.0
2026-07-08,West,SKU-102,Nimbus Bottle,marketplace,39,28.0,0,0.0,11.0
2026-07-08,West,SKU-102,Nimbus Bottle,retail,20,28.0,0,0.0,11.0
2026-07-08,West,SKU-103,Halo Phone Stand,web,96,19.0,4,76.0,7.5
2026-07-08,West,SKU-103,Halo Phone Stand,marketplace,48,19.0,2,38.0,7.5
2026-07-08,West,SKU-103,Halo Phone Stand,retail,24,19.0,1,19.0,7.5
2026-07-08,West,SKU-104,Drift Yoga Mat,web,21,55.0,1,55.0,26.0
2026-07-08,West,SKU-104,Drift Yoga Mat,marketplace,10,55.0,0,0.0,26.0
2026-07-08,West,SKU-104,Drift Yoga Mat,retail,5,55.0,0,0.0,26.0
2026-07-09,North,SKU-101,Aurora Desk Lamp,web,70,42.0,1,42.0,24.0
2026-07-09,North,SKU-101,Aurora Desk Lamp,marketplace,37,42.0,0,0.0,24.0
2026-07-09,North,SKU-101,Aurora Desk Lamp,retail,17,42.0,0,0.0,24.0
2026-07-09,North,SKU-102,Nimbus Bottle,web,117,28.0,3,84.0,11.0
2026-07-09,North,SKU-102,Nimbus Bottle,marketplace,63,28.0,3,84.0,11.0
2026-07-09,North,SKU-102,Nimbus Bottle,retail,30,28.0,1,28.0,11.0
2026-07-09,North,SKU-103,Halo Phone Stand,web,150,19.0,6,114.0,7.5
2026-07-09,North,SKU-103,Halo Phone Stand,marketplace,78,19.0,3,57.0,7.5
2026-07-09,North,SKU-103,Halo Phone Stand,retail,38,19.0,1,19.0,7.5
2026-07-09,North,SKU-104,Drift Yoga Mat,web,30,55.0,3,165.0,26.0
2026-07-09,North,SKU-104,Drift Yoga Mat,marketplace,16,55.0,1,55.0,26.0
2026-07-09,North,SKU-104,Drift Yoga Mat,retail,8,55.0,0,0.0,26.0
2026-07-09,North,SKU-NEW-01,Lumen Smart Mug,web,3,65.0,0,0.0,34.0
2026-07-09,North,SKU-NEW-01,Lumen Smart Mug,marketplace,1,65.0,0,0.0,34.0
2026-07-09,South,SKU-101,Aurora Desk Lamp,web,76,42.0,3,126.0,24.0
2026-07-09,South,SKU-101,Aurora Desk Lamp,marketplace,42,42.0,0,0.0,24.0
2026-07-09,South,SKU-101,Aurora Desk Lamp,retail,21,42.0,0,0.0,24.0
2026-07-09,South,SKU-102,Nimbus Bottle,web,130,28.0,5,140.0,11.0
2026-07-09,South,SKU-102,Nimbus Bottle,marketplace,70,28.0,2,56.0,11.0
2026-07-09,South,SKU-102,Nimbus Bottle,retail,38,28.0,0,0.0,11.0
2026-07-09,South,SKU-103,Halo Phone Stand,web,164,19.0,7,133.0,7.5
2026-07-09,South,SKU-103,Halo Phone Stand,marketplace,92,19.0,4,76.0,7.5
2026-07-09,South,SKU-103,Halo Phone Stand,retail,45,19.0,2,38.0,7.5
2026-07-09,South,SKU-104,Drift Yoga Mat,web,36,55.0,3,165.0,26.0
2026-07-09,South,SKU-104,Drift Yoga Mat,marketplace,19,55.0,2,110.0,26.0
2026-07-09,South,SKU-104,Drift Yoga Mat,retail,9,55.0,0,0.0,26.0
2026-07-09,South,SKU-NEW-01,Lumen Smart Mug,web,3,65.0,0,0.0,34.0
2026-07-09,South,SKU-NEW-01,Lumen Smart Mug,marketplace,1,65.0,0,0.0,34.0
2026-07-09,West,SKU-101,Aurora Desk Lamp,web,50,42.0,0,0.0,24.0
2026-07-09,West,SKU-101,Aurora Desk Lamp,marketplace,25,42.0,0,0.0,24.0
2026-07-09,West,SKU-101,Aurora Desk Lamp,retail,12,42.0,0,0.0,24.0
2026-07-09,West,SKU-102,Nimbus Bottle,web,85,28.0,2,56.0,11.0
2026-07-09,West,SKU-102,Nimbus Bottle,marketplace,43,28.0,2,56.0,11.0
2026-07-09,West,SKU-102,Nimbus Bottle,retail,24,28.0,0,0.0,11.0
2026-07-09,West,SKU-103,Halo Phone Stand,web,106,19.0,6,114.0,7.5
2026-07-09,West,SKU-103,Halo Phone Stand,marketplace,55,19.0,3,57.0,7.5
2026-07-09,West,SKU-103,Halo Phone Stand,retail,30,19.0,2,38.0,7.5
2026-07-09,West,SKU-104,Drift Yoga Mat,web,24,55.0,2,110.0,26.0
2026-07-09,West,SKU-104,Drift Yoga Mat,marketplace,12,55.0,1,55.0,26.0
2026-07-09,West,SKU-104,Drift Yoga Mat,retail,5,55.0,0,0.0,26.0
2026-07-09,West,SKU-NEW-01,Lumen Smart Mug,web,3,65.0,0,0.0,34.0
2026-07-10,North,SKU-101,Aurora Desk Lamp,web,79,42.0,2,84.0,24.0
2026-07-10,North,SKU-101,Aurora Desk Lamp,marketplace,38,42.0,1,42.0,24.0
2026-07-10,North,SKU-101,Aurora Desk Lamp,retail,19,42.0,0,0.0,24.0
2026-07-10,North,SKU-102,Nimbus Bottle,web,139,28.0,5,140.0,11.0
2026-07-10,North,SKU-102,Nimbus Bottle,marketplace,71,28.0,2,56.0,11.0
2026-07-10,North,SKU-102,Nimbus Bottle,retail,33,28.0,1,28.0,11.0
2026-07-10,North,SKU-103,Halo Phone Stand,web,163,19.0,8,152.0,7.5
2026-07-10,North,SKU-103,Halo Phone Stand,marketplace,89,19.0,2,38.0,7.5
2026-07-10,North,SKU-103,Halo Phone Stand,retail,46,19.0,2,38.0,7.5
2026-07-10,North,SKU-104,Drift Yoga Mat,web,38,55.0,4,220.0,26.0
2026-07-10,North,SKU-104,Drift Yoga Mat,marketplace,20,55.0,1,55.0,26.0
2026-07-10,North,SKU-104,Drift Yoga Mat,retail,9,55.0,1,55.0,26.0
2026-07-10,North,SKU-NEW-01,Lumen Smart Mug,web,4,65.0,0,0.0,34.0
2026-07-10,North,SKU-NEW-01,Lumen Smart Mug,marketplace,1,65.0,0,0.0,34.0
2026-07-10,South,SKU-101,Aurora Desk Lamp,web,89,42.0,1,42.0,24.0
2026-07-10,South,SKU-101,Aurora Desk Lamp,marketplace,47,42.0,1,42.0,24.0
2026-07-10,South,SKU-101,Aurora Desk Lamp,retail,22,42.0,0,0.0,24.0
2026-07-10,South,SKU-102,Nimbus Bottle,web,151,28.0,4,112.0,11.0
2026-07-10,South,SKU-102,Nimbus Bottle,marketplace,80,28.0,4,112.0,11.0
2026-07-10,South,SKU-102,Nimbus Bottle,retail,40,28.0,1,28.0,11.0
2026-07-10,South,SKU-103,Halo Phone Stand,web,186,19.0,9,171.0,7.5
2026-07-10,South,SKU-103,Halo Phone Stand,marketplace,107,19.0,3,57.0,7.5
2026-07-10,South,SKU-103,Halo Phone Stand,retail,51,19.0,2,38.0,7.5
2026-07-10,South,SKU-104,Drift Yoga Mat,web,42,55.0,4,220.0,26.0
2026-07-10,South,SKU-104,Drift Yoga Mat,marketplace,23,55.0,2,110.0,26.0
2026-07-10,South,SKU-104,Drift Yoga Mat,retail,10,55.0,1,55.0,26.0
2026-07-10,South,SKU-NEW-01,Lumen Smart Mug,web,5,65.0,0,0.0,34.0
2026-07-10,South,SKU-NEW-01,Lumen Smart Mug,marketplace,1,65.0,0,0.0,34.0
2026-07-10,West,SKU-101,Aurora Desk Lamp,web,56,42.0,1,42.0,24.0
2026-07-10,West,SKU-101,Aurora Desk Lamp,marketplace,26,42.0,0,0.0,24.0
2026-07-10,West,SKU-101,Aurora Desk Lamp,retail,14,42.0,0,0.0,24.0
2026-07-10,West,SKU-102,Nimbus Bottle,web,97,28.0,2,56.0,11.0
2026-07-10,West,SKU-102,Nimbus Bottle,marketplace,49,28.0,2,56.0,11.0
2026-07-10,West,SKU-102,Nimbus Bottle,retail,23,28.0,0,0.0,11.0
2026-07-10,West,SKU-103,Halo Phone Stand,web,124,19.0,7,133.0,7.5
2026-07-10,West,SKU-103,Halo Phone Stand,marketplace,66,19.0,3,57.0,7.5
2026-07-10,West,SKU-103,Halo Phone Stand,retail,33,19.0,1,19.0,7.5
2026-07-10,West,SKU-104,Drift Yoga Mat,web,27,55.0,1,55.0,26.0
2026-07-10,West,SKU-104,Drift Yoga Mat,marketplace,14,55.0,1,55.0,26.0
2026-07-10,West,SKU-104,Drift Yoga Mat,retail,6,55.0,0,0.0,26.0
2026-07-10,West,SKU-NEW-01,Lumen Smart Mug,web,3,65.0,0,0.0,34.0
2026-07-10,West,SKU-NEW-01,Lumen Smart Mug,marketplace,1,65.0,0,0.0,34.0
2026-07-11,North,SKU-101,Aurora Desk Lamp,web,90,42.0,4,168.0,24.0
2026-07-11,North,SKU-101,Aurora Desk Lamp,marketplace,47,42.0,1,42.0,24.0
2026-07-11,North,SKU-101,Aurora Desk Lamp,retail,22,42.0,0,0.0,24.0
2026-07-11,North,SKU-102,Nimbus Bottle,web,155,28.0,5,140.0,11.0
2026-07-11,North,SKU-102,Nimbus Bottle,marketplace,87,28.0,3,84.0,11.0
2026-07-11,North,SKU-102,Nimbus Bottle,retail,39,28.0,1,28.0,11.0
2026-07-11,North,SKU-103,Halo Phone Stand,web,198,19.0,11,209.0,7.5
2026-07-11,North,SKU-103,Halo Phone Stand,marketplace,113,19.0,4,76.0,7.5
2026-07-11,North,SKU-103,Halo Phone Stand,retail,50,19.0,2,38.0,7.5
2026-07-11,North,SKU-104,Drift Yoga Mat,web,44,55.0,3,165.0,26.0
2026-07-11,North,SKU-104,Drift Yoga Mat,marketplace,22,55.0,2,110.0,26.0
2026-07-11,North,SKU-104,Drift Yoga Mat,retail,11,55.0,0,0.0,26.0
2026-07-11,North,SKU-NEW-01,Lumen Smart Mug,web,4,65.0,0,0.0,34.0
2026-07-11,North,SKU-NEW-01,Lumen Smart Mug,marketplace,2,65.0,0,0.0,34.0
2026-07-11,North,SKU-NEW-01,Lumen Smart Mug,retail,1,65.0,0,0.0,34.0
2026-07-11,South,SKU-101,Aurora Desk Lamp,web,99,42.0,2,84.0,24.0
2026-07-11,South,SKU-101,Aurora Desk Lamp,marketplace,56,42.0,1,42.0,24.0
2026-07-11,South,SKU-101,Aurora Desk Lamp,retail,28,42.0,0,0.0,24.0
2026-07-11,South,SKU-102,Nimbus Bottle,web,175,28.0,6,168.0,11.0
2026-07-11,South,SKU-102,Nimbus Bottle,marketplace,98,28.0,4,112.0,11.0
2026-07-11,South,SKU-102,Nimbus Bottle,retail,45,28.0,2,56.0,11.0
2026-07-11,South,SKU-103,Halo Phone Stand,web,226,19.0,9,171.0,7.5
2026-07-11,South,SKU-103,Halo Phone Stand,marketplace,117,19.0,7,133.0,7.5
2026-07-11,South,SKU-103,Halo Phone Stand,retail,59,19.0,1,19.0,7.5
2026-07-11,South,SKU-104,Drift Yoga Mat,web,48,55.0,5,275.0,26.0
2026-07-11,South,SKU-104,Drift Yoga Mat,marketplace,26,55.0,1,55.0,26.0
2026-07-11,South,SKU-104,Drift Yoga Mat,retail,13,55.0,0,0.0,26.0
2026-07-11,South,SKU-NEW-01,Lumen Smart Mug,web,5,65.0,0,0.0,34.0
2026-07-11,South,SKU-NEW-01,Lumen Smart Mug,marketplace,2,65.0,0,0.0,34.0
2026-07-11,South,SKU-NEW-01,Lumen Smart Mug,retail,1,65.0,0,0.0,34.0
2026-07-11,West,SKU-101,Aurora Desk Lamp,web,63,42.0,2,84.0,24.0
2026-07-11,West,SKU-101,Aurora Desk Lamp,marketplace,35,42.0,0,0.0,24.0
2026-07-11,West,SKU-101,Aurora Desk Lamp,retail,15,42.0,0,0.0,24.0
2026-07-11,West,SKU-102,Nimbus Bottle,web,110,28.0,4,112.0,11.0
2026-07-11,West,SKU-102,Nimbus Bottle,marketplace,56,28.0,3,84.0,11.0
2026-07-11,West,SKU-102,Nimbus Bottle,retail,30,28.0,1,28.0,11.0
2026-07-11,West,SKU-103,Halo Phone Stand,web,147,19.0,3,57.0,7.5
2026-07-11,West,SKU-103,Halo Phone Stand,marketplace,81,19.0,2,38.0,7.5
2026-07-11,West,SKU-103,Halo Phone Stand,retail,37,19.0,2,38.0,7.5
2026-07-11,West,SKU-104,Drift Yoga Mat,web,30,55.0,2,110.0,26.0
2026-07-11,West,SKU-104,Drift Yoga Mat,marketplace,16,55.0,1,55.0,26.0
2026-07-11,West,SKU-104,Drift Yoga Mat,retail,8,55.0,0,0.0,26.0
2026-07-11,West,SKU-NEW-01,Lumen Smart Mug,web,4,65.0,0,0.0,34.0
2026-07-11,West,SKU-NEW-01,Lumen Smart Mug,marketplace,1,65.0,0,0.0,34.0
2026-07-12,North,SKU-101,Aurora Desk Lamp,web,85,42.0,1,42.0,24.0
2026-07-12,North,SKU-101,Aurora Desk Lamp,marketplace,48,42.0,1,42.0,24.0
2026-07-12,North,SKU-101,Aurora Desk Lamp,retail,24,42.0,0,0.0,24.0
2026-07-12,North,SKU-102,Nimbus Bottle,web,152,28.0,5,140.0,11.0
2026-07-12,North,SKU-102,Nimbus Bottle,marketplace,79,28.0,3,84.0,11.0
2026-07-12,North,SKU-102,Nimbus Bottle,retail,39,28.0,1,28.0,11.0
2026-07-12,North,SKU-103,Halo Phone Stand,web,186,19.0,8,152.0,7.5
2026-07-12,North,SKU-103,Halo Phone Stand,marketplace,104,19.0,3,57.0,7.5
2026-07-12,North,SKU-103,Halo Phone Stand,retail,50,19.0,2,38.0,7.5
2026-07-12,North,SKU-104,Drift Yoga Mat,web,40,55.0,4,220.0,26.0
2026-07-12,North,SKU-104,Drift Yoga Mat,marketplace,21,55.0,1,55.0,26.0
2026-07-12,North,SKU-104,Drift Yoga Mat,retail,10,55.0,1,55.0,26.0
2026-07-12,North,SKU-NEW-01,Lumen Smart Mug,web,5,65.0,0,0.0,34.0
2026-07-12,North,SKU-NEW-01,Lumen Smart Mug,marketplace,2,65.0,0,0.0,34.0
2026-07-12,North,SKU-NEW-01,Lumen Smart Mug,retail,1,65.0,0,0.0,34.0
2026-07-12,South,SKU-101,Aurora Desk Lamp,web,96,42.0,1,42.0,24.0
2026-07-12,South,SKU-101,Aurora Desk Lamp,marketplace,56,42.0,1,42.0,24.0
2026-07-12,South,SKU-101,Aurora Desk Lamp,retail,26,42.0,1,42.0,24.0
2026-07-12,South,SKU-102,Nimbus Bottle,web,167,28.0,7,196.0,11.0
2026-07-12,South,SKU-102,Nimbus Bottle,marketplace,95,28.0,4,112.0,11.0
2026-07-12,South,SKU-102,Nimbus Bottle,retail,47,28.0,2,56.0,11.0
2026-07-12,South,SKU-103,Halo Phone Stand,web,213,19.0,12,228.0,7.5
2026-07-12,South,SKU-103,Halo Phone Stand,marketplace,114,19.0,6,114.0,7.5
2026-07-12,South,SKU-103,Halo Phone Stand,retail,55,19.0,2,38.0,7.5
2026-07-12,South,SKU-104,Drift Yoga Mat,web,47,55.0,4,220.0,26.0
2026-07-12,South,SKU-104,Drift Yoga Mat,marketplace,24,55.0,2,110.0,26.0
2026-07-12,South,SKU-104,Drift Yoga Mat,retail,12,55.0,0,0.0,26.0
2026-07-12,South,SKU-NEW-01,Lumen Smart Mug,web,6,65.0,0,0.0,34.0
2026-07-12,South,SKU-NEW-01,Lumen Smart Mug,marketplace,2,65.0,0,0.0,34.0
2026-07-12,South,SKU-NEW-01,Lumen Smart Mug,retail,1,65.0,0,0.0,34.0
2026-07-12,West,SKU-101,Aurora Desk Lamp,web,60,42.0,1,42.0,24.0
2026-07-12,West,SKU-101,Aurora Desk Lamp,marketplace,33,42.0,1,42.0,24.0
2026-07-12,West,SKU-101,Aurora Desk Lamp,retail,16,42.0,0,0.0,24.0
2026-07-12,West,SKU-102,Nimbus Bottle,web,100,28.0,4,112.0,11.0
2026-07-12,West,SKU-102,Nimbus Bottle,marketplace,56,28.0,2,56.0,11.0
2026-07-12,West,SKU-102,Nimbus Bottle,retail,29,28.0,0,0.0,11.0
2026-07-12,West,SKU-103,Halo Phone Stand,web,135,19.0,3,57.0,7.5
2026-07-12,West,SKU-103,Halo Phone Stand,marketplace,76,19.0,4,76.0,7.5
2026-07-12,West,SKU-103,Halo Phone Stand,retail,38,19.0,1,19.0,7.5
2026-07-12,West,SKU-104,Drift Yoga Mat,web,29,55.0,3,165.0,26.0
2026-07-12,West,SKU-104,Drift Yoga Mat,marketplace,15,55.0,1,55.0,26.0
2026-07-12,West,SKU-104,Drift Yoga Mat,retail,8,55.0,0,0.0,26.0
2026-07-12,West,SKU-NEW-01,Lumen Smart Mug,web,4,65.0,0,0.0,34.0
2026-07-12,West,SKU-NEW-01,Lumen Smart Mug,marketplace,1,65.0,0,0.0,34.0
2026-07-13,North,SKU-101,Aurora Desk Lamp,web,64,42.0,2,84.0,24.0
2026-07-13,North,SKU-101,Aurora Desk Lamp,marketplace,35,42.0,0,0.0,24.0
2026-07-13,North,SKU-101,Aurora Desk Lamp,retail,18,42.0,0,0.0,24.0
2026-07-13,North,SKU-102,Nimbus Bottle,web,106,28.0,5,140.0,11.0
2026-07-13,North,SKU-102,Nimbus Bottle,marketplace,65,28.0,2,56.0,11.0
2026-07-13,North,SKU-102,Nimbus Bottle,retail,30,28.0,1,28.0,11.0
2026-07-13,North,SKU-103,Halo Phone Stand,web,144,19.0,7,133.0,7.5
2026-07-13,North,SKU-103,Halo Phone Stand,marketplace,79,19.0,5,95.0,7.5
2026-07-13,North,SKU-103,Halo Phone Stand,retail,41,19.0,1,19.0,7.5
2026-07-13,North,SKU-104,Drift Yoga Mat,web,30,55.0,2,110.0,26.0
2026-07-13,North,SKU-104,Drift Yoga Mat,marketplace,15,55.0,1,55.0,26.0
2026-07-13,North,SKU-104,Drift Yoga Mat,retail,7,55.0,0,0.0,26.0
2026-07-13,North,SKU-NEW-01,Lumen Smart Mug,web,5,65.0,0,0.0,34.0
2026-07-13,North,SKU-NEW-01,Lumen Smart Mug,marketplace,1,65.0,0,0.0,34.0
2026-07-13,South,SKU-101,Aurora Desk Lamp,web,72,42.0,3,126.0,24.0
2026-07-13,South,SKU-101,Aurora Desk Lamp,marketplace,39,42.0,0,0.0,24.0
2026-07-13,South,SKU-101,Aurora Desk Lamp,retail,18,42.0,0,0.0,24.0
2026-07-13,South,SKU-102,Nimbus Bottle,web,127,28.0,4,112.0,11.0
2026-07-13,South,SKU-102,Nimbus Bottle,marketplace,66,28.0,2,56.0,11.0
2026-07-13,South,SKU-102,Nimbus Bottle,retail,34,28.0,1,28.0,11.0
2026-07-13,South,SKU-103,Halo Phone Stand,web,158,19.0,8,152.0,7.5
2026-07-13,South,SKU-103,Halo Phone Stand,marketplace,80,19.0,2,38.0,7.5
2026-07-13,South,SKU-103,Halo Phone Stand,retail,42,19.0,2,38.0,7.5
2026-07-13,South,SKU-104,Drift Yoga Mat,web,37,55.0,2,110.0,26.0
2026-07-13,South,SKU-104,Drift Yoga Mat,marketplace,16,55.0,1,55.0,26.0
2026-07-13,South,SKU-104,Drift Yoga Mat,retail,8,55.0,0,0.0,26.0
2026-07-13,South,SKU-NEW-01,Lumen Smart Mug,web,5,65.0,0,0.0,34.0
2026-07-13,South,SKU-NEW-01,Lumen Smart Mug,marketplace,2,65.0,0,0.0,34.0
2026-07-13,South,SKU-NEW-01,Lumen Smart Mug,retail,1,65.0,0,0.0,34.0
2026-07-13,West,SKU-101,Aurora Desk Lamp,web,48,42.0,0,0.0,24.0
2026-07-13,West,SKU-101,Aurora Desk Lamp,marketplace,24,42.0,0,0.0,24.0
2026-07-13,West,SKU-101,Aurora Desk Lamp,retail,11,42.0,0,0.0,24.0
2026-07-13,West,SKU-102,Nimbus Bottle,web,76,28.0,2,56.0,11.0
2026-07-13,West,SKU-102,Nimbus Bottle,marketplace,42,28.0,1,28.0,11.0
2026-07-13,West,SKU-102,Nimbus Bottle,retail,21,28.0,0,0.0,11.0
2026-07-13,West,SKU-103,Halo Phone Stand,web,103,19.0,4,76.0,7.5
2026-07-13,West,SKU-103,Halo Phone Stand,marketplace,51,19.0,3,57.0,7.5
2026-07-13,West,SKU-103,Halo Phone Stand,retail,25,19.0,1,19.0,7.5
2026-07-13,West,SKU-104,Drift Yoga Mat,web,23,55.0,2,110.0,26.0
2026-07-13,West,SKU-104,Drift Yoga Mat,marketplace,11,55.0,0,0.0,26.0
2026-07-13,West,SKU-104,Drift Yoga Mat,retail,5,55.0,0,0.0,26.0
2026-07-13,West,SKU-NEW-01,Lumen Smart Mug,web,4,65.0,0,0.0,34.0
2026-07-13,West,SKU-NEW-01,Lumen Smart Mug,marketplace,1,65.0,0,0.0,34.0
2026-07-14,North,SKU-101,Aurora Desk Lamp,web,63,42.0,1,42.0,24.0
2026-07-14,North,SKU-101,Aurora Desk Lamp,marketplace,33,42.0,1,42.0,24.0
2026-07-14,North,SKU-101,Aurora Desk Lamp,retail,15,42.0,0,0.0,24.0
2026-07-14,North,SKU-102,Nimbus Bottle,web,103,28.0,2,56.0,11.0
2026-07-14,North,SKU-102,Nimbus Bottle,marketplace,57,28.0,1,28.0,11.0
2026-07-14,North,SKU-102,Nimbus Bottle,retail,28,28.0,1,28.0,11.0
2026-07-14,North,SKU-103,Halo Phone Stand,web,130,19.0,7,133.0,7.5
2026-07-14,North,SKU-103,Halo Phone Stand,marketplace,80,19.0,7,133.0,7.5
2026-07-14,North,SKU-103,Halo Phone Stand,retail,35,19.0,1,19.0,7.5
2026-07-14,North,SKU-104,Drift Yoga Mat,web,28,55.0,2,110.0,26.0
2026-07-14,North,SKU-104,Drift Yoga Mat,marketplace,15,55.0,1,55.0,26.0
2026-07-14,North,SKU-104,Drift Yoga Mat,retail,7,55.0,0,0.0,26.0
2026-07-14,North,SKU-NEW-01,Lumen Smart Mug,web,4,65.0,0,0.0,34.0
2026-07-14,North,SKU-NEW-01,Lumen Smart Mug,marketplace,2,65.0,0,0.0,34.0
2026-07-14,North,SKU-NEW-01,Lumen Smart Mug,retail,1,65.0,0,0.0,34.0
2026-07-14,South,SKU-101,Aurora Desk Lamp,web,70,42.0,2,84.0,24.0
2026-07-14,South,SKU-101,Aurora Desk Lamp,marketplace,35,42.0,0,0.0,24.0
2026-07-14,South,SKU-101,Aurora Desk Lamp,retail,19,42.0,0,0.0,24.0
2026-07-14,South,SKU-102,Nimbus Bottle,web,122,28.0,4,112.0,11.0
2026-07-14,South,SKU-102,Nimbus Bottle,marketplace,63,28.0,2,56.0,11.0
2026-07-14,South,SKU-102,Nimbus Bottle,retail,32,28.0,1,28.0,11.0
2026-07-14,South,SKU-103,Halo Phone Stand,web,155,19.0,6,114.0,7.5
2026-07-14,South,SKU-103,Halo Phone Stand,marketplace,80,19.0,4,76.0,7.5
2026-07-14,South,SKU-103,Halo Phone Stand,retail,42,19.0,2,38.0,7.5
2026-07-14,South,SKU-104,Drift Yoga Mat,web,33,55.0,3,165.0,26.0
2026-07-14,South,SKU-104,Drift Yoga Mat,marketplace,16,55.0,1,55.0,26.0
2026-07-14,South,SKU-104,Drift Yoga Mat,retail,9,55.0,0,0.0,26.0
2026-07-14,South,SKU-NEW-01,Lumen Smart Mug,web,5,65.0,0,0.0,34.0
2026-07-14,South,SKU-NEW-01,Lumen Smart Mug,marketplace,2,65.0,0,0.0,34.0
2026-07-14,South,SKU-NEW-01,Lumen Smart Mug,retail,1,65.0,0,0.0,34.0
2026-07-14,West,SKU-101,Aurora Desk Lamp,web,44,42.0,1,42.0,24.0
2026-07-14,West,SKU-101,Aurora Desk Lamp,marketplace,24,42.0,0,0.0,24.0
2026-07-14,West,SKU-101,Aurora Desk Lamp,retail,11,42.0,0,0.0,24.0
2026-07-14,West,SKU-102,Nimbus Bottle,web,75,28.0,1,28.0,11.0
2026-07-14,West,SKU-102,Nimbus Bottle,marketplace,41,28.0,1,28.0,11.0
2026-07-14,West,SKU-102,Nimbus Bottle,retail,21,28.0,0,0.0,11.0
2026-07-14,West,SKU-103,Halo Phone Stand,web,98,19.0,3,57.0,7.5
2026-07-14,West,SKU-103,Halo Phone Stand,marketplace,54,19.0,2,38.0,7.5
2026-07-14,West,SKU-103,Halo Phone Stand,retail,27,19.0,1,19.0,7.5
2026-07-14,West,SKU-104,Drift Yoga Mat,web,22,55.0,1,55.0,26.0
2026-07-14,West,SKU-104,Drift Yoga Mat,marketplace,10,55.0,0,0.0,26.0
2026-07-14,West,SKU-104,Drift Yoga Mat,retail,5,55.0,0,0.0,26.0
2026-07-14,West,SKU-NEW-01,Lumen Smart Mug,web,4,65.0,0,0.0,34.0
2026-07-14,West,SKU-NEW-01,Lumen Smart Mug,marketplace,1,65.0,0,0.0,34.0
2026-07-15,North,SKU-101,Aurora Desk Lamp,web,62,42.0,2,84.0,24.0
2026-07-15,North,SKU-101,Aurora Desk Lamp,marketplace,32,42.0,0,0.0,24.0
2026-07-15,North,SKU-101,Aurora Desk Lamp,retail,16,42.0,0,0.0,24.0
2026-07-15,North,SKU-102,Nimbus Bottle,web,102,28.0,2,56.0,11.0
2026-07-15,North,SKU-102,Nimbus Bottle,marketplace,58,28.0,3,84.0,11.0
2026-07-15,North,SKU-102,Nimbus Bottle,retail,24,28.0,1,28.0,11.0
2026-07-15,North,SKU-103,Halo Phone Stand,web,135,19.0,5,95.0,7.5
2026-07-15,North,SKU-103,Halo Phone Stand,marketplace,69,19.0,2,38.0,7.5
2026-07-15,North,SKU-103,Halo Phone Stand,retail,39,19.0,1,19.0,7.5
2026-07-15,North,SKU-104,Drift Yoga Mat,web,29,55.0,2,110.0,26.0
2026-07-15,North,SKU-104,Drift Yoga Mat,marketplace,14,55.0,1,55.0,26.0
2026-07-15,North,SKU-104,Drift Yoga Mat,retail,8,55.0,0,0.0,26.0
2026-07-15,North,SKU-NEW-01,Lumen Smart Mug,web,5,65.0,0,0.0,34.0
2026-07-15,North,SKU-NEW-01,Lumen Smart Mug,marketplace,2,65.0,0,0.0,34.0
2026-07-15,North,SKU-NEW-01,Lumen Smart Mug,retail,1,65.0,0,0.0,34.0
2026-07-15,South,SKU-101,Aurora Desk Lamp,web,68,42.0,1,42.0,24.0
2026-07-15,South,SKU-101,Aurora Desk Lamp,marketplace,39,42.0,1,42.0,24.0
2026-07-15,South,SKU-101,Aurora Desk Lamp,retail,19,42.0,0,0.0,24.0
2026-07-15,South,SKU-102,Nimbus Bottle,web,116,28.0,4,112.0,11.0
2026-07-15,South,SKU-102,Nimbus Bottle,marketplace,64,28.0,2,56.0,11.0
2026-07-15,South,SKU-102,Nimbus Bottle,retail,34,28.0,1,28.0,11.0
2026-07-15,South,SKU-103,Halo Phone Stand,web,149,19.0,4,76.0,7.5
2026-07-15,South,SKU-103,Halo Phone Stand,marketplace,83,19.0,3,57.0,7.5
2026-07-15,South,SKU-103,Halo Phone Stand,retail,42,19.0,1,19.0,7.5
2026-07-15,South,SKU-104,Drift Yoga Mat,web,32,55.0,3,165.0,26.0
2026-07-15,South,SKU-104,Drift Yoga Mat,marketplace,17,55.0,1,55.0,26.0
2026-07-15,South,SKU-104,Drift Yoga Mat,retail,8,55.0,0,0.0,26.0
2026-07-15,South,SKU-NEW-01,Lumen Smart Mug,web,5,65.0,0,0.0,34.0
2026-07-15,South,SKU-NEW-01,Lumen Smart Mug,marketplace,2,65.0,0,0.0,34.0
2026-07-15,South,SKU-NEW-01,Lumen Smart Mug,retail,1,65.0,0,0.0,34.0
2026-07-15,West,SKU-101,Aurora Desk Lamp,web,45,42.0,1,42.0,24.0
2026-07-15,West,SKU-101,Aurora Desk Lamp,marketplace,23,42.0,0,0.0,24.0
2026-07-15,West,SKU-101,Aurora Desk Lamp,retail,12,42.0,0,0.0,24.0
2026-07-15,West,SKU-102,Nimbus Bottle,web,77,28.0,3,84.0,11.0
2026-07-15,West,SKU-102,Nimbus Bottle,marketplace,41,28.0,1,28.0,11.0
2026-07-15,West,SKU-102,Nimbus Bottle,retail,18,28.0,0,0.0,11.0
2026-07-15,West,SKU-103,Halo Phone Stand,web,96,19.0,4,76.0,7.5
2026-07-15,West,SKU-103,Halo Phone Stand,marketplace,53,19.0,3,57.0,7.5
2026-07-15,West,SKU-103,Halo Phone Stand,retail,25,19.0,1,19.0,7.5
2026-07-15,West,SKU-104,Drift Yoga Mat,web,21,55.0,1,55.0,26.0
2026-07-15,West,SKU-104,Drift Yoga Mat,marketplace,11,55.0,0,0.0,26.0
2026-07-15,West,SKU-104,Drift Yoga Mat,retail,5,55.0,0,0.0,26.0
2026-07-15,West,SKU-NEW-01,Lumen Smart Mug,web,4,65.0,0,0.0,34.0
2026-07-15,West,SKU-NEW-01,Lumen Smart Mug,marketplace,1,65.0,0,0.0,34.0
2026-07-15,West,SKU-NEW-01,Lumen Smart Mug,retail,1,65.0,0,0.0,34.0
2026-07-16,North,SKU-101,Aurora Desk Lamp,web,66,42.0,2,84.0,24.0
2026-07-16,North,SKU-101,Aurora Desk Lamp,marketplace,36,42.0,0,0.0,24.0
2026-07-16,North,SKU-101,Aurora Desk Lamp,retail,18,42.0,0,0.0,24.0
2026-07-16,North,SKU-102,Nimbus Bottle,web,112,28.0,3,84.0,11.0
2026-07-16,North,SKU-102,Nimbus Bottle,marketplace,62,28.0,0,0.0,11.0
2026-07-16,North,SKU-102,Nimbus Bottle,retail,30,28.0,0,0.0,11.0
2026-07-16,North,SKU-103,Halo Phone Stand,web,148,19.0,7,133.0,7.5
2026-07-16,North,SKU-103,Halo Phone Stand,marketplace,76,19.0,1,19.0,7.5
2026-07-16,North,SKU-103,Halo Phone Stand,retail,41,19.0,1,19.0,7.5
2026-07-16,North,SKU-104,Drift Yoga Mat,web,30,55.0,3,165.0,26.0
2026-07-16,North,SKU-104,Drift Yoga Mat,marketplace,18,55.0,1,55.0,26.0
2026-07-16,North,SKU-104,Drift Yoga Mat,retail,8,55.0,0,0.0,26.0
2026-07-16,North,SKU-NEW-01,Lumen Smart Mug,web,6,65.0,0,0.0,34.0
2026-07-16,North,SKU-NEW-01,Lumen Smart Mug,marketplace,2,65.0,0,0.0,34.0
2026-07-16,North,SKU-NEW-01,Lumen Smart Mug,retail,1,65.0,0,0.0,34.0
2026-07-16,South,SKU-101,Aurora Desk Lamp,web,76,42.0,2,84.0,24.0
2026-07-16,South,SKU-101,Aurora Desk Lamp,marketplace,40,42.0,1,42.0,24.0
2026-07-16,South,SKU-101,Aurora Desk Lamp,retail,20,42.0,0,0.0,24.0
2026-07-16,South,SKU-102,Nimbus Bottle,web,130,28.0,7,196.0,11.0
2026-07-16,South,SKU-102,Nimbus Bottle,marketplace,68,28.0,3,84.0,11.0
2026-07-16,South,SKU-102,Nimbus Bottle,retail,35,28.0,1,28.0,11.0
2026-07-16,South,SKU-103,Halo Phone Stand,web,173,19.0,9,171.0,7.5
2026-07-16,South,SKU-103,Halo Phone Stand,marketplace,84,19.0,4,76.0,7.5
2026-07-16,South,SKU-103,Halo Phone Stand,retail,45,19.0,1,19.0,7.5
2026-07-16,South,SKU-104,Drift Yoga Mat,web,39,55.0,3,165.0,26.0
2026-07-16,South,SKU-104,Drift Yoga Mat,marketplace,17,55.0,1,55.0,26.0
2026-07-16,South,SKU-104,Drift Yoga Mat,retail,9,55.0,0,0.0,26.0
2026-07-16,South,SKU-NEW-01,Lumen Smart Mug,web,6,65.0,0,0.0,34.0
2026-07-16,South,SKU-NEW-01,Lumen Smart Mug,marketplace,3,65.0,0,0.0,34.0
2026-07-16,South,SKU-NEW-01,Lumen Smart Mug,retail,1,65.0,0,0.0,34.0
2026-07-16,West,SKU-101,Aurora Desk Lamp,web,49,42.0,2,84.0,24.0
2026-07-16,West,SKU-101,Aurora Desk Lamp,marketplace,27,42.0,0,0.0,24.0
2026-07-16,West,SKU-101,Aurora Desk Lamp,retail,12,42.0,0,0.0,24.0
2026-07-16,West,SKU-102,Nimbus Bottle,web,87,28.0,2,56.0,11.0
2026-07-16,West,SKU-102,Nimbus Bottle,marketplace,39,28.0,1,28.0,11.0
2026-07-16,West,SKU-102,Nimbus Bottle,retail,22,28.0,0,0.0,11.0
2026-07-16,West,SKU-103,Halo Phone Stand,web,97,19.0,3,57.0,7.5
2026-07-16,West,SKU-103,Halo Phone Stand,marketplace,59,19.0,2,38.0,7.5
2026-07-16,West,SKU-103,Halo Phone Stand,retail,27,19.0,1,19.0,7.5
2026-07-16,West,SKU-104,Drift Yoga Mat,web,23,55.0,1,55.0,26.0
2026-07-16,West,SKU-104,Drift Yoga Mat,marketplace,12,55.0,0,0.0,26.0
2026-07-16,West,SKU-104,Drift Yoga Mat,retail,6,55.0,0,0.0,26.0
2026-07-16,West,SKU-NEW-01,Lumen Smart Mug,web,5,65.0,0,0.0,34.0
2026-07-16,West,SKU-NEW-01,Lumen Smart Mug,marketplace,1,65.0,0,0.0,34.0
2026-07-17,North,SKU-101,Aurora Desk Lamp,web,75,42.0,2,84.0,24.0
2026-07-17,North,SKU-101,Aurora Desk Lamp,marketplace,40,42.0,0,0.0,24.0
2026-07-17,North,SKU-101,Aurora Desk Lamp,retail,22,42.0,0,0.0,24.0
2026-07-17,North,SKU-102,Nimbus Bottle,web,134,28.0,5,140.0,11.0
2026-07-17,North,SKU-102,Nimbus Bottle,marketplace,73,28.0,2,56.0,11.0
2026-07-17,North,SKU-102,Nimbus Bottle,retail,35,28.0,1,28.0,11.0
2026-07-17,North,SKU-103,Halo Phone Stand,web,162,19.0,9,171.0,7.5
2026-07-17,North,SKU-103,Halo Phone Stand,marketplace,95,19.0,3,57.0,7.5
2026-07-17,North,SKU-103,Halo Phone Stand,retail,48,19.0,2,38.0,7.5
2026-07-17,North,SKU-104,Drift Yoga Mat,web,35,55.0,4,220.0,26.0
2026-07-17,North,SKU-104,Drift Yoga Mat,marketplace,18,55.0,1,55.0,26.0
2026-07-17,North,SKU-104,Drift Yoga Mat,retail,9,55.0,0,0.0,26.0
2026-07-17,North,SKU-NEW-01,Lumen Smart Mug,web,7,65.0,0,0.0,34.0
2026-07-17,North,SKU-NEW-01,Lumen Smart Mug,marketplace,3,65.0,0,0.0,34.0
2026-07-17,North,SKU-NEW-01,Lumen Smart Mug,retail,1,65.0,0,0.0,34.0
2026-07-17,South,SKU-101,Aurora Desk Lamp,web,66,42.0,1,42.0,24.0
2026-07-17,South,SKU-101,Aurora Desk Lamp,marketplace,34,42.0,0,0.0,24.0
2026-07-17,South,SKU-101,Aurora Desk Lamp,retail,18,42.0,0,0.0,24.0
2026-07-17,South,SKU-102,Nimbus Bottle,web,117,28.0,3,84.0,11.0
2026-07-17,South,SKU-102,Nimbus Bottle,marketplace,63,28.0,3,84.0,11.0
2026-07-17,South,SKU-102,Nimbus Bottle,retail,28,28.0,1,28.0,11.0
2026-07-17,South,SKU-103,Halo Phone Stand,web,146,19.0,7,133.0,7.5
2026-07-17,South,SKU-103,Halo Phone Stand,marketplace,83,19.0,4,76.0,7.5
2026-07-17,South,SKU-103,Halo Phone Stand,retail,39,19.0,1,19.0,7.5
2026-07-17,South,SKU-104,Drift Yoga Mat,web,31,55.0,2,110.0,26.0
2026-07-17,South,SKU-104,Drift Yoga Mat,marketplace,16,55.0,0,0.0,26.0
2026-07-17,South,SKU-104,Drift Yoga Mat,retail,7,55.0,0,0.0,26.0
2026-07-17,South,SKU-NEW-01,Lumen Smart Mug,web,6,65.0,0,0.0,34.0
2026-07-17,South,SKU-NEW-01,Lumen Smart Mug,marketplace,3,65.0,0,0.0,34.0
2026-07-17,South,SKU-NEW-01,Lumen Smart Mug,retail,0,65.0,0,0.0,34.0
2026-07-17,West,SKU-101,Aurora Desk Lamp,web,54,42.0,0,0.0,24.0
2026-07-17,West,SKU-101,Aurora Desk Lamp,marketplace,31,42.0,1,42.0,24.0
2026-07-17,West,SKU-101,Aurora Desk Lamp,retail,15,42.0,0,0.0,24.0
2026-07-17,West,SKU-102,Nimbus Bottle,web,95,28.0,4,112.0,11.0
2026-07-17,West,SKU-102,Nimbus Bottle,marketplace,53,28.0,2,56.0,11.0
2026-07-17,West,SKU-102,Nimbus Bottle,retail,24,28.0,0,0.0,11.0
2026-07-17,West,SKU-103,Halo Phone Stand,web,128,19.0,4,76.0,7.5
2026-07-17,West,SKU-103,Halo Phone Stand,marketplace,64,19.0,3,57.0,7.5
2026-07-17,West,SKU-103,Halo Phone Stand,retail,33,19.0,1,19.0,7.5
2026-07-17,West,SKU-104,Drift Yoga Mat,web,26,55.0,2,110.0,26.0
2026-07-17,West,SKU-104,Drift Yoga Mat,marketplace,14,55.0,1,55.0,26.0
2026-07-17,West,SKU-104,Drift Yoga Mat,retail,7,55.0,0,0.0,26.0
2026-07-17,West,SKU-NEW-01,Lumen Smart Mug,web,5,65.0,0,0.0,34.0
2026-07-17,West,SKU-NEW-01,Lumen Smart Mug,marketplace,2,65.0,0,0.0,34.0
2026-07-17,West,SKU-NEW-01,Lumen Smart Mug,retail,1,65.0,0,0.0,34.0
2026-07-18,North,SKU-101,Aurora Desk Lamp,web,90,42.0,2,84.0,24.0
2026-07-18,North,SKU-101,Aurora Desk Lamp,marketplace,47,42.0,1,42.0,24.0
2026-07-18,North,SKU-101,Aurora Desk Lamp,retail,24,42.0,0,0.0,24.0
2026-07-18,North,SKU-102,Nimbus Bottle,web,164,28.0,4,112.0,11.0
2026-07-18,North,SKU-102,Nimbus Bottle,marketplace,82,28.0,2,56.0,11.0
2026-07-18,North,SKU-102,Nimbus Bottle,retail,43,28.0,1,28.0,11.0
2026-07-18,North,SKU-103,Halo Phone Stand,web,192,19.0,11,209.0,7.5
2026-07-18,North,SKU-103,Halo Phone Stand,marketplace,110,19.0,4,76.0,7.5
2026-07-18,North,SKU-103,Halo Phone Stand,retail,52,19.0,1,19.0,7.5
2026-07-18,North,SKU-104,Drift Yoga Mat,web,43,55.0,3,165.0,26.0
2026-07-18,North,SKU-104,Drift Yoga Mat,marketplace,20,55.0,2,110.0,26.0
2026-07-18,North,SKU-104,Drift Yoga Mat,retail,11,55.0,1,55.0,26.0
2026-07-18,North,SKU-NEW-01,Lumen Smart Mug,web,8,65.0,0,0.0,34.0
2026-07-18,North,SKU-NEW-01,Lumen Smart Mug,marketplace,4,65.0,0,0.0,34.0
2026-07-18,North,SKU-NEW-01,Lumen Smart Mug,retail,2,65.0,0,0.0,34.0
2026-07-18,South,SKU-101,Aurora Desk Lamp,web,78,42.0,1,42.0,24.0
2026-07-18,South,SKU-101,Aurora Desk Lamp,marketplace,42,42.0,1,42.0,24.0
2026-07-18,South,SKU-101,Aurora Desk Lamp,retail,20,42.0,0,0.0,24.0
2026-07-18,South,SKU-102,Nimbus Bottle,web,134,28.0,8,224.0,11.0
2026-07-18,South,SKU-102,Nimbus Bottle,marketplace,73,28.0,3,84.0,11.0
2026-07-18,South,SKU-102,Nimbus Bottle,retail,37,28.0,1,28.0,11.0
2026-07-18,South,SKU-103,Halo Phone Stand,web,174,19.0,8,152.0,7.5
2026-07-18,South,SKU-103,Halo Phone Stand,marketplace,92,19.0,5,95.0,7.5
2026-07-18,South,SKU-103,Halo Phone Stand,retail,47,19.0,3,57.0,7.5
2026-07-18,South,SKU-104,Drift Yoga Mat,web,36,55.0,4,220.0,26.0
2026-07-18,South,SKU-104,Drift Yoga Mat,marketplace,18,55.0,0,0.0,26.0
2026-07-18,South,SKU-104,Drift Yoga Mat,retail,9,55.0,0,0.0,26.0
2026-07-18,South,SKU-NEW-01,Lumen Smart Mug,web,7,65.0,0,0.0,34.0
2026-07-18,South,SKU-NEW-01,Lumen Smart Mug,marketplace,3,65.0,0,0.0,34.0
2026-07-18,South,SKU-NEW-01,Lumen Smart Mug,retail,1,65.0,0,0.0,34.0
2026-07-18,West,SKU-101,Aurora Desk Lamp,web,69,42.0,2,84.0,24.0
2026-07-18,West,SKU-101,Aurora Desk Lamp,marketplace,33,42.0,0,0.0,24.0
2026-07-18,West,SKU-101,Aurora Desk Lamp,retail,16,42.0,0,0.0,24.0
2026-07-18,West,SKU-102,Nimbus Bottle,web,110,28.0,5,140.0,11.0
2026-07-18,West,SKU-102,Nimbus Bottle,marketplace,62,28.0,2,56.0,11.0
2026-07-18,West,SKU-102,Nimbus Bottle,retail,28,28.0,1,28.0,11.0
2026-07-18,West,SKU-103,Halo Phone Stand,web,131,19.0,3,57.0,7.5
2026-07-18,West,SKU-103,Halo Phone Stand,marketplace,78,19.0,2,38.0,7.5
2026-07-18,West,SKU-103,Halo Phone Stand,retail,38,19.0,1,19.0,7.5
2026-07-18,West,SKU-104,Drift Yoga Mat,web,31,55.0,3,165.0,26.0
2026-07-18,West,SKU-104,Drift Yoga Mat,marketplace,17,55.0,1,55.0,26.0
2026-07-18,West,SKU-104,Drift Yoga Mat,retail,8,55.0,0,0.0,26.0
2026-07-18,West,SKU-NEW-01,Lumen Smart Mug,web,7,65.0,0,0.0,34.0
2026-07-18,West,SKU-NEW-01,Lumen Smart Mug,marketplace,2,65.0,0,0.0,34.0
2026-07-18,West,SKU-NEW-01,Lumen Smart Mug,retail,1,65.0,0,0.0,34.0
2026-07-19,North,SKU-101,Aurora Desk Lamp,web,90,42.0,2,84.0,24.0
2026-07-19,North,SKU-101,Aurora Desk Lamp,marketplace,48,42.0,0,0.0,24.0
2026-07-19,North,SKU-101,Aurora Desk Lamp,retail,22,42.0,0,0.0,24.0
2026-07-19,North,SKU-102,Nimbus Bottle,web,154,28.0,7,196.0,11.0
2026-07-19,North,SKU-102,Nimbus Bottle,marketplace,79,28.0,3,84.0,11.0
2026-07-19,North,SKU-102,Nimbus Bottle,retail,39,28.0,2,56.0,11.0
2026-07-19,North,SKU-103,Halo Phone Stand,web,186,19.0,7,133.0,7.5
2026-07-19,North,SKU-103,Halo Phone Stand,marketplace,104,19.0,6,114.0,7.5
2026-07-19,North,SKU-103,Halo Phone Stand,retail,50,19.0,1,19.0,7.5
2026-07-19,North,SKU-104,Drift Yoga Mat,web,42,55.0,3,165.0,26.0
2026-07-19,North,SKU-104,Drift Yoga Mat,marketplace,20,55.0,1,55.0,26.0
2026-07-19,North,SKU-104,Drift Yoga Mat,retail,10,55.0,1,55.0,26.0
2026-07-19,North,SKU-NEW-01,Lumen Smart Mug,web,9,65.0,0,0.0,34.0
2026-07-19,North,SKU-NEW-01,Lumen Smart Mug,marketplace,4,65.0,0,0.0,34.0
2026-07-19,North,SKU-NEW-01,Lumen Smart Mug,retail,2,65.0,0,0.0,34.0
2026-07-19,South,SKU-101,Aurora Desk Lamp,web,72,42.0,2,84.0,24.0
2026-07-19,South,SKU-101,Aurora Desk Lamp,marketplace,47,42.0,1,42.0,24.0
2026-07-19,South,SKU-101,Aurora Desk Lamp,retail,21,42.0,0,0.0,24.0
2026-07-19,South,SKU-102,Nimbus Bottle,web,126,28.0,6,168.0,11.0
2026-07-19,South,SKU-102,Nimbus Bottle,marketplace,68,28.0,1,28.0,11.0
2026-07-19,South,SKU-102,Nimbus Bottle,retail,33,28.0,1,28.0,11.0
2026-07-19,South,SKU-103,Halo Phone Stand,web,159,19.0,10,190.0,7.5
2026-07-19,South,SKU-103,Halo Phone Stand,marketplace,84,19.0,1,19.0,7.5
2026-07-19,South,SKU-103,Halo Phone Stand,retail,42,19.0,1,19.0,7.5
2026-07-19,South,SKU-104,Drift Yoga Mat,web,35,55.0,5,275.0,26.0
2026-07-19,South,SKU-104,Drift Yoga Mat,marketplace,19,55.0,2,110.0,26.0
2026-07-19,South,SKU-104,Drift Yoga Mat,retail,9,55.0,0,0.0,26.0
2026-07-19,South,SKU-NEW-01,Lumen Smart Mug,web,8,65.0,0,0.0,34.0
2026-07-19,South,SKU-NEW-01,Lumen Smart Mug,marketplace,3,65.0,0,0.0,34.0
2026-07-19,South,SKU-NEW-01,Lumen Smart Mug,retail,1,65.0,0,0.0,34.0
2026-07-19,West,SKU-101,Aurora Desk Lamp,web,56,42.0,4,168.0,24.0
2026-07-19,West,SKU-101,Aurora Desk Lamp,marketplace,31,42.0,3,126.0,24.0
2026-07-19,West,SKU-101,Aurora Desk Lamp,retail,16,42.0,0,0.0,24.0
2026-07-19,West,SKU-102,Nimbus Bottle,web,96,28.0,6,168.0,11.0
2026-07-19,West,SKU-102,Nimbus Bottle,marketplace,52,28.0,2,56.0,11.0
2026-07-19,West,SKU-102,Nimbus Bottle,retail,27,28.0,1,28.0,11.0
2026-07-19,West,SKU-103,Halo Phone Stand,web,126,19.0,14,266.0,7.5
2026-07-19,West,SKU-103,Halo Phone Stand,marketplace,67,19.0,7,133.0,7.5
2026-07-19,West,SKU-103,Halo Phone Stand,retail,28,19.0,2,38.0,7.5
2026-07-19,West,SKU-104,Drift Yoga Mat,web,27,55.0,3,165.0,26.0
2026-07-19,West,SKU-104,Drift Yoga Mat,marketplace,12,55.0,1,55.0,26.0
2026-07-19,West,SKU-104,Drift Yoga Mat,retail,7,55.0,0,0.0,26.0
2026-07-19,West,SKU-NEW-01,Lumen Smart Mug,web,6,65.0,0,0.0,34.0
2026-07-19,West,SKU-NEW-01,Lumen Smart Mug,marketplace,1,65.0,0,0.0,34.0
2026-07-19,West,SKU-NEW-01,Lumen Smart Mug,retail,0,65.0,0,0.0,34.0
2026-07-20,North,SKU-101,Aurora Desk Lamp,web,64,42.0,2,84.0,24.0
2026-07-20,North,SKU-101,Aurora Desk Lamp,marketplace,35,42.0,0,0.0,24.0
2026-07-20,North,SKU-101,Aurora Desk Lamp,retail,17,42.0,0,0.0,24.0
2026-07-20,North,SKU-102,Nimbus Bottle,web,112,28.0,6,168.0,11.0
2026-07-20,North,SKU-102,Nimbus Bottle,marketplace,60,28.0,2,56.0,11.0
2026-07-20,North,SKU-102,Nimbus Bottle,retail,28,28.0,1,28.0,11.0
2026-07-20,North,SKU-103,Halo Phone Stand,web,135,19.0,5,95.0,7.5
2026-07-20,North,SKU-103,Halo Phone Stand,marketplace,71,19.0,2,38.0,7.5
2026-07-20,North,SKU-103,Halo Phone Stand,retail,37,19.0,1,19.0,7.5
2026-07-20,North,SKU-104,Drift Yoga Mat,web,30,55.0,2,110.0,26.0
2026-07-20,North,SKU-104,Drift Yoga Mat,marketplace,16,55.0,1,55.0,26.0
2026-07-20,North,SKU-104,Drift Yoga Mat,retail,7,55.0,0,0.0,26.0
2026-07-20,North,SKU-NEW-01,Lumen Smart Mug,web,7,65.0,0,0.0,34.0
2026-07-20,North,SKU-NEW-01,Lumen Smart Mug,marketplace,3,65.0,0,0.0,34.0
2026-07-20,North,SKU-NEW-01,Lumen Smart Mug,retail,1,65.0,0,0.0,34.0
2026-07-20,South,SKU-101,Aurora Desk Lamp,web,53,45.36,1,45.36,24.0
2026-07-20,South,SKU-101,Aurora Desk Lamp,marketplace,32,45.36,1,45.36,24.0
2026-07-20,South,SKU-101,Aurora Desk Lamp,retail,15,45.36,0,0.0,24.0
2026-07-20,South,SKU-102,Nimbus Bottle,web,93,30.24,4,120.96,11.0
2026-07-20,South,SKU-102,Nimbus Bottle,marketplace,46,30.24,1,30.24,11.0
2026-07-20,South,SKU-102,Nimbus Bottle,retail,25,30.24,1,30.24,11.0
2026-07-20,South,SKU-103,Halo Phone Stand,web,123,19.0,7,133.0,7.5
2026-07-20,South,SKU-103,Halo Phone Stand,marketplace,55,19.0,3,57.0,7.5
2026-07-20,South,SKU-103,Halo Phone Stand,retail,31,19.0,1,19.0,7.5
2026-07-20,South,SKU-104,Drift Yoga Mat,web,27,55.0,1,55.0,26.0
2026-07-20,South,SKU-104,Drift Yoga Mat,marketplace,13,55.0,1,55.0,26.0
2026-07-20,South,SKU-104,Drift Yoga Mat,retail,6,55.0,0,0.0,26.0
2026-07-20,South,SKU-NEW-01,Lumen Smart Mug,web,6,65.0,0,0.0,34.0
2026-07-20,South,SKU-NEW-01,Lumen Smart Mug,marketplace,2,65.0,0,0.0,34.0
2026-07-20,South,SKU-NEW-01,Lumen Smart Mug,retail,1,65.0,0,0.0,34.0
2026-07-20,West,SKU-101,Aurora Desk Lamp,web,40,42.0,3,126.0,24.0
2026-07-20,West,SKU-101,Aurora Desk Lamp,marketplace,22,42.0,1,42.0,24.0
2026-07-20,West,SKU-101,Aurora Desk Lamp,retail,11,42.0,0,0.0,24.0
2026-07-20,West,SKU-102,Nimbus Bottle,web,72,28.0,4,112.0,11.0
2026-07-20,West,SKU-102,Nimbus Bottle,marketplace,38,28.0,4,112.0,11.0
2026-07-20,West,SKU-102,Nimbus Bottle,retail,18,28.0,1,28.0,11.0
2026-07-20,West,SKU-103,Halo Phone Stand,web,92,19.0,8,152.0,7.5
2026-07-20,West,SKU-103,Halo Phone Stand,marketplace,47,19.0,3,57.0,7.5
2026-07-20,West,SKU-103,Halo Phone Stand,retail,23,19.0,2,38.0,7.5
2026-07-20,West,SKU-104,Drift Yoga Mat,web,20,55.0,2,110.0,26.0
2026-07-20,West,SKU-104,Drift Yoga Mat,marketplace,9,55.0,1,55.0,26.0
2026-07-20,West,SKU-104,Drift Yoga Mat,retail,4,55.0,0,0.0,26.0
2026-07-20,West,SKU-NEW-01,Lumen Smart Mug,web,4,65.0,0,0.0,34.0
2026-07-20,West,SKU-NEW-01,Lumen Smart Mug,marketplace,1,65.0,0,0.0,34.0
2026-07-20,West,SKU-NEW-01,Lumen Smart Mug,retail,0,65.0,0,0.0,34.0
2026-07-21,North,SKU-101,Aurora Desk Lamp,web,64,42.0,2,84.0,24.0
2026-07-21,North,SKU-101,Aurora Desk Lamp,marketplace,32,42.0,1,42.0,24.0
2026-07-21,North,SKU-101,Aurora Desk Lamp,retail,16,42.0,0,0.0,24.0
2026-07-21,North,SKU-102,Nimbus Bottle,web,109,28.0,5,140.0,11.0
2026-07-21,North,SKU-102,Nimbus Bottle,marketplace,57,28.0,1,28.0,11.0
2026-07-21,North,SKU-102,Nimbus Bottle,retail,30,28.0,1,28.0,11.0
2026-07-21,North,SKU-103,Halo Phone Stand,web,132,19.0,7,133.0,7.5
2026-07-21,North,SKU-103,Halo Phone Stand,marketplace,76,19.0,5,95.0,7.5
2026-07-21,North,SKU-103,Halo Phone Stand,retail,36,19.0,1,19.0,7.5
2026-07-21,North,SKU-104,Drift Yoga Mat,web,29,55.0,3,165.0,26.0
2026-07-21,North,SKU-104,Drift Yoga Mat,marketplace,15,55.0,1,55.0,26.0
2026-07-21,North,SKU-104,Drift Yoga Mat,retail,8,55.0,0,0.0,26.0
2026-07-21,North,SKU-NEW-01,Lumen Smart Mug,web,8,65.0,0,0.0,34.0
2026-07-21,North,SKU-NEW-01,Lumen Smart Mug,marketplace,3,65.0,0,0.0,34.0
2026-07-21,North,SKU-NEW-01,Lumen Smart Mug,retail,1,65.0,0,0.0,34.0
2026-07-21,South,SKU-101,Aurora Desk Lamp,web,55,45.36,1,45.36,24.0
2026-07-21,South,SKU-101,Aurora Desk Lamp,marketplace,27,45.36,0,0.0,24.0
2026-07-21,South,SKU-101,Aurora Desk Lamp,retail,13,45.36,0,0.0,24.0
2026-07-21,South,SKU-102,Nimbus Bottle,web,90,30.24,3,90.72,11.0
2026-07-21,South,SKU-102,Nimbus Bottle,marketplace,45,30.24,2,60.48,11.0
2026-07-21,South,SKU-102,Nimbus Bottle,retail,22,30.24,0,0.0,11.0
2026-07-21,South,SKU-103,Halo Phone Stand,web,117,19.0,5,95.0,7.5
2026-07-21,South,SKU-103,Halo Phone Stand,marketplace,63,19.0,2,38.0,7.5
2026-07-21,South,SKU-103,Halo Phone Stand,retail,29,19.0,1,19.0,7.5
2026-07-21,South,SKU-104,Drift Yoga Mat,web,26,55.0,2,110.0,26.0
2026-07-21,South,SKU-104,Drift Yoga Mat,marketplace,12,55.0,1,55.0,26.0
2026-07-21,South,SKU-104,Drift Yoga Mat,retail,6,55.0,0,0.0,26.0
2026-07-21,South,SKU-NEW-01,Lumen Smart Mug,web,6,65.0,0,0.0,34.0
2026-07-21,South,SKU-NEW-01,Lumen Smart Mug,marketplace,3,65.0,0,0.0,34.0
2026-07-21,South,SKU-NEW-01,Lumen Smart Mug,retail,1,65.0,0,0.0,34.0
2026-07-21,West,SKU-101,Aurora Desk Lamp,web,41,42.0,3,126.0,24.0
2026-07-21,West,SKU-101,Aurora Desk Lamp,marketplace,19,42.0,1,42.0,24.0
2026-07-21,West,SKU-101,Aurora Desk Lamp,retail,9,42.0,0,0.0,24.0
2026-07-21,West,SKU-102,Nimbus Bottle,web,69,28.0,4,112.0,11.0
2026-07-21,West,SKU-102,Nimbus Bottle,marketplace,37,28.0,2,56.0,11.0
2026-07-21,West,SKU-102,Nimbus Bottle,retail,18,28.0,1,28.0,11.0
2026-07-21,West,SKU-103,Halo Phone Stand,web,85,19.0,8,152.0,7.5
2026-07-21,West,SKU-103,Halo Phone Stand,marketplace,50,19.0,4,76.0,7.5
2026-07-21,West,SKU-103,Halo Phone Stand,retail,22,19.0,2,38.0,7.5
2026-07-21,West,SKU-104,Drift Yoga Mat,web,20,55.0,2,110.0,26.0
2026-07-21,West,SKU-104,Drift Yoga Mat,marketplace,9,55.0,1,55.0,26.0
2026-07-21,West,SKU-104,Drift Yoga Mat,retail,4,55.0,0,0.0,26.0
2026-07-21,West,SKU-NEW-01,Lumen Smart Mug,web,4,65.0,0,0.0,34.0
2026-07-21,West,SKU-NEW-01,Lumen Smart Mug,marketplace,1,65.0,0,0.0,34.0
2026-07-21,West,SKU-NEW-01,Lumen Smart Mug,retail,0,65.0,0,0.0,34.0
2026-07-22,North,SKU-101,Aurora Desk Lamp,web,61,42.0,2,84.0,24.0
2026-07-22,North,SKU-101,Aurora Desk Lamp,marketplace,30,42.0,0,0.0,24.0
2026-07-22,North,SKU-101,Aurora Desk Lamp,retail,16,42.0,0,0.0,24.0
2026-07-22,North,SKU-102,Nimbus Bottle,web,106,28.0,3,84.0,11.0
2026-07-22,North,SKU-102,Nimbus Bottle,marketplace,60,28.0,3,84.0,11.0
2026-07-22,North,SKU-102,Nimbus Bottle,retail,27,28.0,1,28.0,11.0
2026-07-22,North,SKU-103,Halo Phone Stand,web,131,19.0,6,114.0,7.5
2026-07-22,North,SKU-103,Halo Phone Stand,marketplace,65,19.0,2,38.0,7.5
2026-07-22,North,SKU-103,Halo Phone Stand,retail,35,19.0,2,38.0,7.5
2026-07-22,North,SKU-104,Drift Yoga Mat,web,30,55.0,3,165.0,26.0
2026-07-22,North,SKU-104,Drift Yoga Mat,marketplace,15,55.0,1,55.0,26.0
2026-07-22,North,SKU-104,Drift Yoga Mat,retail,7,55.0,0,0.0,26.0
2026-07-22,North,SKU-NEW-01,Lumen Smart Mug,web,8,65.0,0,0.0,34.0
2026-07-22,North,SKU-NEW-01,Lumen Smart Mug,marketplace,3,65.0,0,0.0,34.0
2026-07-22,North,SKU-NEW-01,Lumen Smart Mug,retail,1,65.0,0,0.0,34.0
2026-07-22,South,SKU-101,Aurora Desk Lamp,web,54,45.36,2,90.72,24.0
2026-07-22,South,SKU-101,Aurora Desk Lamp,marketplace,28,45.36,0,0.0,24.0
2026-07-22,South,SKU-101,Aurora Desk Lamp,retail,15,45.36,0,0.0,24.0
2026-07-22,South,SKU-102,Nimbus Bottle,web,90,30.24,4,120.96,11.0
2026-07-22,South,SKU-102,Nimbus Bottle,marketplace,48,30.24,1,30.24,11.0
2026-07-22,South,SKU-102,Nimbus Bottle,retail,25,30.24,0,0.0,11.0
2026-07-22,South,SKU-103,Halo Phone Stand,web,117,19.0,4,76.0,7.5
2026-07-22,South,SKU-103,Halo Phone Stand,marketplace,61,19.0,2,38.0,7.5
2026-07-22,South,SKU-103,Halo Phone Stand,retail,33,19.0,1,19.0,7.5
2026-07-22,South,SKU-104,Drift Yoga Mat,web,24,55.0,2,110.0,26.0
2026-07-22,South,SKU-104,Drift Yoga Mat,marketplace,12,55.0,0,0.0,26.0
2026-07-22,South,SKU-104,Drift Yoga Mat,retail,6,55.0,0,0.0,26.0
2026-07-22,South,SKU-NEW-01,Lumen Smart Mug,web,6,65.0,0,0.0,34.0
2026-07-22,South,SKU-NEW-01,Lumen Smart Mug,marketplace,2,65.0,0,0.0,34.0
2026-07-22,South,SKU-NEW-01,Lumen Smart Mug,retail,1,65.0,0,0.0,34.0
2026-07-22,West,SKU-101,Aurora Desk Lamp,web,40,42.0,3,126.0,24.0
2026-07-22,West,SKU-101,Aurora Desk Lamp,marketplace,18,42.0,1,42.0,24.0
2026-07-22,West,SKU-101,Aurora Desk Lamp,retail,10,42.0,0,0.0,24.0
2026-07-22,West,SKU-102,Nimbus Bottle,web,65,28.0,6,168.0,11.0
2026-07-22,West,SKU-102,Nimbus Bottle,marketplace,37,28.0,3,84.0,11.0
2026-07-22,West,SKU-102,Nimbus Bottle,retail,18,28.0,1,28.0,11.0
2026-07-22,West,SKU-103,Halo Phone Stand,web,86,19.0,8,152.0,7.5
2026-07-22,West,SKU-103,Halo Phone Stand,marketplace,45,19.0,5,95.0,7.5
2026-07-22,West,SKU-103,Halo Phone Stand,retail,24,19.0,2,38.0,7.5
2026-07-22,West,SKU-104,Drift Yoga Mat,web,18,55.0,2,110.0,26.0
2026-07-22,West,SKU-104,Drift Yoga Mat,marketplace,9,55.0,1,55.0,26.0
2026-07-22,West,SKU-104,Drift Yoga Mat,retail,4,55.0,0,0.0,26.0
2026-07-22,West,SKU-NEW-01,Lumen Smart Mug,web,5,65.0,0,0.0,34.0
2026-07-22,West,SKU-NEW-01,Lumen Smart Mug,marketplace,1,65.0,0,0.0,34.0
2026-07-22,West,SKU-NEW-01,Lumen Smart Mug,retail,0,65.0,0,0.0,34.0
2026-07-23,North,SKU-101,Aurora Desk Lamp,web,63,42.0,1,42.0,24.0
2026-07-23,North,SKU-101,Aurora Desk Lamp,marketplace,37,42.0,1,42.0,24.0
2026-07-23,North,SKU-101,Aurora Desk Lamp,retail,17,42.0,0,0.0,24.0
2026-07-23,North,SKU-102,Nimbus Bottle,web,122,28.0,4,112.0,11.0
2026-07-23,North,SKU-102,Nimbus Bottle,marketplace,61,28.0,1,28.0,11.0
2026-07-23,North,SKU-102,Nimbus Bottle,retail,31,28.0,0,0.0,11.0
2026-07-23,North,SKU-103,Halo Phone Stand,web,155,19.0,8,152.0,7.5
2026-07-23,North,SKU-103,Halo Phone Stand,marketplace,85,19.0,3,57.0,7.5
2026-07-23,North,SKU-103,Halo Phone Stand,retail,40,19.0,1,19.0,7.5
2026-07-23,North,SKU-104,Drift Yoga Mat,web,32,55.0,3,165.0,26.0
2026-07-23,North,SKU-104,Drift Yoga Mat,marketplace,17,55.0,1,55.0,26.0
2026-07-23,North,SKU-104,Drift Yoga Mat,retail,8,55.0,0,0.0,26.0
2026-07-23,North,SKU-NEW-01,Lumen Smart Mug,web,9,65.0,0,0.0,34.0
2026-07-23,North,SKU-NEW-01,Lumen Smart Mug,marketplace,4,65.0,0,0.0,34.0
2026-07-23,North,SKU-NEW-01,Lumen Smart Mug,retail,1,65.0,0,0.0,34.0
2026-07-23,South,SKU-101,Aurora Desk Lamp,web,60,45.36,1,45.36,24.0
2026-07-23,South,SKU-101,Aurora Desk Lamp,marketplace,32,45.36,0,0.0,24.0
2026-07-23,South,SKU-101,Aurora Desk Lamp,retail,15,45.36,0,0.0,24.0
2026-07-23,South,SKU-102,Nimbus Bottle,web,104,30.24,4,120.96,11.0
2026-07-23,South,SKU-102,Nimbus Bottle,marketplace,52,30.24,1,30.24,11.0
2026-07-23,South,SKU-102,Nimbus Bottle,retail,27,30.24,1,30.24,11.0
2026-07-23,South,SKU-103,Halo Phone Stand,web,123,19.0,7,133.0,7.5
2026-07-23,South,SKU-103,Halo Phone Stand,marketplace,69,19.0,3,57.0,7.5
2026-07-23,South,SKU-103,Halo Phone Stand,retail,32,19.0,1,19.0,7.5
2026-07-23,South,SKU-104,Drift Yoga Mat,web,26,55.0,2,110.0,26.0
2026-07-23,South,SKU-104,Drift Yoga Mat,marketplace,15,55.0,1,55.0,26.0
2026-07-23,South,SKU-104,Drift Yoga Mat,retail,7,55.0,0,0.0,26.0
2026-07-23,South,SKU-NEW-01,Lumen Smart Mug,web,7,65.0,0,0.0,34.0
2026-07-23,South,SKU-NEW-01,Lumen Smart Mug,marketplace,3,65.0,0,0.0,34.0
2026-07-23,South,SKU-NEW-01,Lumen Smart Mug,retail,1,65.0,0,0.0,34.0
2026-07-23,West,SKU-101,Aurora Desk Lamp,web,44,42.0,4,168.0,24.0
2026-07-23,West,SKU-101,Aurora Desk Lamp,marketplace,22,42.0,2,84.0,24.0
2026-07-23,West,SKU-101,Aurora Desk Lamp,retail,10,42.0,0,0.0,24.0
2026-07-23,West,SKU-102,Nimbus Bottle,web,74,28.0,7,196.0,11.0
2026-07-23,West,SKU-102,Nimbus Bottle,marketplace,40,28.0,4,112.0,11.0
2026-07-23,West,SKU-102,Nimbus Bottle,retail,18,28.0,1,28.0,11.0
2026-07-23,West,SKU-103,Halo Phone Stand,web,91,19.0,8,152.0,7.5
2026-07-23,West,SKU-103,Halo Phone Stand,marketplace,53,19.0,2,38.0,7.5
2026-07-23,West,SKU-103,Halo Phone Stand,retail,25,19.0,2,38.0,7.5
2026-07-23,West,SKU-104,Drift Yoga Mat,web,21,55.0,2,110.0,26.0
2026-07-23,West,SKU-104,Drift Yoga Mat,marketplace,9,55.0,1,55.0,26.0
2026-07-23,West,SKU-104,Drift Yoga Mat,retail,5,55.0,0,0.0,26.0
2026-07-23,West,SKU-NEW-01,Lumen Smart Mug,web,6,65.0,0,0.0,34.0
2026-07-23,West,SKU-NEW-01,Lumen Smart Mug,marketplace,1,65.0,0,0.0,34.0
2026-07-23,West,SKU-NEW-01,Lumen Smart Mug,retail,0,65.0,0,0.0,34.0
2026-07-24,North,SKU-101,Aurora Desk Lamp,web,77,42.0,2,84.0,24.0
2026-07-24,North,SKU-101,Aurora Desk Lamp,marketplace,43,42.0,1,42.0,24.0
2026-07-24,North,SKU-101,Aurora Desk Lamp,retail,23,42.0,0,0.0,24.0
2026-07-24,North,SKU-102,Nimbus Bottle,web,128,28.0,5,140.0,11.0
2026-07-24,North,SKU-102,Nimbus Bottle,marketplace,76,28.0,3,84.0,11.0
2026-07-24,North,SKU-102,Nimbus Bottle,retail,35,28.0,1,28.0,11.0
2026-07-24,North,SKU-103,Halo Phone Stand,web,170,19.0,8,152.0,7.5
2026-07-24,North,SKU-103,Halo Phone Stand,marketplace,89,19.0,5,95.0,7.5
2026-07-24,North,SKU-103,Halo Phone Stand,retail,46,19.0,1,19.0,7.5
2026-07-24,North,SKU-104,Drift Yoga Mat,web,35,55.0,1,55.0,26.0
2026-07-24,North,SKU-104,Drift Yoga Mat,marketplace,19,55.0,2,110.0,26.0
2026-07-24,North,SKU-104,Drift Yoga Mat,retail,9,55.0,0,0.0,26.0
2026-07-24,North,SKU-NEW-01,Lumen Smart Mug,web,11,65.0,0,0.0,34.0
2026-07-24,North,SKU-NEW-01,Lumen Smart Mug,marketplace,4,65.0,0,0.0,34.0
2026-07-24,North,SKU-NEW-01,Lumen Smart Mug,retail,2,65.0,0,0.0,34.0
2026-07-24,South,SKU-101,Aurora Desk Lamp,web,64,45.36,1,45.36,24.0
2026-07-24,South,SKU-101,Aurora Desk Lamp,marketplace,31,45.36,1,45.36,24.0
2026-07-24,South,SKU-101,Aurora Desk Lamp,retail,18,45.36,0,0.0,24.0
2026-07-24,South,SKU-102,Nimbus Bottle,web,120,30.24,6,181.44,11.0
2026-07-24,South,SKU-102,Nimbus Bottle,marketplace,57,30.24,1,30.24,11.0
2026-07-24,South,SKU-102,Nimbus Bottle,retail,28,30.24,1,30.24,11.0
2026-07-24,South,SKU-103,Halo Phone Stand,web,152,19.0,1,19.0,7.5
2026-07-24,South,SKU-103,Halo Phone Stand,marketplace,77,19.0,2,38.0,7.5
2026-07-24,South,SKU-103,Halo Phone Stand,retail,36,19.0,1,19.0,7.5
2026-07-24,South,SKU-104,Drift Yoga Mat,web,32,55.0,2,110.0,26.0
2026-07-24,South,SKU-104,Drift Yoga Mat,marketplace,18,55.0,1,55.0,26.0
2026-07-24,South,SKU-104,Drift Yoga Mat,retail,8,55.0,0,0.0,26.0
2026-07-24,South,SKU-NEW-01,Lumen Smart Mug,web,9,65.0,0,0.0,34.0
2026-07-24,South,SKU-NEW-01,Lumen Smart Mug,marketplace,4,65.0,0,0.0,34.0
2026-07-24,South,SKU-NEW-01,Lumen Smart Mug,retail,1,65.0,0,0.0,34.0
2026-07-24,West,SKU-101,Aurora Desk Lamp,web,48,42.0,3,126.0,24.0
2026-07-24,West,SKU-101,Aurora Desk Lamp,marketplace,26,42.0,2,84.0,24.0
2026-07-24,West,SKU-101,Aurora Desk Lamp,retail,14,42.0,0,0.0,24.0
2026-07-24,West,SKU-102,Nimbus Bottle,web,84,28.0,6,168.0,11.0
2026-07-24,West,SKU-102,Nimbus Bottle,marketplace,51,28.0,4,112.0,11.0
2026-07-24,West,SKU-102,Nimbus Bottle,retail,24,28.0,1,28.0,11.0
2026-07-24,West,SKU-103,Halo Phone Stand,web,103,19.0,5,95.0,7.5
2026-07-24,West,SKU-103,Halo Phone Stand,marketplace,60,19.0,3,57.0,7.5
2026-07-24,West,SKU-103,Halo Phone Stand,retail,28,19.0,1,19.0,7.5
2026-07-24,West,SKU-104,Drift Yoga Mat,web,24,55.0,4,220.0,26.0
2026-07-24,West,SKU-104,Drift Yoga Mat,marketplace,11,55.0,1,55.0,26.0
2026-07-24,West,SKU-104,Drift Yoga Mat,retail,6,55.0,0,0.0,26.0
2026-07-24,West,SKU-NEW-01,Lumen Smart Mug,web,7,65.0,0,0.0,34.0
2026-07-24,West,SKU-NEW-01,Lumen Smart Mug,marketplace,2,65.0,0,0.0,34.0
2026-07-24,West,SKU-NEW-01,Lumen Smart Mug,retail,0,65.0,0,0.0,34.0
2026-07-25,North,SKU-101,Aurora Desk Lamp,web,91,42.0,2,84.0,24.0
2026-07-25,North,SKU-101,Aurora Desk Lamp,marketplace,49,42.0,1,42.0,24.0
2026-07-25,North,SKU-101,Aurora Desk Lamp,retail,27,42.0,0,0.0,24.0
2026-07-25,North,SKU-102,Nimbus Bottle,web,146,28.0,5,140.0,11.0
2026-07-25,North,SKU-102,Nimbus Bottle,marketplace,86,28.0,2,56.0,11.0
2026-07-25,North,SKU-102,Nimbus Bottle,retail,40,28.0,2,56.0,11.0
2026-07-25,North,SKU-103,Halo Phone Stand,web,205,19.0,10,190.0,7.5
2026-07-25,North,SKU-103,Halo Phone Stand,marketplace,111,19.0,5,95.0,7.5
2026-07-25,North,SKU-103,Halo Phone Stand,retail,57,19.0,2,38.0,7.5
2026-07-25,North,SKU-104,Drift Yoga Mat,web,43,55.0,2,110.0,26.0
2026-07-25,North,SKU-104,Drift Yoga Mat,marketplace,23,55.0,3,165.0,26.0
2026-07-25,North,SKU-104,Drift Yoga Mat,retail,11,55.0,0,0.0,26.0
2026-07-25,North,SKU-NEW-01,Lumen Smart Mug,web,12,65.0,0,0.0,34.0
2026-07-25,North,SKU-NEW-01,Lumen Smart Mug,marketplace,6,65.0,0,0.0,34.0
2026-07-25,North,SKU-NEW-01,Lumen Smart Mug,retail,3,65.0,0,0.0,34.0
2026-07-25,South,SKU-101,Aurora Desk Lamp,web,75,45.36,3,136.08,24.0
2026-07-25,South,SKU-101,Aurora Desk Lamp,marketplace,39,45.36,1,45.36,24.0
2026-07-25,South,SKU-101,Aurora Desk Lamp,retail,20,45.36,0,0.0,24.0
2026-07-25,South,SKU-102,Nimbus Bottle,web,129,30.24,6,181.44,11.0
2026-07-25,South,SKU-102,Nimbus Bottle,marketplace,71,30.24,3,90.72,11.0
2026-07-25,South,SKU-102,Nimbus Bottle,retail,35,30.24,1,30.24,11.0
2026-07-25,South,SKU-103,Halo Phone Stand,web,180,19.0,9,171.0,7.5
2026-07-25,South,SKU-103,Halo Phone Stand,marketplace,91,19.0,3,57.0,7.5
2026-07-25,South,SKU-103,Halo Phone Stand,retail,46,19.0,2,38.0,7.5
2026-07-25,South,SKU-104,Drift Yoga Mat,web,36,55.0,1,55.0,26.0
2026-07-25,South,SKU-104,Drift Yoga Mat,marketplace,18,55.0,1,55.0,26.0
2026-07-25,South,SKU-104,Drift Yoga Mat,retail,9,55.0,0,0.0,26.0
2026-07-25,South,SKU-NEW-01,Lumen Smart Mug,web,10,65.0,0,0.0,34.0
2026-07-25,South,SKU-NEW-01,Lumen Smart Mug,marketplace,5,65.0,0,0.0,34.0
2026-07-25,South,SKU-NEW-01,Lumen Smart Mug,retail,2,65.0,0,0.0,34.0
2026-07-25,West,SKU-101,Aurora Desk Lamp,web,61,42.0,4,168.0,24.0
2026-07-25,West,SKU-101,Aurora Desk Lamp,marketplace,31,42.0,1,42.0,24.0
2026-07-25,West,SKU-101,Aurora Desk Lamp,retail,15,42.0,0,0.0,24.0
2026-07-25,West,SKU-102,Nimbus Bottle,web,96,28.0,4,112.0,11.0
2026-07-25,West,SKU-102,Nimbus Bottle,marketplace,56,28.0,3,84.0,11.0
2026-07-25,West,SKU-102,Nimbus Bottle,retail,28,28.0,2,56.0,11.0
2026-07-25,West,SKU-103,Halo Phone Stand,web,126,19.0,16,304.0,7.5
2026-07-25,West,SKU-103,Halo Phone Stand,marketplace,67,19.0,9,171.0,7.5
2026-07-25,West,SKU-103,Halo Phone Stand,retail,36,19.0,3,57.0,7.5
2026-07-25,West,SKU-104,Drift Yoga Mat,web,29,55.0,2,110.0,26.0
2026-07-25,West,SKU-104,Drift Yoga Mat,marketplace,14,55.0,1,55.0,26.0
2026-07-25,West,SKU-104,Drift Yoga Mat,retail,7,55.0,0,0.0,26.0
2026-07-25,West,SKU-NEW-01,Lumen Smart Mug,web,8,65.0,0,0.0,34.0
2026-07-25,West,SKU-NEW-01,Lumen Smart Mug,marketplace,3,65.0,0,0.0,34.0
2026-07-25,West,SKU-NEW-01,Lumen Smart Mug,retail,1,65.0,0,0.0,34.0
2026-07-26,North,SKU-101,Aurora Desk Lamp,web,90,42.0,2,84.0,24.0
2026-07-26,North,SKU-101,Aurora Desk Lamp,marketplace,46,42.0,1,42.0,24.0
2026-07-26,North,SKU-101,Aurora Desk Lamp,retail,22,42.0,0,0.0,24.0
2026-07-26,North,SKU-102,Nimbus Bottle,web,142,28.0,6,168.0,11.0
2026-07-26,North,SKU-102,Nimbus Bottle,marketplace,83,28.0,4,112.0,11.0
2026-07-26,North,SKU-102,Nimbus Bottle,retail,42,28.0,1,28.0,11.0
2026-07-26,North,SKU-103,Halo Phone Stand,web,197,19.0,5,95.0,7.5
2026-07-26,North,SKU-103,Halo Phone Stand,marketplace,109,19.0,7,133.0,7.5
2026-07-26,North,SKU-103,Halo Phone Stand,retail,52,19.0,3,57.0,7.5
2026-07-26,North,SKU-104,Drift Yoga Mat,web,43,55.0,4,220.0,26.0
2026-07-26,North,SKU-104,Drift Yoga Mat,marketplace,21,55.0,3,165.0,26.0
2026-07-26,North,SKU-104,Drift Yoga Mat,retail,10,55.0,0,0.0,26.0
2026-07-26,North,SKU-NEW-01,Lumen Smart Mug,web,12,65.0,0,0.0,34.0
2026-07-26,North,SKU-NEW-01,Lumen Smart Mug,marketplace,6,65.0,0,0.0,34.0
2026-07-26,North,SKU-NEW-01,Lumen Smart Mug,retail,3,65.0,0,0.0,34.0
2026-07-26,South,SKU-101,Aurora Desk Lamp,web,71,45.36,2,90.72,24.0
2026-07-26,South,SKU-101,Aurora Desk Lamp,marketplace,42,45.36,1,45.36,24.0
2026-07-26,South,SKU-101,Aurora Desk Lamp,retail,21,45.36,0,0.0,24.0
2026-07-26,South,SKU-102,Nimbus Bottle,web,123,30.24,5,151.2,11.0
2026-07-26,South,SKU-102,Nimbus Bottle,marketplace,65,30.24,2,60.48,11.0
2026-07-26,South,SKU-102,Nimbus Bottle,retail,33,30.24,1,30.24,11.0
2026-07-26,South,SKU-103,Halo Phone Stand,web,171,19.0,10,190.0,7.5
2026-07-26,South,SKU-103,Halo Phone Stand,marketplace,84,19.0,1,19.0,7.5
2026-07-26,South,SKU-103,Halo Phone Stand,retail,44,19.0,2,38.0,7.5
2026-07-26,South,SKU-104,Drift Yoga Mat,web,36,55.0,3,165.0,26.0
2026-07-26,South,SKU-104,Drift Yoga Mat,marketplace,20,55.0,1,55.0,26.0
2026-07-26,South,SKU-104,Drift Yoga Mat,retail,9,55.0,0,0.0,26.0
2026-07-26,South,SKU-NEW-01,Lumen Smart Mug,web,10,65.0,0,0.0,34.0
2026-07-26,South,SKU-NEW-01,Lumen Smart Mug,marketplace,5,65.0,0,0.0,34.0
2026-07-26,South,SKU-NEW-01,Lumen Smart Mug,retail,2,65.0,0,0.0,34.0
2026-07-26,West,SKU-101,Aurora Desk Lamp,web,54,42.0,5,210.0,24.0
2026-07-26,West,SKU-101,Aurora Desk Lamp,marketplace,33,42.0,1,42.0,24.0
2026-07-26,West,SKU-101,Aurora Desk Lamp,retail,14,42.0,0,0.0,24.0
2026-07-26,West,SKU-102,Nimbus Bottle,web,96,28.0,6,168.0,11.0
2026-07-26,West,SKU-102,Nimbus Bottle,marketplace,50,28.0,3,84.0,11.0
2026-07-26,West,SKU-102,Nimbus Bottle,retail,22,28.0,1,28.0,11.0
2026-07-26,West,SKU-103,Halo Phone Stand,web,122,19.0,13,247.0,7.5
2026-07-26,West,SKU-103,Halo Phone Stand,marketplace,66,19.0,4,76.0,7.5
2026-07-26,West,SKU-103,Halo Phone Stand,retail,29,19.0,3,57.0,7.5
2026-07-26,West,SKU-104,Drift Yoga Mat,web,27,55.0,3,165.0,26.0
2026-07-26,West,SKU-104,Drift Yoga Mat,marketplace,13,55.0,0,0.0,26.0
2026-07-26,West,SKU-104,Drift Yoga Mat,retail,7,55.0,1,55.0,26.0
2026-07-26,West,SKU-NEW-01,Lumen Smart Mug,web,8,65.0,0,0.0,34.0
2026-07-26,West,SKU-NEW-01,Lumen Smart Mug,marketplace,4,65.0,0,0.0,34.0
2026-07-26,West,SKU-NEW-01,Lumen Smart Mug,retail,1,65.0,0,0.0,34.0
2026-07-27,North,SKU-101,Aurora Desk Lamp,web,66,42.0,1,42.0,24.0
2026-07-27,North,SKU-101,Aurora Desk Lamp,marketplace,34,42.0,0,0.0,24.0
2026-07-27,North,SKU-101,Aurora Desk Lamp,retail,16,42.0,0,0.0,24.0
2026-07-27,North,SKU-102,Nimbus Bottle,web,105,28.0,3,84.0,11.0
2026-07-27,North,SKU-102,Nimbus Bottle,marketplace,60,28.0,2,56.0,11.0
2026-07-27,North,SKU-102,Nimbus Bottle,retail,30,28.0,1,28.0,11.0
2026-07-27,North,SKU-103,Halo Phone Stand,web,136,19.0,4,76.0,7.5
2026-07-27,North,SKU-103,Halo Phone Stand,marketplace,74,19.0,3,57.0,7.5
2026-07-27,North,SKU-103,Halo Phone Stand,retail,40,19.0,2,38.0,7.5
2026-07-27,North,SKU-104,Drift Yoga Mat,web,30,55.0,1,55.0,26.0
2026-07-27,North,SKU-104,Drift Yoga Mat,marketplace,16,55.0,1,55.0,26.0
2026-07-27,North,SKU-104,Drift Yoga Mat,retail,7,55.0,0,0.0,26.0
2026-07-27,North,SKU-NEW-01,Lumen Smart Mug,web,10,65.0,0,0.0,34.0
2026-07-27,North,SKU-NEW-01,Lumen Smart Mug,marketplace,4,65.0,0,0.0,34.0
2026-07-27,North,SKU-NEW-01,Lumen Smart Mug,retail,2,65.0,0,0.0,34.0
2026-07-27,South,SKU-101,Aurora Desk Lamp,web,54,45.36,2,90.72,24.0
2026-07-27,South,SKU-101,Aurora Desk Lamp,marketplace,28,45.36,0,0.0,24.0
2026-07-27,South,SKU-101,Aurora Desk Lamp,retail,14,45.36,0,0.0,24.0
2026-07-27,South,SKU-102,Nimbus Bottle,web,91,30.24,4,120.96,11.0
2026-07-27,South,SKU-102,Nimbus Bottle,marketplace,51,30.24,2,60.48,11.0
2026-07-27,South,SKU-102,Nimbus Bottle,retail,23,30.24,0,0.0,11.0
2026-07-27,South,SKU-103,Halo Phone Stand,web,122,19.0,5,95.0,7.5
2026-07-27,South,SKU-103,Halo Phone Stand,marketplace,68,19.0,4,76.0,7.5
2026-07-27,South,SKU-103,Halo Phone Stand,retail,30,19.0,1,19.0,7.5
2026-07-27,South,SKU-104,Drift Yoga Mat,web,27,55.0,1,55.0,26.0
2026-07-27,South,SKU-104,Drift Yoga Mat,marketplace,15,55.0,1,55.0,26.0
2026-07-27,South,SKU-104,Drift Yoga Mat,retail,6,55.0,0,0.0,26.0
2026-07-27,South,SKU-NEW-01,Lumen Smart Mug,web,8,65.0,0,0.0,34.0
2026-07-27,South,SKU-NEW-01,Lumen Smart Mug,marketplace,3,65.0,0,0.0,34.0
2026-07-27,South,SKU-NEW-01,Lumen Smart Mug,retail,2,65.0,0,0.0,34.0
2026-07-27,West,SKU-101,Aurora Desk Lamp,web,42,42.0,2,84.0,24.0
2026-07-27,West,SKU-101,Aurora Desk Lamp,marketplace,21,42.0,1,42.0,24.0
2026-07-27,West,SKU-101,Aurora Desk Lamp,retail,10,42.0,0,0.0,24.0
2026-07-27,West,SKU-102,Nimbus Bottle,web,72,28.0,7,196.0,11.0
2026-07-27,West,SKU-102,Nimbus Bottle,marketplace,37,28.0,3,84.0,11.0
2026-07-27,West,SKU-102,Nimbus Bottle,retail,18,28.0,1,28.0,11.0
2026-07-27,West,SKU-103,Halo Phone Stand,web,96,19.0,8,152.0,7.5
2026-07-27,West,SKU-103,Halo Phone Stand,marketplace,48,19.0,5,95.0,7.5
2026-07-27,West,SKU-103,Halo Phone Stand,retail,23,19.0,2,38.0,7.5
2026-07-27,West,SKU-104,Drift Yoga Mat,web,21,55.0,2,110.0,26.0
2026-07-27,West,SKU-104,Drift Yoga Mat,marketplace,9,55.0,1,55.0,26.0
2026-07-27,West,SKU-104,Drift Yoga Mat,retail,4,55.0,0,0.0,26.0
2026-07-27,West,SKU-NEW-01,Lumen Smart Mug,web,7,65.0,0,0.0,34.0
2026-07-27,West,SKU-NEW-01,Lumen Smart Mug,marketplace,2,65.0,0,0.0,34.0
2026-07-27,West,SKU-NEW-01,Lumen Smart Mug,retail,0,65.0,0,0.0,34.0
2026-07-28,North,SKU-101,Aurora Desk Lamp,web,62,42.0,1,42.0,24.0
2026-07-28,North,SKU-101,Aurora Desk Lamp,marketplace,33,42.0,1,42.0,24.0
2026-07-28,North,SKU-101,Aurora Desk Lamp,retail,17,42.0,0,0.0,24.0
2026-07-28,North,SKU-102,Nimbus Bottle,web,110,28.0,3,84.0,11.0
2026-07-28,North,SKU-102,Nimbus Bottle,marketplace,55,28.0,1,28.0,11.0
2026-07-28,North,SKU-102,Nimbus Bottle,retail,29,28.0,1,28.0,11.0
2026-07-28,North,SKU-103,Halo Phone Stand,web,136,19.0,8,152.0,7.5
2026-07-28,North,SKU-103,Halo Phone Stand,marketplace,72,19.0,5,95.0,7.5
2026-07-28,North,SKU-103,Halo Phone Stand,retail,38,19.0,2,38.0,7.5
2026-07-28,North,SKU-104,Drift Yoga Mat,web,29,55.0,1,55.0,26.0
2026-07-28,North,SKU-104,Drift Yoga Mat,marketplace,15,55.0,1,55.0,26.0
2026-07-28,North,SKU-104,Drift Yoga Mat,retail,8,55.0,0,0.0,26.0
2026-07-28,North,SKU-NEW-01,Lumen Smart Mug,web,10,65.0,0,0.0,34.0
2026-07-28,North,SKU-NEW-01,Lumen Smart Mug,marketplace,4,65.0,0,0.0,34.0
2026-07-28,North,SKU-NEW-01,Lumen Smart Mug,retail,2,65.0,0,0.0,34.0
2026-07-28,South,SKU-101,Aurora Desk Lamp,web,51,45.36,1,45.36,24.0
2026-07-28,South,SKU-101,Aurora Desk Lamp,marketplace,27,45.36,0,0.0,24.0
2026-07-28,South,SKU-101,Aurora Desk Lamp,retail,14,45.36,0,0.0,24.0
2026-07-28,South,SKU-102,Nimbus Bottle,web,90,30.24,2,60.48,11.0
2026-07-28,South,SKU-102,Nimbus Bottle,marketplace,49,30.24,1,30.24,11.0
2026-07-28,South,SKU-102,Nimbus Bottle,retail,24,30.24,0,0.0,11.0
2026-07-28,South,SKU-103,Halo Phone Stand,web,117,19.0,7,133.0,7.5
2026-07-28,South,SKU-103,Halo Phone Stand,marketplace,65,19.0,3,57.0,7.5
2026-07-28,South,SKU-103,Halo Phone Stand,retail,33,19.0,1,19.0,7.5
2026-07-28,South,SKU-104,Drift Yoga Mat,web,27,55.0,2,110.0,26.0
2026-07-28,South,SKU-104,Drift Yoga Mat,marketplace,13,55.0,1,55.0,26.0
2026-07-28,South,SKU-104,Drift Yoga Mat,retail,6,55.0,0,0.0,26.0
2026-07-28,South,SKU-NEW-01,Lumen Smart Mug,web,8,65.0,0,0.0,34.0
2026-07-28,South,SKU-NEW-01,Lumen Smart Mug,marketplace,3,65.0,0,0.0,34.0
2026-07-28,South,SKU-NEW-01,Lumen Smart Mug,retail,1,65.0,0,0.0,34.0
2026-07-28,West,SKU-101,Aurora Desk Lamp,web,39,42.0,2,84.0,24.0
2026-07-28,West,SKU-101,Aurora Desk Lamp,marketplace,20,42.0,1,42.0,24.0
2026-07-28,West,SKU-101,Aurora Desk Lamp,retail,9,42.0,0,0.0,24.0
2026-07-28,West,SKU-102,Nimbus Bottle,web,65,28.0,5,140.0,11.0
2026-07-28,West,SKU-102,Nimbus Bottle,marketplace,36,28.0,4,112.0,11.0
2026-07-28,West,SKU-102,Nimbus Bottle,retail,18,28.0,1,28.0,11.0
2026-07-28,West,SKU-103,Halo Phone Stand,web,86,19.0,4,76.0,7.5
2026-07-28,West,SKU-103,Halo Phone Stand,marketplace,50,19.0,4,76.0,7.5
2026-07-28,West,SKU-103,Halo Phone Stand,retail,23,19.0,1,19.0,7.5
2026-07-28,West,SKU-104,Drift Yoga Mat,web,19,55.0,2,110.0,26.0
2026-07-28,West,SKU-104,Drift Yoga Mat,marketplace,9,55.0,0,0.0,26.0
2026-07-28,West,SKU-104,Drift Yoga Mat,retail,4,55.0,0,0.0,26.0
2026-07-28,West,SKU-NEW-01,Lumen Smart Mug,web,6,65.0,0,0.0,34.0
2026-07-28,West,SKU-NEW-01,Lumen Smart Mug,marketplace,2,65.0,0,0.0,34.0
2026-07-28,West,SKU-NEW-01,Lumen Smart Mug,retail,0,65.0,0,0.0,34.0
2026-07-29,North,SKU-101,Aurora Desk Lamp,web,63,42.0,1,42.0,24.0
2026-07-29,North,SKU-101,Aurora Desk Lamp,marketplace,33,42.0,1,42.0,24.0
2026-07-29,North,SKU-101,Aurora Desk Lamp,retail,16,42.0,0,0.0,24.0
2026-07-29,North,SKU-102,Nimbus Bottle,web,102,28.0,4,112.0,11.0
2026-07-29,North,SKU-102,Nimbus Bottle,marketplace,56,28.0,1,28.0,11.0
2026-07-29,North,SKU-102,Nimbus Bottle,retail,25,28.0,1,28.0,11.0
2026-07-29,North,SKU-103,Halo Phone Stand,web,133,19.0,5,95.0,7.5
2026-07-29,North,SKU-103,Halo Phone Stand,marketplace,71,19.0,2,38.0,7.5
2026-07-29,North,SKU-103,Halo Phone Stand,retail,34,19.0,2,38.0,7.5
2026-07-29,North,SKU-104,Drift Yoga Mat,web,29,55.0,2,110.0,26.0
2026-07-29,North,SKU-104,Drift Yoga Mat,marketplace,15,55.0,1,55.0,26.0
2026-07-29,North,SKU-104,Drift Yoga Mat,retail,8,55.0,0,0.0,26.0
2026-07-29,North,SKU-NEW-01,Lumen Smart Mug,web,10,65.0,0,0.0,34.0
2026-07-29,North,SKU-NEW-01,Lumen Smart Mug,marketplace,4,65.0,0,0.0,34.0
2026-07-29,North,SKU-NEW-01,Lumen Smart Mug,retail,2,65.0,0,0.0,34.0
2026-07-29,South,SKU-101,Aurora Desk Lamp,web,51,45.36,1,45.36,24.0
2026-07-29,South,SKU-101,Aurora Desk Lamp,marketplace,27,45.36,1,45.36,24.0
2026-07-29,South,SKU-101,Aurora Desk Lamp,retail,12,45.36,0,0.0,24.0
2026-07-29,South,SKU-102,Nimbus Bottle,web,93,30.24,4,120.96,11.0
2026-07-29,South,SKU-102,Nimbus Bottle,marketplace,45,30.24,1,30.24,11.0
2026-07-29,South,SKU-102,Nimbus Bottle,retail,24,30.24,0,0.0,11.0
2026-07-29,South,SKU-103,Halo Phone Stand,web,118,19.0,5,95.0,7.5
2026-07-29,South,SKU-103,Halo Phone Stand,marketplace,61,19.0,3,57.0,7.5
2026-07-29,South,SKU-103,Halo Phone Stand,retail,32,19.0,2,38.0,7.5
2026-07-29,South,SKU-104,Drift Yoga Mat,web,24,55.0,1,55.0,26.0
2026-07-29,South,SKU-104,Drift Yoga Mat,marketplace,12,55.0,1,55.0,26.0
2026-07-29,South,SKU-104,Drift Yoga Mat,retail,6,55.0,0,0.0,26.0
2026-07-29,South,SKU-NEW-01,Lumen Smart Mug,web,7,65.0,0,0.0,34.0
2026-07-29,South,SKU-NEW-01,Lumen Smart Mug,marketplace,3,65.0,0,0.0,34.0
2026-07-29,South,SKU-NEW-01,Lumen Smart Mug,retail,1,65.0,0,0.0,34.0
2026-07-29,West,SKU-101,Aurora Desk Lamp,web,39,42.0,4,168.0,24.0
2026-07-29,West,SKU-101,Aurora Desk Lamp,marketplace,22,42.0,1,42.0,24.0
2026-07-29,West,SKU-101,Aurora Desk Lamp,retail,9,42.0,0,0.0,24.0
2026-07-29,West,SKU-102,Nimbus Bottle,web,66,28.0,4,112.0,11.0
2026-07-29,West,SKU-102,Nimbus Bottle,marketplace,35,28.0,2,56.0,11.0
2026-07-29,West,SKU-102,Nimbus Bottle,retail,18,28.0,1,28.0,11.0
2026-07-29,West,SKU-103,Halo Phone Stand,web,85,19.0,9,171.0,7.5
2026-07-29,West,SKU-103,Halo Phone Stand,marketplace,43,19.0,3,57.0,7.5
2026-07-29,West,SKU-103,Halo Phone Stand,retail,22,19.0,1,19.0,7.5
2026-07-29,West,SKU-104,Drift Yoga Mat,web,20,55.0,2,110.0,26.0
2026-07-29,West,SKU-104,Drift Yoga Mat,marketplace,9,55.0,0,0.0,26.0
2026-07-29,West,SKU-104,Drift Yoga Mat,retail,4,55.0,0,0.0,26.0
2026-07-29,West,SKU-NEW-01,Lumen Smart Mug,web,6,65.0,0,0.0,34.0
2026-07-29,West,SKU-NEW-01,Lumen Smart Mug,marketplace,2,65.0,0,0.0,34.0
2026-07-29,West,SKU-NEW-01,Lumen Smart Mug,retail,0,65.0,0,0.0,34.0
